query_variant,mode,precision_at_k,hit_at_k,recall_at_k,mrr,ndcg_at_k,link_valid_rate,off_repo_rate
V3_TITLE_ONLY,WEB_SEARCH,0.09595959595959595,0.9595959595959596,0.9595959595959596,0.9595959595959596,0.9595959595959596,0.013468013468013467,0.03535353535353535
