title;study_title;id;date;date_recency;publication_year;type;subtype;portal_url;abstract;person;contributor;publisher;person_sort;institutions;time_collection;time_collection_years;countries_view;countries_collection;methodology_collection;universe;selection_method;rights;handle;doi;subject_area;topic;availability;primary_researchers_institution;topics_STW;topics_TheSoz;current_version;citation_string;source;links_project_report;links_research_data;availability_en;subject_area_en;topic_en;countries_view_en;countries_collection_en;methodology_collection_en;publisher_en;topics_STW_en;topics_TheSoz_en;source_en;selection_method_en;citation_string_en;methodology_collection_ddi_en;record_publication_date;data_source;index_source;link_count;gesis_own;fulltext;metadata_quality;remarks;other_titles;embargo_end;availability_later;links_methods_report;links_codebook;links_questionnaire;availability_later_en;study_publications;collection;funders;time_method;links_other_documents;links_technical_report;time_method_en;selection_method_ddi;version_table;version_table_en;selection_method_ddi_en;countries_collection_region;links_syntax;study_title_en;related_variables;references;reference_publication;pub_volume;pub_issue;pubReference;name_journal;thematic_collection;thematic_collection_en;study_number;primary_researchers_advisory_board_institution;countries_iso;countries_free;number_variables;number_units;category;study_group;version_number;version_date;access_class;access_description;access_description_en;group_description;group_number;vfdb;collection_date;license;origin_database;publication_date_time;title_en;abstract_en;countries_free_en;categories_en;no_data_links;external_links_en;group_description_en;collection_date_en;study_group_en;other_titles_en;group_image_file;analysis_unit;kind_data;methodology_collection_ddi;analysis_unit_en;kind_data_en;contributor_en;links_dataset;links_otherdocs;dataset_format;content_description;universe_en;remarks_en;content_description_en;variables_from_dataset;analysis_system
Eurobarometer 101.3 (2024);Eurobarometer 101.3 (2024);ZA8843;2025;2025;2025;research_data;dbk;https://dbk.gesis.org/dbksearch/SDESC2.asp?no=8843&db=D;"Themen: 1. Einstellungen zur EU (Standard EU- und Trendfragen): Beurteilung der gegenwärtigen Lage in den folgenden Bereichen: eigenes Land, nationale Wirtschaft, europäische Wirtschaft, persönliche berufliche Situation, finanzielle Situation des eigenen Haushalts, nationale Arbeitsmarktsituation, Bereitstellung öffentlicher Dienstleistungen im eigenen Land; Erwartungen für die nächsten zwölf Monate in Bezug auf: persönliches Leben im Allgemeinen, allgemeine Lage im eigenen Land, wirtschaftliche Lage im eigenen Land, finanzielle Situation des eigenen Haushalts, nationale Arbeitsmarktsituation, persönliche berufliche Situation, wirtschaftliche Lage in der EU; wichtigste Probleme im eigenen Land, persönlich und in der EU; Vertrauen in ausgewählte Institutionen: Medien, politische Parteien, nationales Rechtssystem, Polizei, Armee, regionale oder lokale Behörden, Gesundheits- und medizinisches Personal im eigenen Land, nationale Regierung, nationales Parlament, Europäische Union, Vereinte Nationen, NATO; Bedeutung der EU für die*den Befragte*n; auf die EU zutreffende Merkmale: modern, demokratisch, beschützend, effizient, zukunftsorientiert, fern, bürokratisch, in Krisenzeiten schnell reagierend, vereint; Einschätzung einer angenommenen EU-Mitgliedschaft des eigenen Landes als positiv; erwarteter Nutzen von einer angenommenen EU-Mitgliedschaft des eigenen Landes; Bewertung der vollständigen Anwendung der EU-Gesetze in der türkisch-zyprischen Gemeinschaft (TCC) als gute Sache; erwarteter Nutzen von einer vollständigen Anwendung der EU-Gesetze für die türkisch-zyprische Gemeinschaft (TCC); Bewertung der vollständigen Anwendung der EU-Gesetze im Kosovo als gute Sache; erwarteter Nutzen von einer vollständigen Anwendung der EU-Gesetze für den Kosovo; Kenntnis von und Vertrauen in ausgewählte Institutionen: Europäisches Parlament, Europäische Kommission, Europäische Zentralbank, Europäischer Rat; Zustimmung zu den folgenden Aussagen: Befragte*r versteht die Prozesse in der EU, bessere Entwicklung des eigenen Landes außerhalb der EU, höherer Anteil von Entscheidungen auf EU-Ebene; Optimismus bezüglich der Zukunft der EU; Zufriedenheit mit der Demokratie im eigenen Land und in der EU; Entwicklung der persönlichen Lebensqualität in den letzten zwölf Monaten.

2. Prioritäten der Europäer: Zustimmung zu den folgenden Aussagen: Berücksichtigung nationaler Interessen durch die EU, Anerkennung der Grundwerte der EU durch alle Mitgliedstaaten; Einstellung zu den folgenden Themen: gemeinsame Außenpolitik aller Mitgliedstaaten, gemeinsame Verteidigungs- und Sicherheitspolitik, gemeinsame Handelspolitik, gemeinsame Einwanderungspolitik, gemeinsame Energiepolitik, zusätzliche Erweiterung, Freizügigkeit für EU-Bürger, gemeinsame Gesundheitspolitik; Einstellung zu den folgenden Angelegenheiten: europäische Wirtschafts- und Währungsunion mit einer gemeinsamen Währung, digitaler Binnenmarkt innerhalb der EU, Zusicherung der Einhaltung höchster Standards in Bezug auf Klima, Umwelt und Arbeitsschutz bei der Aushandlung neuer Handelsabkommen durch die EU; Zustimmung zu den folgenden Aussagen: ausreichende Macht und Mittel seitens der EU zur Verteidigung ihrer wirtschaftlichen Interessen in der Welt, Nutzung öffentlicher Mittel zur Erhöhung der Investitionen im privaten Sektor auf EU-Ebene, EU sollte Partnerschaften mit Ländern außerhalb der EU zur Investition in nachhaltige Infrastrukturen und zur Verbindung von Menschen und Ländern weltweit aufbauen, EU ist ein Ort der Stabilität in einer unruhigen Welt, gerechte Besteuerung großer Technologieunternehmen in der EU; Einstellung zum Nutzen des EU-Aufbauplans ‘NextGenerationEU‘; bevorzugte Ziele innerhalb eines europäischen Grünen Deals: Einführung einer Steuer auf importierte Produkte aus Drittländern mit niedrigeren Klimaschutzstandards als die EU, Anstreben des Ziels der Null-Verschmutzung, Bekämpfung von Plastikmüll, Förderung der ´Kreislaufwirtschaft‘, Maßnahmen zur Erreichung der CO2-Neutralität der EU bis 2050, Unterstützung von EU-Landwirten zur Gewährleistung der Versorgung der Europäer mit bezahlbarer und sicherer Nahrung, Senkung des Energieverbrauchs, Entwicklung erneuerbarer Energien, Schutz der Biodiversität, Förderung der Verwendung wiederverwendbarer oder recycelbarer Verpackungen, Förderung der Energieeffizienz von Häusern und Gebäuden, Verbot des Verkaufs von Neufahrzeugen mit Benzin oder Diesel, sonstiges; Einstellung zu den folgenden Themen: gemeinsames Europäisches Asylsystem, Verstärkung der EU-Außengrenzen, europäische Grenz- und Küstenwachen; Gefühl gegenüber Einwanderern: aus anderen EU-Mitgliedstaaten, von außerhalb der EU; Zustimmung zu ausgewählten Aussagen: großer Beitrag von Einwanderern für das eigene Land, eigenes Land sollte Flüchtlingen helfen; präferierte Bereiche, in denen die EU in den nächsten fünf Jahren Maßnahmen ergreifen sollte; wichtigste Maßnahmen auf EU-Ebene zur Verbesserung des persönlichen Lebens innerhalb des nächsten Jahres; Krisen mit dem größten Einfluss auf den persönlichen Blick in die Zukunft; Einstellung zu den folgenden Aussagen über Desinformation: häufig zu finden, leicht als solche zu erkennen, Problem für die Demokratie im Allgemeinen.

3. Unionsbürgerschaft: Gefühl der Verbundenheit mit: der eigenen Stadt, dem eigenen Land, der Europäischen Union, Europa; Zustimmung zu den folgenden Aussagen: eigene Identifikation als Bürger der EU, Kenntnis der Rechte von EU-Bürgern, Wunsch nach mehr Informationen zu den Rechten von EU-Bürgern; eigene Identifikation als Bürger des eigenen Landes und / oder als EU-Bürger; positivste Errungenschaften der EU; wichtigste Faktoren zur Erzeugung eines Gefühls der Gemeinschaft unter den EU-Bürgern; Zustimmung zu ausgewählten Aussagen: viele Gemeinsamkeiten der Menschen im eigenen Land, viele Gemeinsamkeiten der Menschen in der EU, viele Gemeinsamkeiten der Menschen in den östlichen Nachbarländern der EU mit den Menschen in der EU; wichtigste persönliche Werte; die EU am besten repräsentierende Werte; Wissenstest zur EU: Anzahl der Mitgliedstaaten in der Eurozone, Direktwahl der Mitglieder des Europäischen Parlaments durch die Bürger der Mitgliedstaaten, Schweiz ist Mitglied der EU.

4. Antwort der EU auf den Krieg in der Ukraine: Zufriedenheit mit der Antwort auf die russische Invasion in der Ukraine durch: nationale Regierung, Europäische Union; Einstellung zu den folgenden Maßnahmen im Hinblick auf die russische Invasion in der Ukraine: Verhängung von Wirtschaftssanktionen gegen russische Regierung / russische Unternehmen / russische Bürger, Finanzierung von Kauf und Lieferung militärischer Ausrüstung für die Ukraine, Bereitstellung humanitärer Hilfe für die vom Krieg betroffenen Menschen, Aufnahme von Kriegsflüchtlingen in der EU, Bereitstellung finanzieller Unterstützung für die Ukraine, Gewährung des Kandidatenstatus‘ als potenzielles Mitglied der EU für die Ukraine; Einstellung zu ausgewählten Aussagen zum Krieg in der Ukraine: Invasion ist eine Gefahr für die Sicherheit der EU, Invasion ist eine Gefahr für die Sicherheit des eigenen Landes, EU verteidigt durch den Widerstand gegen die Invasion europäische Werte, Zusammenarbeit auf EU?Ebene sollte bei Verteidigungsfragen verstärkt werden, in der EU sollte mehr Geld für Verteidigung ausgegeben werden, Beschaffung militärischer Ausrüstung durch die Mitgliedstaaten sollte besser koordiniert werden, EU muss ihre Kapazitäten zur Produktion militärischer Ausrüstung stärken, EU sollte ihre Abhängigkeit von russischem Gas und Öl schnellstmöglich reduzieren, die EU sollte noch dringender in erneuerbare Energien investieren, langfristig können erneuerbare Energien den Preis für den Energieverbrauch begrenzen, Verbesserung der Energieeffizienz von Gebäuden und Verkehrsmitteln sowie Waren wird uns unabhängiger von Energieproduzenten außerhalb der EU machen, Verringerung von Öl? und Gasimporten sowie Investitionen in erneuerbare Energien sind für unsere allgemeine Sicherheit wichtig, EU-Mitgliedstaaten sollten aus Preisgründen gemeinsam Gas von anderen Ländern kaufen, (geplante) Maßnahmen zu Senkung des persönlichen Energieverbrauchs; Beurteilung der finanziellen Auswirkungen des Krieges in der Ukraine auf: persönliches Leben, nationale Wirtschaft.

Demographie: Alter; Staatsangehörigkeit; Lebenszufriedenheit; Zufriedenheit mit dem täglichen Leben; Häufigkeit von Diskussionen über nationale, europäische und lokale politische Angelegenheiten; Politikinteresse; allgemeine Richtung der Dinge im eigenen Land, in der EU, in den USA und im persönlichen Leben; Image der EU; eigene Stimme zählt im eigenen Land und in der EU (politischer Einfluss); Stimme der EU zählt in der Welt; Familienstand; Alter bei Beendigung der Ausbildung; höchster Bildungsabschluss; Geschlecht; Beruf; berufliche Stellung; Urbanisierungsgrad; Haushaltszusammensetzung und Haushaltsgröße; finanzielle Schwierigkeiten im letzten Jahr; Internetnutzung (zu Hause, am Arbeitsplatz, in der Schule etc.); Selbsteinstufung zur Arbeiterklasse, Mittelklasse oder der höheren Klasse der Gesellschaft; Links-Rechts-Selbsteinstufung.

Zusätzlich verkodet wurde: Befragten-ID; Land; Nationengruppe; Interviewdatum; Interviewdauer (Interviewbeginn und Interviewende); anwesende Personen während des Interviews; Kooperationsbereitschaft des Befragten; Ortsgröße; Interviewsprache; Region; Gewichtungsfaktor.";"[""European Commission, Brussels; Directorate General Communication, COMM.A.3 ‘Media Monitoring and Eurobarometer’""]";"[""European Commission, Brussels -  - ""]";GESIS;European Commission;"[""""]";2024-04-02 - 2024-05-09;;"[""Belgien (BE)"", ""Bulgarien (BG)"", ""Tschechische Republik (CZ)"", ""Dänemark (DK)"", ""Deutschland (DE)"", ""Estland (EE)"", ""Irland (IE)"", ""Griechenland (GR)"", ""Spanien (ES)"", ""Frankreich (FR)"", ""Italien (IT)"", ""Zypern (CY)"", ""Lettland (LV)"", ""Litauen (LT)"", ""Luxemburg (LU)"", ""Ungarn (HU)"", ""Malta (MT)"", ""Niederlande (NL)"", ""Österreich (AT)"", ""Polen (PL)"", ""Portugal (PT)"", ""Rumänien (RO)"", ""Slowenien (SI)"", ""Slowakei (SK)"", ""Finnland (FI)"", ""Schweden (SE)"", ""Kroatien (HR)"", ""Türkei (TR)"", ""Nord-Mazedonien (MK)"", ""Montenegro (ME)"", ""Serbien (RS)"", ""Albanien (AL)"", ""Bosnien und Herzegowina (BA)"", ""Moldau, Republik (MD)"", ""Georgien (GE)""]";"[""Belgien"", ""Bulgarien"", ""Tschechische Republik"", ""Dänemark"", ""Deutschland"", ""Estland"", ""Irland"", ""Griechenland"", ""Spanien"", ""Frankreich"", ""Italien"", ""Zypern"", ""Lettland"", ""Litauen"", ""Luxemburg"", ""Ungarn"", ""Malta"", ""Niederlande"", ""Österreich"", ""Polen"", ""Portugal"", ""Rumänien"", ""Slowenien"", ""Slowakei"", ""Finnland"", ""Schweden"", ""Kroatien"", ""Türkei"", ""Nord-Mazedonien"", ""Montenegro"", ""Serbien"", ""Albanien"", ""Bosnien und Herzegowina"", ""Moldau, Republik"", ""Georgien""]";"&bull;   Persönliches Interview : Computerunterstützte Befragung (CAPI/CAMI)
&bull;   Andere;
";;"&bull;   Wahrscheinlichkeitsauswahl: Geschichtete Zufallsauswahl
&bull;   Kombination aus Zufallsstichprobe und Nicht-Zufallsstichprobe;
";;;"[""doi:10.4232/1.14376""]";;;;;;;, 2025-03-24,  https://doi.org/doi:10.4232/1.14376;"European Commission, B. D. G. C.  (2025). Eurobarometer 101.3 (2024) (ZA8843; Version )  [Data set]. GESIS, Köln. https://doi.org/doi:10.4232/1.14376";"(ZA8843; Version )  [Data set]. GESIS, Köln. https://doi.org/doi:10.4232/1.14376";;;;;;"[""Belgium (BE)"", ""Bulgaria (BG)"", ""Czech Republic (CZ)"", ""Denmark (DK)"", ""Germany (DE)"", ""Estonia (EE)"", ""Ireland (IE)"", ""Greece (GR)"", ""Spain (ES)"", ""France (FR)"", ""Italy (IT)"", ""Cyprus (CY)"", ""Latvia (LV)"", ""Lithuania (LT)"", ""Luxembourg (LU)"", ""Hungary (HU)"", ""Malta (MT)"", ""Netherlands (NL)"", ""Austria (AT)"", ""Poland (PL)"", ""Portugal (PT)"", ""Romania (RO)"", ""Slovenia (SI)"", ""Slovakia (SK)"", ""Finland (FI)"", ""Sweden (SE)"", ""Croatia (HR)"", ""Turkey (TR)"", ""North Macedonia (MK)"", ""Montenegro (ME)"", ""Serbia (RS)"", ""Albania (AL)"", ""Bosnia and Herzegovina (BA)"", ""Moldova, Republic of (MD)"", ""Georgia (GE)""]";"[""Belgium"", ""Bulgaria"", ""Czech Republic"", ""Denmark"", ""Germany"", ""Estonia"", ""Ireland"", ""Greece"", ""Spain"", ""France"", ""Italy"", ""Cyprus"", ""Latvia"", ""Lithuania"", ""Luxembourg"", ""Hungary"", ""Malta"", ""Netherlands"", ""Austria"", ""Poland"", ""Portugal"", ""Romania"", ""Slovenia"", ""Slovakia"", ""Finland"", ""Sweden"", ""Croatia"", ""Turkey"", ""North Macedonia"", ""Montenegro"", ""Serbia"", ""Albania"", ""Bosnia and Herzegovina"", ""Moldova, Republic of"", ""Georgia""]";"&bull;   Face-to-face interview: Computer-assisted (CAPI/CAMI)
&bull;   Other;
";;;;"(ZA8843; Version ) [Data set]. GESIS, Cologne. https://doi.org/doi:10.4232/1.14376";"&bull;   Probability: Stratified
&bull;   Mixed probability and non-probability;
";"European Commission, B. D. G. C.  (2025). Eurobarometer 101.3 (2024) (ZA8843; Version ) [Data set]. GESIS, Cologne. https://doi.org/doi:10.4232/1.14376";"[""Face-to-face interview: Computer-assisted (CAPI/CAMI)"", ""Other""]";;GESIS-Datenarchiv;GESIS-DBK;0;1;1;10;;[];;;;;"[{""label"": ""ZA8843_bq.pdf  (Fragebogen) 563.88 KB"", ""label_en"": ""ZA8843_bq.pdf  (Questionnaire) 563.88 KB"", ""url"": ""https://access.gesis.org/dbk/78845"", ""secured"": ""false""}, {""label"": ""ZA8843_q_al.pdf  (Fragebogen) 367.45 KB"", ""label_en"": ""ZA8843_q_al.pdf  (Questionnaire) 367.45 KB"", ""url"": ""https://access.gesis.org/dbk/78846"", ""secured"": ""false""}, {""label"": ""ZA8843_q_at.pdf  (Fragebogen) 385.14 KB"", ""label_en"": ""ZA8843_q_at.pdf  (Questionnaire) 385.14 KB"", ""url"": ""https://access.gesis.org/dbk/78847"", ""secured"": ""false""}, {""label"": ""ZA8843_q_ba-bs.pdf  (Fragebogen) 370.57 KB"", ""label_en"": ""ZA8843_q_ba-bs.pdf  (Questionnaire) 370.57 KB"", ""url"": ""https://access.gesis.org/dbk/78848"", ""secured"": ""false""}, {""label"": ""ZA8843_q_ba-hr.pdf  (Fragebogen) 379.66 KB"", ""label_en"": ""ZA8843_q_ba-hr.pdf  (Questionnaire) 379.66 KB"", ""url"": ""https://access.gesis.org/dbk/78849"", ""secured"": ""false""}, {""label"": ""ZA8843_q_ba-sr.pdf  (Fragebogen) 375.09 KB"", ""label_en"": ""ZA8843_q_ba-sr.pdf  (Questionnaire) 375.09 KB"", ""url"": ""https://access.gesis.org/dbk/78850"", ""secured"": ""false""}, {""label"": ""ZA8843_q_be-fr.pdf  (Fragebogen) 388.19 KB"", ""label_en"": ""ZA8843_q_be-fr.pdf  (Questionnaire) 388.19 KB"", ""url"": ""https://access.gesis.org/dbk/78851"", ""secured"": ""false""}, {""label"": ""ZA8843_q_be-nl.pdf  (Fragebogen) 385.36 KB"", ""label_en"": ""ZA8843_q_be-nl.pdf  (Questionnaire) 385.36 KB"", ""url"": ""https://access.gesis.org/dbk/78852"", ""secured"": ""false""}, {""label"": ""ZA8843_q_bg.pdf  (Fragebogen) 401.53 KB"", ""label_en"": ""ZA8843_q_bg.pdf  (Questionnaire) 401.53 KB"", ""url"": ""https://access.gesis.org/dbk/78853"", ""secured"": ""false""}, {""label"": ""ZA8843_q_cy-gr.pdf  (Fragebogen) 410.21 KB"", ""label_en"": ""ZA8843_q_cy-gr.pdf  (Questionnaire) 410.21 KB"", ""url"": ""https://access.gesis.org/dbk/78854"", ""secured"": ""false""}, {""label"": ""ZA8843_q_cy-tr.pdf  (Fragebogen) 379.19 KB"", ""label_en"": ""ZA8843_q_cy-tr.pdf  (Questionnaire) 379.19 KB"", ""url"": ""https://access.gesis.org/dbk/78855"", ""secured"": ""false""}, {""label"": ""ZA8843_q_cz.pdf  (Fragebogen) 396.61 KB"", ""label_en"": ""ZA8843_q_cz.pdf  (Questionnaire) 396.61 KB"", ""url"": ""https://access.gesis.org/dbk/78856"", ""secured"": ""false""}, {""label"": ""ZA8843_q_de.pdf  (Fragebogen) 383.37 KB"", ""label_en"": ""ZA8843_q_de.pdf  (Questionnaire) 383.37 KB"", ""url"": ""https://access.gesis.org/dbk/78857"", ""secured"": ""false""}, {""label"": ""ZA8843_q_dk.pdf  (Fragebogen) 377.87 KB"", ""label_en"": ""ZA8843_q_dk.pdf  (Questionnaire) 377.87 KB"", ""url"": ""https://access.gesis.org/dbk/78858"", ""secured"": ""false""}, {""label"": ""ZA8843_q_ee-et.pdf  (Fragebogen) 381.79 KB"", ""label_en"": ""ZA8843_q_ee-et.pdf  (Questionnaire) 381.79 KB"", ""url"": ""https://access.gesis.org/dbk/78859"", ""secured"": ""false""}, {""label"": ""ZA8843_q_ee-ru.pdf  (Fragebogen) 410.16 KB"", ""label_en"": ""ZA8843_q_ee-ru.pdf  (Questionnaire) 410.16 KB"", ""url"": ""https://access.gesis.org/dbk/78860"", ""secured"": ""false""}, {""label"": ""ZA8843_q_es-ca.pdf  (Fragebogen) 379.66 KB"", ""label_en"": ""ZA8843_q_es-ca.pdf  (Questionnaire) 379.66 KB"", ""url"": ""https://access.gesis.org/dbk/78861"", ""secured"": ""false""}, {""label"": ""ZA8843_q_es-es.pdf  (Fragebogen) 383.78 KB"", ""label_en"": ""ZA8843_q_es-es.pdf  (Questionnaire) 383.78 KB"", ""url"": ""https://access.gesis.org/dbk/78862"", ""secured"": ""false""}, {""label"": ""ZA8843_q_fi-fi.pdf  (Fragebogen) 378.15 KB"", ""label_en"": ""ZA8843_q_fi-fi.pdf  (Questionnaire) 378.15 KB"", ""url"": ""https://access.gesis.org/dbk/78863"", ""secured"": ""false""}, {""label"": ""ZA8843_q_fi-sv.pdf  (Fragebogen) 381.09 KB"", ""label_en"": ""ZA8843_q_fi-sv.pdf  (Questionnaire) 381.09 KB"", ""url"": ""https://access.gesis.org/dbk/78864"", ""secured"": ""false""}, {""label"": ""ZA8843_q_fr.pdf  (Fragebogen) 387.72 KB"", ""label_en"": ""ZA8843_q_fr.pdf  (Questionnaire) 387.72 KB"", ""url"": ""https://access.gesis.org/dbk/78865"", ""secured"": ""false""}, {""label"": ""ZA8843_q_gb.pdf  (Fragebogen) 347.93 KB"", ""label_en"": ""ZA8843_q_gb.pdf  (Questionnaire) 347.93 KB"", ""url"": ""https://access.gesis.org/dbk/78866"", ""secured"": ""false""}, {""label"": ""ZA8843_q_ge-ge.pdf  (Fragebogen) 380.64 KB"", ""label_en"": ""ZA8843_q_ge-ge.pdf  (Questionnaire) 380.64 KB"", ""url"": ""https://access.gesis.org/dbk/78867"", ""secured"": ""false""}, {""label"": ""ZA8843_q_ge-ru.pdf  (Fragebogen) 391.27 KB"", ""label_en"": ""ZA8843_q_ge-ru.pdf  (Questionnaire) 391.27 KB"", ""url"": ""https://access.gesis.org/dbk/78868"", ""secured"": ""false""}, {""label"": ""ZA8843_q_gr.pdf  (Fragebogen) 411.28 KB"", ""label_en"": ""ZA8843_q_gr.pdf  (Questionnaire) 411.28 KB"", ""url"": ""https://access.gesis.org/dbk/78869"", ""secured"": ""false""}, {""label"": ""ZA8843_q_hr.pdf  (Fragebogen) 391.46 KB"", ""label_en"": ""ZA8843_q_hr.pdf  (Questionnaire) 391.46 KB"", ""url"": ""https://access.gesis.org/dbk/78870"", ""secured"": ""false""}, {""label"": ""ZA8843_q_hu.pdf  (Fragebogen) 390.92 KB"", ""label_en"": ""ZA8843_q_hu.pdf  (Questionnaire) 390.92 KB"", ""url"": ""https://access.gesis.org/dbk/78871"", ""secured"": ""false""}, {""label"": ""ZA8843_q_ie.pdf  (Fragebogen) 359.52 KB"", ""label_en"": ""ZA8843_q_ie.pdf  (Questionnaire) 359.52 KB"", ""url"": ""https://access.gesis.org/dbk/78872"", ""secured"": ""false""}, {""label"": ""ZA8843_q_it.pdf  (Fragebogen) 378.35 KB"", ""label_en"": ""ZA8843_q_it.pdf  (Questionnaire) 378.35 KB"", ""url"": ""https://access.gesis.org/dbk/78873"", ""secured"": ""false""}, {""label"": ""ZA8843_q_kos-sq.pdf  (Fragebogen) 371.32 KB"", ""label_en"": ""ZA8843_q_kos-sq.pdf  (Questionnaire) 371.32 KB"", ""url"": ""https://access.gesis.org/dbk/78874"", ""secured"": ""false""}, {""label"": ""ZA8843_q_kos-sr.pdf  (Fragebogen) 380.27 KB"", ""label_en"": ""ZA8843_q_kos-sr.pdf  (Questionnaire) 380.27 KB"", ""url"": ""https://access.gesis.org/dbk/78875"", ""secured"": ""false""}, {""label"": ""ZA8843_q_lt.pdf  (Fragebogen) 392.59 KB"", ""label_en"": ""ZA8843_q_lt.pdf  (Questionnaire) 392.59 KB"", ""url"": ""https://access.gesis.org/dbk/78876"", ""secured"": ""false""}, {""label"": ""ZA8843_q_lu-de.pdf  (Fragebogen) 391.63 KB"", ""label_en"": ""ZA8843_q_lu-de.pdf  (Questionnaire) 391.63 KB"", ""url"": ""https://access.gesis.org/dbk/78877"", ""secured"": ""false""}, {""label"": ""ZA8843_q_lu-fr.pdf  (Fragebogen) 390.06 KB"", ""label_en"": ""ZA8843_q_lu-fr.pdf  (Questionnaire) 390.06 KB"", ""url"": ""https://access.gesis.org/dbk/78878"", ""secured"": ""false""}, {""label"": ""ZA8843_q_lu-lu.pdf  (Fragebogen) 386.13 KB"", ""label_en"": ""ZA8843_q_lu-lu.pdf  (Questionnaire) 386.13 KB"", ""url"": ""https://access.gesis.org/dbk/78879"", ""secured"": ""false""}, {""label"": ""ZA8843_q_lv-lv.pdf  (Fragebogen) 392.37 KB"", ""label_en"": ""ZA8843_q_lv-lv.pdf  (Questionnaire) 392.37 KB"", ""url"": ""https://access.gesis.org/dbk/78880"", ""secured"": ""false""}, {""label"": ""ZA8843_q_lv-ru.pdf  (Fragebogen) 410.68 KB"", ""label_en"": ""ZA8843_q_lv-ru.pdf  (Questionnaire) 410.68 KB"", ""url"": ""https://access.gesis.org/dbk/78881"", ""secured"": ""false""}, {""label"": ""ZA8843_q_md-ro.pdf  (Fragebogen) 380.48 KB"", ""label_en"": ""ZA8843_q_md-ro.pdf  (Questionnaire) 380.48 KB"", ""url"": ""https://access.gesis.org/dbk/78882"", ""secured"": ""false""}, {""label"": ""ZA8843_q_md-ru.pdf  (Fragebogen) 394.34 KB"", ""label_en"": ""ZA8843_q_md-ru.pdf  (Questionnaire) 394.34 KB"", ""url"": ""https://access.gesis.org/dbk/78883"", ""secured"": ""false""}, {""label"": ""ZA8843_q_me.pdf  (Fragebogen) 370.98 KB"", ""label_en"": ""ZA8843_q_me.pdf  (Questionnaire) 370.98 KB"", ""url"": ""https://access.gesis.org/dbk/78884"", ""secured"": ""false""}, {""label"": ""ZA8843_q_mk-mk.pdf  (Fragebogen) 378.39 KB"", ""label_en"": ""ZA8843_q_mk-mk.pdf  (Questionnaire) 378.39 KB"", ""url"": ""https://access.gesis.org/dbk/78885"", ""secured"": ""false""}, {""label"": ""ZA8843_q_mk-sq.pdf  (Fragebogen) 365.82 KB"", ""label_en"": ""ZA8843_q_mk-sq.pdf  (Questionnaire) 365.82 KB"", ""url"": ""https://access.gesis.org/dbk/78886"", ""secured"": ""false""}, {""label"": ""ZA8843_q_mt-en.pdf  (Fragebogen) 356.37 KB"", ""label_en"": ""ZA8843_q_mt-en.pdf  (Questionnaire) 356.37 KB"", ""url"": ""https://access.gesis.org/dbk/78887"", ""secured"": ""false""}, {""label"": ""ZA8843_q_mt-mt.pdf  (Fragebogen) 391.7 KB"", ""label_en"": ""ZA8843_q_mt-mt.pdf  (Questionnaire) 391.7 KB"", ""url"": ""https://access.gesis.org/dbk/78888"", ""secured"": ""false""}, {""label"": ""ZA8843_q_nl.pdf  (Fragebogen) 385.08 KB"", ""label_en"": ""ZA8843_q_nl.pdf  (Questionnaire) 385.08 KB"", ""url"": ""https://access.gesis.org/dbk/78889"", ""secured"": ""false""}, {""label"": ""ZA8843_q_pl.pdf  (Fragebogen) 393.89 KB"", ""label_en"": ""ZA8843_q_pl.pdf  (Questionnaire) 393.89 KB"", ""url"": ""https://access.gesis.org/dbk/78890"", ""secured"": ""false""}, {""label"": ""ZA8843_q_pt.pdf  (Fragebogen) 381.66 KB"", ""label_en"": ""ZA8843_q_pt.pdf  (Questionnaire) 381.66 KB"", ""url"": ""https://access.gesis.org/dbk/78891"", ""secured"": ""false""}, {""label"": ""ZA8843_q_ro.pdf  (Fragebogen) 393.69 KB"", ""label_en"": ""ZA8843_q_ro.pdf  (Questionnaire) 393.69 KB"", ""url"": ""https://access.gesis.org/dbk/78892"", ""secured"": ""false""}, {""label"": ""ZA8843_q_rs.pdf  (Fragebogen) 369.56 KB"", ""label_en"": ""ZA8843_q_rs.pdf  (Questionnaire) 369.56 KB"", ""url"": ""https://access.gesis.org/dbk/78893"", ""secured"": ""false""}, {""label"": ""ZA8843_q_se.pdf  (Fragebogen) 378.3 KB"", ""label_en"": ""ZA8843_q_se.pdf  (Questionnaire) 378.3 KB"", ""url"": ""https://access.gesis.org/dbk/78894"", ""secured"": ""false""}, {""label"": ""ZA8843_q_si.pdf  (Fragebogen) 390.99 KB"", ""label_en"": ""ZA8843_q_si.pdf  (Questionnaire) 390.99 KB"", ""url"": ""https://access.gesis.org/dbk/78895"", ""secured"": ""false""}, {""label"": ""ZA8843_q_sk.pdf  (Fragebogen) 397.15 KB"", ""label_en"": ""ZA8843_q_sk.pdf  (Questionnaire) 397.15 KB"", ""url"": ""https://access.gesis.org/dbk/78896"", ""secured"": ""false""}, {""label"": ""ZA8843_q_tr-ku.pdf  (Fragebogen) 367.51 KB"", ""label_en"": ""ZA8843_q_tr-ku.pdf  (Questionnaire) 367.51 KB"", ""url"": ""https://access.gesis.org/dbk/78897"", ""secured"": ""false""}, {""label"": ""ZA8843_q_tr-tr.pdf  (Fragebogen) 376.97 KB"", ""label_en"": ""ZA8843_q_tr-tr.pdf  (Questionnaire) 376.97 KB"", ""url"": ""https://access.gesis.org/dbk/78898"", ""secured"": ""false""}]";;;;;"[""Querschnitt""]";;;"[""Cross-section""]";"[""Wahrscheinlichkeitsauswahl: Geschichtete Zufallsauswahl"", ""Kombination aus Zufallsstichprobe und Nicht-Zufallsstichprobe""]";"<table id=""version_table""><thead><tr><th>Versionsnummer</th><th>Datum, Name, DOI</th></tr></thead><tbody><tr><td></td><td>2025-03-24  (aktuelle Version) <a href=""https://doi.org/doi:10.4232/1.14376"">https://doi.org/doi:10.4232/1.14376</a></td></tr></tbody></table>";"<table id=""version_table""><thead><tr><th>Version number</th><th>Date, Name, DOI</th></tr></thead><tbody><tr><td></td><td>2025-03-24  (current version) <a href=""https://doi.org/doi:10.4232/1.14376"">https://doi.org/doi:10.4232/1.14376</a></td></tr><tbody></table>";"[""Probability: Stratified"", ""Mixed probability and non-probability""]";;;Eurobarometer 101.3 (2024);;;;;;;;;;ZA8843;"[""European Commission, Brussels; Directorate General Communication, COMM.A.3 ‘Media Monitoring and Eurobarometer’ - ""]";"[""BE"", ""BG"", ""CZ"", ""DK"", ""DE"", ""EE"", ""IE"", ""GR"", ""ES"", ""FR"", ""IT"", ""CY"", ""LV"", ""LT"", ""LU"", ""HU"", ""MT"", ""NL"", ""AT"", ""PL"", ""PT"", ""RO"", ""SI"", ""SK"", ""FI"", ""SE"", ""HR"", ""TR"", ""MK"", ""ME"", ""RS"", ""AL"", ""BA"", ""MD"", ""GE""]";[];0;36587;"[""""]";"[""andard and Special Eurobarometer""]";"[""""]";"[""2025-03-24""]";0;Daten und Dokumente sind für jedermann freigegeben.;Data and documents are released for everybody.;"[""Seit Anfang der siebziger Jahre erhebt die Europäische Kommission mit dem 'Standard and Special Eurobarometer' regelmäßig die öffentliche Meinung in den Mitgliedstaaten der Europäischen Union. Die Befragungen werden jeweils im Frühjahr und im Herbst auf der Grundlage neuer Stichproben mit einer Größe von 1000 Befragten pro Land persönlich durchgeführt. Für Nordirland und Ostdeutschland werden gesonderte Stichproben gezogen. Nach der EU-Erweiterung im Jahr 2004 werden auch die verbleibenden und die neuen Beitrittskandidaten regelmäßig in ausgewählte Umfragen einbezogen. Die Standard-Eurobarometer-Module fragen nach der Einstellung zur europäischen Einigung, zu den Institutionen und zur Politik, ergänzt durch Messungen zu allgemeinen soziopolitischen Orientierungen sowie zu den demografischen Merkmalen der Befragten und der Haushalte. In unregelmäßigen Abständen befassen sich spezielle Eurobarometer-Module ausführlich mit Themen wie Umwelt, Wissenschaft und Technologie, Gesundheit oder Familie, soziale oder ethnische Ausgrenzung, Lebensqualität usw. Die 'European Communities Studies' 1970-1973 können als Vorläuferstudien angesehen werden, ebenso wie die 'Attitudes towards Europe' von 1962.""]";"["" - S""]";N;"[""2024-04-02 - 2024-05-09, gesamt"", ""2024-04-03 - 2024-04-22, Belgien"", ""2024-04-03 - 2024-04-22, Bulgarien"", ""2024-04-03 - 2024-04-19, Tschechische Republik"", ""2024-04-05 - 2024-04-26, Dänemark"", ""2024-04-04 - 2024-04-29, Deutschland"", ""2024-04-04 - 2024-04-23, Estland"", ""2024-04-04 - 2024-04-24, Irland"", ""2024-04-03 - 2024-04-21, Griechenland"", ""2024-04-05 - 2024-04-22, Spanien"", ""2024-04-03 - 2024-04-23, Frankreich"", ""2024-04-03 - 2024-04-22, Kroatien"", ""2024-04-03 - 2024-04-17, Italien"", ""2024-04-03 - 2024-04-19, Zypern"", ""2024-04-04 - 2024-04-21, Lettland"", ""2024-04-03 - 2024-04-23, Litauen"", ""2024-04-02 - 2024-04-20, Luxemburg"", ""2024-04-03 - 2024-04-22, Ungarn"", ""2024-04-03 - 2024-04-24, Malta"", ""2024-04-05 - 2024-04-19, Niederlande"", ""2024-04-03 - 2024-04-22, Österreich"", ""2024-04-03 - 2024-04-21, Polen"", ""2024-04-04 - 2024-04-24, Portugal"", ""2024-04-02 - 2024-04-22, Rumänien"", ""2024-04-03 - 2024-04-21, Slowenien"", ""2024-04-03 - 2024-04-20, Slowakei"", ""2024-04-03 - 2024-04-23, Finnland"", ""2024-04-03 - 2024-04-22, Schweden"", ""2024-04-04 - 2024-04-26, Vereinigtes Königreich"", ""2024-04-21 - 2024-04-29, Türkisch-zyprische Gemeinschaft"", ""2024-04-16 - 2024-05-04, Türkei"", ""2024-04-04 - 2024-04-23, Nordmazedonien"", ""2024-04-06 - 2024-04-24, Montenegro"", ""2024-04-10 - 2024-04-26, Serbien"", ""2024-04-10 - 2024-04-29, Albanien"", ""2024-04-05 - 2024-04-25, Bosnien und Herzegowina"", ""2024-04-11 - 2024-05-09, Kosovo"", ""2024-04-05 - 2024-04-19, Moldawien"", ""2024-04-12 - 2024-04-24, Georgien""]";info:eu-repo/semantics/restrictedAccess;colectica;24.03.2025 01:00;Eurobarometer 101.3 (2024);"Topics: 1. Attitudes towards the EU (standard EU and trend questions): assessment of the current situation in the following areas: own country in general, national economy, European economy, personal job situation, financial situation of the own household, national employment situation, provision of public services in the own country; expectations for the next twelve months regarding: personal life in general, situation in the own country in general, national economic situation, financial situation of the own household, national employment situation, personal job situation, economic situation in the EU; most important problems in the own country, personally, and in the EU; trust in selected institutions: media, political parties, national legal system, police, army, regional or local public authorities, health and medical staff in the own country, national government, national parliament, European Union, United Nations, NATO; meaning of the EU to the respondent; most suitable attributes for describing the EU: modern, democratic, protective, efficient, forward-looking, remote, bureaucratic, reacting fast in times of crisis, united; assessment of the own country’s assumed membership in the EU as a good thing; expectations of benefit from an assumed membership of the own country; assessment of the full application of EU legislation for the Turkish Cypriot Community (TCC) as a good thing; expectations of benefit from the full application of EU legislation for the Turkish Cypriot Community (TCC); assessment of the full application of EU legislation for Kosovo as a good thing; expectations of benefit from the full application of EU legislation for Kosovo; knowledge of and trust in selected institutions: European Parliament, European Commission, European Central Bank, European Council; approval of the following statements: respondent understands how the EU works, better development of the own country outside the EU, more decisions to be taken at EU level; optimism about the future of the EU; satisfaction with democracy in the own country and in the EU; development of personal quality of life within the last twelve months.

2. Europeans’ priorities: approval of the following statements: recognition of the own country’s interests in the EU, respect of EU core values by all member states; attitude towards the following issues: common foreign policy of all member states, common defence and security policy, common trade policy, common migration policy, common energy policy, further enlargement, free movement of EU citizens, common health policy; attitude towards the following issues: European economic and monetary union with one single currency, digital single market within the EU, inclusion of highest climate, environmental and labour protection standards in new trade agreements concluded by the EU; approval of the following statements: EU has sufficient power and tools to defend its economic interests globally, public money should be used to stimulate private sector investment at EU level, EU should build partnerships with countries outside the EU to invest in sustainable infrastructure and connect people and countries around the world, EU is a place of stability in a troubled world, fair taxation of large technology companies in the EU; attitude towards the effectiveness of the EU recovery plan ‘NextGenerationEU‘; most important objectives in a European Green Deal: introduction of a tax on products imported from third countries with lower climate policy standards than the EU, move towards a zero pollution ambition, fight against plastic waste, promote ´Circular Economy´, measures to make the EU climate neutral by 2050, support EU farmers in order to provide Europeans with affordable and safe food, reduce energy consumption, develop renewable energy, protect biodiversity, promote use of reusable or recyclable packaging, promote energy efficiency of houses and buildings, ban the sale of new vehicles using petrol or diesel, other; attitude towards the following issues: common European Asylum system, reinforcement of EU external borders, European border and coast guards; feeling towards immigration of people from: other EU member states, outside the EU; approval of selected statements: immigrants contribute a lot to the own country, own country should help refugees; preferred areas the EU should take measures in in the next five years; most effective actions at EU level with regard to improving personal life in the next year; crises with highest impact on personal view on the future; attitude towards the following statements on disinformation: often to be found, easy to identify, is a problem for democracy in general.

3. European citizenship: feeling of attachment towards: own city, own country, European Union, Europe; approval of the following statements: feeling of being a citizen of the EU, knowledge of the rights of EU citizens, desire for more information on the rights of EU citizens; feeling of national and / or European identity; most positive results of the EU; most important factors for creating a feeling of community among EU citizens; approval of selected statements: people in the own country have a lot of things in common, people in the EU have a lot of things in common, people in the EU´s Eastern neighbourhood countries have a lot of things in common with people in the EU; most important personal values; values that best represent the EU; knowledge test on the EU: number of member states in the euro area, direct election of European Parliament members by the citizens of each member state, Switzerland is a member of the EU.

4. The EU’s response to the war in Ukraine: satisfaction with the response to the Russian invasion in Ukraine by: national government, European Union; attitude towards the following actions with regard to the Russian invasion in Ukraine: imposing economic sanctions on Russian government / companies / individuals, financing supply and delivery of military equipment to Ukraine, providing humanitarian support to the people affected by the war, welcoming in the EU refugees from Ukraine, providing financial support to Ukraine, granting candidate status as a potential member of the EU to Ukraine; attitude towards selected statements on the war in Ukraine: invasion is a threat to security of the EU, invasion is a threat to security of the own country, by standing against the invasion the EU is defending European values, co-operation in defence matters at EU level should be increased, more money should be spent on defence in the EU, member states´ purchase of military equipment should be better coordinated, EU needs to reinforce its capacity to produce military equipment, EU should reduce its dependency on Russian sources of energy as soon as possible, EU should invest massively in renewable energies, renewable energy can limit the price for energy consumption in the long run, increasing energy efficiency of buildings and transport and goods will make us less dependent from energy producers outside the EU, reducing imports of oil and gas and investing in renewable energy is important for our overall security, EU member states should jointly buy energy from other countries to get a better price, personally taken action to reduce own energy consumption or planning to do so; assessment of the financial consequences of the war in Ukraine on: personal life, national economy.

Demography: age; nationality; life satisfaction; satisfaction with daily life; frequency of discussions about political matters on national, European, and local level; political interest; general direction things are going in: own country, EU, USA, personal life; EU image; own voice counts in the own country and in the EU; EU’s voice counts in the world; marital status; age at end of education; highest completed level of full time education; sex; occupation; professional position; type of community; household composition and household size; financial difficulties during the last year; internet use (at home, at work, at school); self-reported belonging to the working class, the middle class or the upper class of society; left-right self-placement.

Additionally coded was: respondent ID; country; nation group; date of interview; time of the beginning of the interview; duration of the interview; number of persons present during the interview; respondent cooperation; size of locality; language of the interview; region; weighting factor.";[];"[""[]""]";;[];"[""Since the early nineteen seventies the European Commission´s “Standard and Special Eurobarometer” are regularly monitoring the public opinion in the European Union member countries at times. Interviews are conducted face-to-face, in each spring and each autumn, at all times based on new samples with a size 1000 respondents per country. Separate samples are drawn for Northern Ireland and East Germany. After the EU enlargement in 2004, remaining and new Candidate Countries are also regularly included in selected surveys. The Standard Eurobarometer modules ask for attitudes towards European unification, institutions and policies, complemented by measurements for general socio-political orientations, as well as by respondent and household demographics. Intermittently special Eurobarometer modules extensively address topics, such as environment, science and technology, health or family issues, social or ethnic exclusion, quality of life etc. The “European Communities Studies” 1970-1973 can be considered forerunner studies, as well the “Attitudes towards Europe” from 1962.""]";"[""2024-04-02 - 2024-05-09, total"", ""2024-04-03 - 2024-04-22, Belgium"", ""2024-04-03 - 2024-04-22, Bulgaria"", ""2024-04-03 - 2024-04-19, Czechia"", ""2024-04-05 - 2024-04-26, Denmark"", ""2024-04-04 - 2024-04-29, Germany"", ""2024-04-04 - 2024-04-23, Estonia"", ""2024-04-04 - 2024-04-24, Ireland"", ""2024-04-03 - 2024-04-21, Greece"", ""2024-04-05 - 2024-04-22, Spain"", ""2024-04-03 - 2024-04-23, France"", ""2024-04-03 - 2024-04-22, Croatia"", ""2024-04-03 - 2024-04-17, Italy"", ""2024-04-03 - 2024-04-19, Cyprus"", ""2024-04-04 - 2024-04-21, Latvia"", ""2024-04-03 - 2024-04-23, Lithuania"", ""2024-04-02 - 2024-04-20, Luxembourg"", ""2024-04-03 - 2024-04-22, Hungary"", ""2024-04-03 - 2024-04-24, Malta"", ""2024-04-05 - 2024-04-19, Netherlands"", ""2024-04-03 - 2024-04-22, Austria"", ""2024-04-03 - 2024-04-21, Poland"", ""2024-04-04 - 2024-04-24, Portugal"", ""2024-04-02 - 2024-04-22, Romania"", ""2024-04-03 - 2024-04-21, Slovenia"", ""2024-04-03 - 2024-04-20, Slovakia"", ""2024-04-03 - 2024-04-23, Finland"", ""2024-04-03 - 2024-04-22, Sweden"", ""2024-04-04 - 2024-04-26, United Kingdom"", ""2024-04-21 - 2024-04-29, Turkish Cypriot Community"", ""2024-04-16 - 2024-05-04, Türkiye"", ""2024-04-04 - 2024-04-23, North Macedonia"", ""2024-04-06 - 2024-04-24, Montenegro"", ""2024-04-10 - 2024-04-26, Serbia"", ""2024-04-10 - 2024-04-29, Albania"", ""2024-04-05 - 2024-04-25, Bosnia and Herzegovina"", ""2024-04-11 - 2024-05-09, Kosovo"", ""2024-04-05 - 2024-04-19, Moldova"", ""2024-04-12 - 2024-04-24, Georgia""]";"[""andard and Special Eurobarometer""]";[];"[""eb_logo.jpg""]";"[""Individuum""]";"[""Numerisch""]";"[""Persönliches Interview : Computerunterstützte Befragung (CAPI/CAMI)"", ""Andere""]";"[""Individual""]";"[""Numeric""]";"[""European Commission, Brussels -  - ""]";"[{""label"": ""ZA8843_v1-0-0.dta  (Datensatz) 27.71 MB"", ""label_en"": ""ZA8843_v1-0-0.dta  (Dataset) 27.71 MB"", ""url"": ""https://access.gesis.org/dbk/78900"", ""secured"": ""true"", ""format"": """", ""filesize"": ""29060000""}, {""label"": ""ZA8843_v1-0-0.sav  (Datensatz) 26.58 MB"", ""label_en"": ""ZA8843_v1-0-0.sav  (Dataset) 26.58 MB"", ""url"": ""https://access.gesis.org/dbk/78901"", ""secured"": ""true"", ""format"": """", ""filesize"": ""27870694""}]";"[{""label"": ""ZA8843_readme.pdf  (sonstiges) 184.93 KB"", ""label_en"": ""ZA8843_readme.pdf  (Other Document) 184.93 KB"", ""url"": ""https://access.gesis.org/dbk/78899"", ""secured"": ""false""}]";"["""", """"]";Seit den frühen 1970er Jahren beobachten die Standard & Spezial Eurobarometer der Europäischen Kommission regelmäßig die öffentliche Meinung in den Mitgliedsländern der Europäischen Union. Primärforscher sind die Generaldirektion Kommunikation und bei Spezialthemen weitere Direktionen sowie das Europäische Parlament. Im Laufe der Zeit wurden Kandidaten- und Beitrittsländer in die Standard Eurobarometer-Reihe aufgenommen. Ausgewählte Fragen oder Module können in einigen Samples nicht erhoben worden sein. Bitte ziehen Sie für weitere Informationen bezüglich Länderfilter oder anderer Filterführungen den Basisfragebogen heran. In dieser Studie beziehen sich alle Fragemodule auf den Standard Eurobarometer Kontext: 1. Standard EU- und Trendfragen, 2. Prioritäten der Europäer, 3. Unionsbürgerschaft, 4. Antwort der EU auf den Krieg in der Ukraine.;;;Since the early 1970s the European Commission´s Standard & Special Eurobarometer are regularly monitoring the public opinion in the European Union member countries. Principal investigators are the Directorate-General Communication and on occasion other departments of the European Commission or the European Parliament. Over time, candidate and accession countries were included in the Standard Eurobarometer Series. Selected questions or modules may not have been surveyed in each sample. Please consult the basic questionnaire for more information on country filter instructions or other questionnaire routing filters. In this study all question modules are in the standard Eurobarometer context: 1. Standard EU and trend questions, 2. Europeans’ priorities, 3. European citizenship, 4. The EU’s response to the war in Ukraine.;"[""ZA8843_v1-0-0.sav""]";
International Social Survey Programme: Environment IV - ISSP 2020;International Social Survey Programme: Environment IV - ISSP 2020;ZA7650;2023;2023;2023;research_data;dbk;https://dbk.gesis.org/dbksearch/SDESC2.asp?no=7650&db=D;"Wichtigstes und nächstwichtigstes Thema für das Land; Zustimmung zu verschiedenen Aussagen (privates Unternehmertum ist der beste Weg zur Lösung wirtschaftlicher Probleme, Verantwortung der Regierung für die Verringerung der Einkommensunterschiede zwischen Menschen mit hohem und niedrigem Einkommen, das eigene Land sollte die Einfuhr ausländischer Produkte begrenzen, um die nationale Wirtschaft zu schützen, das eigene Land sollte die Einwanderung begrenzen, um die nationale Lebensweise zu schützen, internationale Organisationen nehmen der Regierung zu viel Macht weg); höchste und nächsthöchste Priorität des Landes; Ausmaß des Vertrauens in die Menschen; Vertrauen in Institutionen (universitäre Forschungszentren, Medien, Wirtschaft und Industrie, Parlament); Ausmaß der persönlichen Sorge um Umweltfragen; wichtigstes Umweltproblem für das Land insgesamt (Luftverschmutzung, Chemikalien und Pestizide, Wasserknappheit, Wasserverschmutzung, Atommüll, Hausmüllentsorgung, Klimawandel, genetisch veränderte Lebensmittel, Verbrauch unserer natürlichen Ressourcen); Einstellung zum Klimawandel (das Weltklima hat sich nicht verändert, das Weltklima hat sich hauptsächlich aufgrund natürlicher Prozesse verändert, das Weltklima hat sich zu etwa gleichen Teilen aufgrund natürlicher Prozesse und menschlicher Aktivitäten verändert, das Weltklima hat sich hauptsächlich aufgrund menschlicher Aktivitäten verändert); Bewertung der Auswirkungen des Klimawandels für die Welt insgesamt und für das Land; Zustimmung zu verschiedenen Aussagen (die moderne Wissenschaft wird unsere Umweltprobleme lösen, ohne dass sich unsere Lebensweise ändert, wir machen uns zu viele Sorgen um die Zukunft der Umwelt und nicht genug um die heutigen Preise und Arbeitsplätze, fast alles, was wir im modernen Leben tun, schadet der Umwelt, die Menschen machen sich zu viele Sorgen, dass der menschliche Fortschritt der Umwelt schadet, um die Umwelt zu schützen, braucht das Land Wirtschaftswachstum, Wirtschaftswachstum schadet immer der Umwelt); Bereitschaft, viel höhere Preise und viel höhere Steuern zu zahlen sowie Einschnitte im Lebensstandard hinzunehmen, um die Umwelt zu schützen; Bereitschaft, eine Verkleinerung der Naturschutzgebiete des Landes zu akzeptieren, um sie für die wirtschaftliche Entwicklung zu öffnen; Einstellung zur Umwelt und zum Umweltschutz (Es ist einfach zu schwierig für jemanden wie mich, viel für die Umwelt zu tun, ich tue das, was für die Umwelt richtig ist, auch wenn es mehr Geld kostet oder mehr Zeit in Anspruch nimmt, es gibt wichtigere Dinge im Leben als die Umwelt zu schützen, es hat keinen Sinn, das, was ich für die Umwelt tun kann, zu tun, wenn andere das nicht auch tun, viele der Behauptungen über Umweltbedrohungen sind übertrieben, ich finde es schwer zu wissen, ob die Art, wie ich lebe, hilfreich oder schädlich für die Umwelt ist, Umweltprobleme haben direkte Auswirkungen auf mein tägliches Leben); Einstufung der gefährlichen Auswirkungen der Luftverschmutzung durch Autos und Industrie, der in der Landwirtschaft verwendeten Pestizide und Chemikalien, der Wasserverschmutzung, des weltweiten Temperaturanstiegs durch den Klimawandel (Treibhauseffekt), der Veränderung der Gene bestimmter Nutzpflanzen und der Kernkraftwerke; beste Möglichkeit, die nationale Wirtschaft und Industrie sowie die Menschen und ihre Familien dazu zu bringen, die Umwelt zu schützen (hohe Geldstrafen für Unternehmen/ Menschen, die die Umwelt schädigen, Nutzung des Steuersystems, um Unternehmen/ Menschen zu belohnen, die die Umwelt schützen, mehr Informationen und Aufklärung für Unternehmen/ Menschen über die Vorteile des Umweltschutzes; Ausmaß des Vergnügens, sich draußen in der Natur aufzuhalten; Häufigkeit von Freizeitaktivitäten draußen in der Natur in den letzten zwölf Monaten; Anzahl der Flugreisen in den letzten zwölf Monaten; Anzahl der Stunden, die der Befragte in einer typischen Woche in einem Auto oder einem anderen Kraftfahrzeug (nicht in öffentlichen Verkehrsmitteln) verbringt; Anzahl der Tage in einer typischen Woche, an denen der Befragte Rindfleisch, Lammfleisch oder Produkte, die diese enthalten, isst; Anzahl der Zimmer in der Wohnung oder im Haus; Häufigkeit besonderer Bemühungen, Glas oder Dosen oder Plastik oder Zeitungen für das Recycling zu sortieren; Häufigkeit, bestimmte Produkte aus Umweltgründen nicht zu kaufen; Mitglied einer Umweltschutzgruppe; persönliche umweltpolitische Aktivitäten in den letzten fünf Jahren (Unterzeichnung einer Petition zu einem Umweltthema, Geldspende an eine Umweltgruppe, Teilnahme an einem Protest oder einer Demonstration zu einem Umweltthema); Ausmaß der Auswirkungen auf die Nachbarschaft, die durch Luftverschmutzung, Wasserverschmutzung und extreme Wetterereignisse in den letzten zwölf Monaten verursacht wurden.

Demografie: Geschlecht; Geburtsjahr; Alter; Jahre der Vollzeitschulbildung; länderspezifischer höchster Bildungsabschluss; ISCED 2011: höchster abgeschlossener Bildungsabschluss (zusammengefasste Variable); ISCED 2011 vereinfacht: höchster abgeschlossener Bildungsabschluss; derzeit, früher oder nie einer bezahlten Arbeit nachgegangen; wöchentlich geleistete Arbeitsstunden; Beschäftigungsverhältnis; Beaufsichtigung anderer Arbeitnehmer; Anzahl der beaufsichtigten anderen Arbeitnehmer; Art der Organisation: gewinnorientiert vs. gemeinnützig und öffentlich vs. privat; Beruf (ISCO/ILO 2008); Hauptbeschäftigungsstatus; Leben in fester Partnerschaft; Gewerkschaftsmitgliedschaft; länderspezifische Religionszugehörigkeit oder Konfession; Gruppen religiöser Konfessionen (abgeleitet); Besuch von Gottesdiensten; Oben-Unten-Selbsteinstufung;  hat Befragter bei der letzten Parlamentswahl gewählt; länderspezifische Partei, die bei der letzten Parlamentswahl gewählt wurde; Partei, die der Befragte bei der letzten Parlamentswahl gewählt hat: Links-Rechts-Skala (abgeleitet); länderspezifische ethnische Gruppe; Haushaltsgröße; Anzahl der Erwachsenen im Haushalt; Anzahl der Kinder über dem Schuleintrittsalter im Haushalt; Anzahl der Kinder unter dem Schulalter im Haushalt; länderspezifisches persönliches Einkommen; länderspezifisches Haushaltseinkommen; Status der rechtlichen Partnerschaft; Geburtsland des Vaters; Geburtsland der Mutter; Wohnort: Stadt - Land; länderspezifische Region.

Informationen über den Ehegatten/Partner: derzeit, früher oder nie einer bezahlten Arbeit nachgegangen; wöchentlich geleistete Arbeitsstunden; Beschäftigungsverhältnis; Beaufsichtigung anderer Arbeitnehmer; Beruf (ISCO/ ILO 2008); Hauptbeschäftigungsstatus.

Zusätzlich kodiert: ID-Nummer der befragten Person; Case substitution flag; Datum der Befragung (Jahr, Monat, Tag); Interviewsprache; administrative Art der Datenerhebung; Flag-Variable für teilweise abgeschlossene Interviews; Gewicht; Land ISO 3166 Code; Land/ Stichprobe ISO 3166 Code; Land/ Stichprobenpräfix ISO 3166 Code – alphanumerisch.";"[""Höllinger, Franz"", ""Hadler, Markus"", ""Eder, Anja"", ""Aschauer, Wolfgang"", ""Bacher, Johann"", ""Prandner, Dimitri"", ""Steinmetz, Stephanie"", ""Sapin, Marlène"", ""Joye, Dominique"", ""Clement, Sanne Lund"", ""Melin, Harri"", ""Borg, Sami"", ""Laaksonen, Helena"", ""Valaranta, Annika"", ""Jääskeläinen, Taina"", ""Hochman, Oshrat"", ""Scholz, Evi"", ""Tóth, István György"", ""Jónsdóttir, Guðbjörg A."", ""Ólafsdóttir, Sigrún"", ""Árnason, Þorvarður"", ""Sæmundsdóttir, Inga R."", ""Bjarnadóttir, Sóllilja"", ""Murata, Hiroko"", ""Okada, Marisa"", ""Kolandai, Komathi"", ""Milne, Barry"", ""Randow, Martin von"", ""Guerrero, Linda Luz"", ""Sandoval, Gerardo"", ""Labucay, Iremae"", ""Agapeeva, Ksenia"", ""Hafner Fink, Mitja"", ""Malnar, Brina"", ""Bureekul, Thawilwadee"", ""Sangmahamad, Ratchawadee"", ""Udompong, Lertporn"", ""Wu, Chyi-In"", ""National Survey Research Center"", ""An?i?, Branko"", ""Brajdi? Vukovi?, Marija"", ""Cik, Tomislav"", ""Jaklin, Katarina"", ""Telešien?, Audron?"", ""Skjåk, Knut K."", ""Agasøster, Bodil"", ""Karlsen, Gry"", ""Nikolaisen, Kristina"", ""Džambazovi?, Roman"", ""Bahna, Miloslav"", ""Struwig, Jare"", ""Roberts, Benjamin"", ""Méndez Lago, Mónica"", ""Laseca, Jesús"", ""Gonthier, Frédéric"", ""Zmerli, Sonja"", ""Bréchon, Pierre"", ""Astor, Sandrine"", ""Zolotoukhine Erik"", ""Edlund, Jonas"", ""Davern, Michael"", ""Bautista, Rene"", ""Smith, Tom W."", ""Freese, Jeremy"", ""Morgan, Stephen L."", ""Pedrazzani, Andrea"", ""Guglielmi, Simona"", ""Kim, Jibum"", ""Kang, Jeong-han"", ""Kim, Seok-ho"", ""Kim, Changhwan"", ""Park, Wonho"", ""Lee, Yun-suk"", ""Choi, Seulgi"", ""McEachern, Steven"", ""Gray, Matthew"", ""Evans, Ann"", ""Zammit, Adam"", ""Deshmukh, Yashwant R.""]";"[""ISSP Research Group -  - ""]";GESIS;HöllingerHadlerEder;"[""Institut für Soziologie, Karl-Franzens-Universität Graz, Austria"", ""Institut für Soziologie, Karl-Franzens-Universität Graz, Austria"", ""Institut für Soziologie, Karl-Franzens-Universität Graz, Austria"", ""Institut für Soziologie, Karl-Franzens-Universität Graz, Austria"", ""Institut für Soziologie, Karl-Franzens-Universität Graz, Austria"", ""Institut für Soziologie, Karl-Franzens-Universität Graz, Austria"", ""FORS, c/o University of Lausanne, Switzerland"", ""FORS, c/o University of Lausanne, Switzerland"", ""FORS, c/o University of Lausanne, Switzerland"", ""Department of Politics and Society, Aalborg University, Denmark"", ""Finnish Social Science Data Archive, University of Tampere, Finland"", ""Finnish Social Science Data Archive, University of Tampere, Finland"", ""Finnish Social Science Data Archive, University of Tampere, Finland"", ""Finnish Social Science Data Archive, University of Tampere, Finland"", ""Finnish Social Science Data Archive, University of Tampere, Finland"", ""GESIS Leibniz Institute for the Social Sciences, Mannheim, Germany"", ""GESIS Leibniz Institute for the Social Sciences, Mannheim, Germany"", ""TÁRKI Social Research Institute, Budapest, Hungary"", ""Social Science Research Institute, University of Iceland, Reykjavik, Iceland"", ""Social Science Research Institute, University of Iceland, Reykjavik, Iceland"", ""Social Science Research Institute, University of Iceland, Reykjavik, Iceland"", ""Social Science Research Institute, University of Iceland, Reykjavik, Iceland"", ""Social Science Research Institute, University of Iceland, Reykjavik, Iceland"", ""NHK (Japan Broadcasting Corporation"", ""NHK (Japan Broadcasting Corporation"", ""The University of Auckland, New Zealand"", ""The University of Auckland, New Zealand"", ""The University of Auckland, New Zealand"", ""Social Weather Stations, Quezon City, Philippines"", ""Social Weather Stations, Quezon City, Philippines"", ""Social Weather Stations, Quezon City, Philippines"", ""Levada Center, Moscow, Russia"", ""University of Ljubljana, Faculty of Social Science, Ljubljana, Slovenia"", ""University of Ljubljana, Faculty of Social Science, Ljubljana, Slovenia"", ""King Prajadhipok’s Institute, Bangkok, Thailand"", ""King Prajadhipok’s Institute, Bangkok, Thailand"", ""King Prajadhipok’s Institute, Bangkok, Thailand"", ""Institute of Sociology, Academia Sinica, Taipei City, Taiwan"", ""NSRC"", ""Institute for Social Research, Zagreb, Croatia"", ""Institute for Social Research, Zagreb, Croatia"", ""Institute for Social Research, Zagreb, Croatia"", ""Institute for Social Research, Zagreb, Croatia"", ""Kaunas University of Technology, Kaunas, Lithuania"", ""Norwegian Social Science Data Services (NSD"", ""Norwegian Social Science Data Services (NSD"", ""Norwegian Social Science Data Services (NSD"", ""Norwegian Social Science Data Services (NSD"", ""Comenius University, Institute for Sociology of the Slovak Academy of Sciences, Bratislava, Slovakia"", ""Comenius University, Institute for Sociology of the Slovak Academy of Sciences, Bratislava, Slovakia"", ""Human Sciences Research Council (HSRC"", ""Human Sciences Research Council (HSRC"", ""Centro de Investigaciones Sociológicas (CIS"", ""Centro de Investigaciones Sociológicas (CIS"", ""Sciences Po Grenoble - Université Grenoble Alpes - Pacte -  CNRS, France"", ""Sciences Po Grenoble - Université Grenoble Alpes - Pacte -  CNRS, France"", ""Sciences Po Grenoble - Université Grenoble Alpes - Pacte -  CNRS, France"", ""Sciences Po Grenoble - Université Grenoble Alpes - Pacte -  CNRS, France"", ""Sciences Po Grenoble - Université Grenoble Alpes - Pacte -  CNRS, France"", ""Department of Sociology, Umeå University, Umeå, Sweden"", ""National Opinion Research Center (NORC"", ""National Opinion Research Center (NORC"", ""National Opinion Research Center (NORC"", ""National Opinion Research Center (NORC"", ""National Opinion Research Center (NORC"", ""University of Milan, Dept. Social and Political Science, Milan, Italy"", ""University of Milan, Dept. Social and Political Science, Milan, Italy"", ""Survey Research Center (SRC"", ""Survey Research Center (SRC"", ""Survey Research Center (SRC"", ""Survey Research Center (SRC"", ""Survey Research Center (SRC"", ""Survey Research Center (SRC"", ""Survey Research Center (SRC"", ""ANU Centre for Social Research and Methods (ANUCSRM"", ""ANU Centre for Social Research and Methods (ANUCSRM"", ""ANU Centre for Social Research and Methods (ANUCSRM"", ""Australian Consortium for Social and Political Research Inc. (ACSPRI"", ""CVoter Foundation, Noida, NCR, Uttar Pradesh, India""]";2019-10-15 - 2023-05-31;;"[""Österreich (AT)"", ""Schweiz (CH)"", ""Dänemark (DK)"", ""Finnland (FI)"", ""Ungarn (HU)"", ""Island (IS)"", ""Japan (JP)"", ""Neuseeland (NZ)"", ""Philippinen (PH)"", ""Russische Föderation (RU)"", ""Slowenien (SI)"", ""Thailand (TH)"", ""Taiwan (TW)"", ""Deutschland (DE)"", ""China (CN)"", ""Kroatien (HR)"", ""Litauen (LT)"", ""Norwegen (NO)"", ""Slowakei (SK)"", ""Südafrika (ZA)"", ""Spanien (ES)"", ""Frankreich (FR)"", ""Schweden (SE)"", ""Vereinigte Staaten von Amerika (US)"", ""Italien (IT)"", ""Korea, Republik (KR)"", ""Australien (AU)"", ""Indien (IN)""]";"[""Österreich"", ""Schweiz"", ""Dänemark"", ""Finnland"", ""Ungarn"", ""Island"", ""Japan"", ""Neuseeland"", ""Philippinen"", ""Russische Föderation"", ""Slowenien"", ""Thailand"", ""Taiwan"", ""Deutschland"", ""China"", ""Kroatien"", ""Litauen"", ""Norwegen"", ""Slowakei"", ""Südafrika"", ""Spanien"", ""Frankreich"", ""Schweden"", ""Vereinigte Staaten von Amerika"", ""Italien"", ""Korea, Republik"", ""Australien"", ""Indien""]";"&bull;   Persönliches Interview : Computerunterstützte Befragung (CAPI/CAMI)
&bull;   Telefonisches Interview
&bull;   Selbstausgefüllter Fragebogen: Papier
&bull;   Selbstausgefüllter Fragebogen: Webbasiert (CAWI)
&bull;   Webbasiertes Interview
&bull;   Persönliches Interview : Papier-und-Bleistift (PAPI);
";;"&bull;   Wahrscheinlichkeitsauswahl: Einfache Zufallsauswahl
&bull;   Wahrscheinlichkeitsauswahl: Mehrstufige Zufallsauswahl;
";;;"[""doi:10.4232/1.14153""]";;;;;;;, 2023-08-25,  https://doi.org/doi:10.4232/1.14153;"Höllinger, F., Hadler, M., Eder, A., Aschauer, W., Bacher, J., Prandner, D., Steinmetz, S., . . . Deshmukh, Y. R. (2023). International Social Survey Programme: Environment IV - ISSP 2020 (ZA7650; Version )  [Data set]. GESIS, Köln. https://doi.org/doi:10.4232/1.14153";"(ZA7650; Version )  [Data set]. GESIS, Köln. https://doi.org/doi:10.4232/1.14153";;;;;;"[""Austria (AT)"", ""Switzerland (CH)"", ""Denmark (DK)"", ""Finland (FI)"", ""Hungary (HU)"", ""Iceland (IS)"", ""Japan (JP)"", ""New Zealand (NZ)"", ""Philippines (PH)"", ""Russian Federation (RU)"", ""Slovenia (SI)"", ""Thailand (TH)"", ""Taiwan (TW)"", ""Germany (DE)"", ""China (CN)"", ""Croatia (HR)"", ""Lithuania (LT)"", ""Norway (NO)"", ""Slovakia (SK)"", ""South Africa (ZA)"", ""Spain (ES)"", ""France (FR)"", ""Sweden (SE)"", ""United States of America (US)"", ""Italy (IT)"", ""Korea, Republic of (KR)"", ""Australia (AU)"", ""India (IN)""]";"[""Austria"", ""Switzerland"", ""Denmark"", ""Finland"", ""Hungary"", ""Iceland"", ""Japan"", ""New Zealand"", ""Philippines"", ""Russian Federation"", ""Slovenia"", ""Thailand"", ""Taiwan"", ""Germany"", ""China"", ""Croatia"", ""Lithuania"", ""Norway"", ""Slovakia"", ""South Africa"", ""Spain"", ""France"", ""Sweden"", ""United States of America"", ""Italy"", ""Korea, Republic of"", ""Australia"", ""India""]";"&bull;   Face-to-face interview: Computer-assisted (CAPI/CAMI)
&bull;   Telephone interview
&bull;   Self-administered questionnaire: Paper
&bull;   Self-administered questionnaire: Web-based (CAWI)
&bull;   Web-based interview
&bull;   Face-to-face interview: Paper-and-pencil (PAPI);
";;;;"(ZA7650; Version ) [Data set]. GESIS, Cologne. https://doi.org/doi:10.4232/1.14153";"&bull;   Probability: Simple random
&bull;   Probability: Multistage;
";"Höllinger, F., Hadler, M., Eder, A., Aschauer, W., Bacher, J., Prandner, D., Steinmetz, S., . . . Deshmukh, Y. R. (2023). International Social Survey Programme: Environment IV - ISSP 2020 (ZA7650; Version ) [Data set]. GESIS, Cologne. https://doi.org/doi:10.4232/1.14153";"[""Face-to-face interview: Computer-assisted (CAPI/CAMI)"", ""Telephone interview"", ""Self-administered questionnaire: Paper"", ""Self-administered questionnaire: Web-based (CAWI)"", ""Web-based interview"", ""Face-to-face interview: Paper-and-pencil (PAPI)""]";;GESIS-Datenarchiv;GESIS-DBK;0;1;1;10;;[];;;;"[{""label"": ""ZA7650_cdb.pdf  (Codebuch) 2.43 MB"", ""label_en"": ""ZA7650_cdb.pdf  (Codebook) 2.43 MB"", ""url"": ""https://access.gesis.org/dbk/74940"", ""secured"": ""false""}]";"[{""label"": ""ZA7650_bq.pdf  (Fragebogen) 420.8 KB"", ""label_en"": ""ZA7650_bq.pdf  (Questionnaire) 420.8 KB"", ""url"": ""https://access.gesis.org/dbk/72557"", ""secured"": ""false""}, {""label"": ""ZA7650_q_all.zip  (Fragebogen) 188.88 MB"", ""label_en"": ""ZA7650_q_all.zip  (Questionnaire) 188.88 MB"", ""url"": ""https://access.gesis.org/dbk/74943"", ""secured"": ""false""}, {""label"": ""ZA7650_q_at.pdf Österreich (Fragebogen) 335.4 KB"", ""label_en"": ""ZA7650_q_at.pdf Austria  (Questionnaire) 335.4 KB"", ""url"": ""https://access.gesis.org/dbk/72586"", ""secured"": ""false""}, {""label"": ""ZA7650_q_au.pdf Australien (Fragebogen) 5.09 MB"", ""label_en"": ""ZA7650_q_au.pdf Australia (Questionnaire) 5.09 MB"", ""url"": ""https://access.gesis.org/dbk/74796"", ""secured"": ""false""}, {""label"": ""ZA7650_q_ch.pdf Schweiz (Fragebogen) 14.01 MB"", ""label_en"": ""ZA7650_q_ch.pdf Switzerland (Questionnaire) 14.01 MB"", ""url"": ""https://access.gesis.org/dbk/72587"", ""secured"": ""false""}, {""label"": ""ZA7650_q_cn.pdf China (Fragebogen) 1.48 MB"", ""label_en"": ""ZA7650_q_cn.pdf China (Questionnaire) 1.48 MB"", ""url"": ""https://access.gesis.org/dbk/74797"", ""secured"": ""false""}, {""label"": ""ZA7650_q_de.pdf Deutschland (Fragebogen) 247.99 KB"", ""label_en"": ""ZA7650_q_de.pdf Germany (Questionnaire) 247.99 KB"", ""url"": ""https://access.gesis.org/dbk/72588"", ""secured"": ""false""}, {""label"": ""ZA7650_q_dk.pdf Dänemark (Fragebogen) 3.97 MB"", ""label_en"": ""ZA7650_q_dk.pdf Denmark (Questionnaire) 3.97 MB"", ""url"": ""https://access.gesis.org/dbk/72589"", ""secured"": ""false""}, {""label"": ""ZA7650_q_es.pdf Spanien (Fragebogen) 10.99 MB"", ""label_en"": ""ZA7650_q_es.pdf Spain (Questionnaire) 10.99 MB"", ""url"": ""https://access.gesis.org/dbk/74798"", ""secured"": ""false""}, {""label"": ""ZA7650_q_fi-fi.pdf Finnland (Finnisch) (Fragebogen) 929.16 KB"", ""label_en"": ""ZA7650_q_fi-fi.pdf Finland (Finnish) (Questionnaire) 929.16 KB"", ""url"": ""https://access.gesis.org/dbk/72590"", ""secured"": ""false""}, {""label"": ""ZA7650_q_fi-sv.pdf Finnland (Schwedisch) (Fragebogen) 943.58 KB"", ""label_en"": ""ZA7650_q_fi-sv.pdf Finland (Swedish) (Questionnaire) 943.58 KB"", ""url"": ""https://access.gesis.org/dbk/75820"", ""secured"": ""false""}, {""label"": ""ZA7650_q_fr.pdf Frankreich (Fragebogen) 967.01 KB"", ""label_en"": ""ZA7650_q_fr.pdf France (Questionnaire) 967.01 KB"", ""url"": ""https://access.gesis.org/dbk/74799"", ""secured"": ""false""}, {""label"": ""ZA7650_q_hr.pdf Kroatien (Fragebogen) 9.24 MB"", ""label_en"": ""ZA7650_q_hr.pdf Croatia (Questionnaire) 9.24 MB"", ""url"": ""https://access.gesis.org/dbk/74800"", ""secured"": ""false""}, {""label"": ""ZA7650_q_hu.pdf Ungarn (Fragebogen) 495.69 KB"", ""label_en"": ""ZA7650_q_hu.pdf Hungary (Questionnaire) 495.69 KB"", ""url"": ""https://access.gesis.org/dbk/72592"", ""secured"": ""false""}, {""label"": ""ZA7650_q_in-as.pdf Indien (Assamese) (Fragebogen) 7.24 MB"", ""label_en"": ""ZA7650_q_in-as.pdf India (Assamese) (Questionnaire) 7.24 MB"", ""url"": ""https://access.gesis.org/dbk/74801"", ""secured"": ""false""}, {""label"": ""ZA7650_q_in-bn.pdf Indien (Bengali) (Fragebogen) 7.62 MB"", ""label_en"": ""ZA7650_q_in-bn.pdf India (Bengali) (Questionnaire) 7.62 MB"", ""url"": ""https://access.gesis.org/dbk/74802"", ""secured"": ""false""}, {""label"": ""ZA7650_q_in-en.pdf Indien (Englisch) (Fragebogen) 5.76 MB"", ""label_en"": ""ZA7650_q_in-en.pdf India (English) (Questionnaire) 5.76 MB"", ""url"": ""https://access.gesis.org/dbk/74803"", ""secured"": ""false""}, {""label"": ""ZA7650_q_in-gu.pdf Indien (Guajarati) (Fragebogen) 4.32 MB"", ""label_en"": ""ZA7650_q_in-gu.pdf India (Guajarati) (Questionnaire) 4.32 MB"", ""url"": ""https://access.gesis.org/dbk/74804"", ""secured"": ""false""}, {""label"": ""ZA7650_q_in-hi.pdf Indien (Hindi) (Fragebogen) 4.09 MB"", ""label_en"": ""ZA7650_q_in-hi.pdf India (Hindi) (Questionnaire) 4.09 MB"", ""url"": ""https://access.gesis.org/dbk/74805"", ""secured"": ""false""}, {""label"": ""ZA7650_q_in-kn.pdf Indien (Kannada) (Fragebogen) 6.82 MB"", ""label_en"": ""ZA7650_q_in-kn.pdf India (Kannada) (Questionnaire) 6.82 MB"", ""url"": ""https://access.gesis.org/dbk/74806"", ""secured"": ""false""}, {""label"": ""ZA7650_q_in-ml.pdf Indien (Malayalam) (Fragebogen) 16.39 MB"", ""label_en"": ""ZA7650_q_in-ml.pdf India (Malayalam) (Questionnaire) 16.39 MB"", ""url"": ""https://access.gesis.org/dbk/74807"", ""secured"": ""false""}, {""label"": ""ZA7650_q_in-mr.pdf Indien (Marathi) (Fragebogen) 2.98 MB"", ""label_en"": ""ZA7650_q_in-mr.pdf India (Marathi) (Questionnaire) 2.98 MB"", ""url"": ""https://access.gesis.org/dbk/74808"", ""secured"": ""false""}, {""label"": ""ZA7650_q_in-or.pdf Indien (Oriya) (Fragebogen) 9.19 MB"", ""label_en"": ""ZA7650_q_in-or.pdf India (Oriya) (Questionnaire) 9.19 MB"", ""url"": ""https://access.gesis.org/dbk/74809"", ""secured"": ""false""}, {""label"": ""ZA7650_q_in-pa.pdf Indien (Punjabi) (Fragebogen) 3 MB"", ""label_en"": ""ZA7650_q_in-pa.pdf India (Punjabi) (Questionnaire) 3 MB"", ""url"": ""https://access.gesis.org/dbk/74810"", ""secured"": ""false""}, {""label"": ""ZA7650_q_in-ta.pdf Indien (Tamil) (Fragebogen) 11.87 MB"", ""label_en"": ""ZA7650_q_in-ta.pdf India (Tamil) (Questionnaire) 11.87 MB"", ""url"": ""https://access.gesis.org/dbk/74811"", ""secured"": ""false""}, {""label"": ""ZA7650_q_in-te.pdf Indien (Telugu) (Fragebogen) 16.09 MB"", ""label_en"": ""ZA7650_q_in-te.pdf India (Telugu) (Questionnaire) 16.09 MB"", ""url"": ""https://access.gesis.org/dbk/74812"", ""secured"": ""false""}, {""label"": ""ZA7650_q_is-en.pdf Island (Englisch) (Fragebogen) 851.89 KB"", ""label_en"": ""ZA7650_q_is-en.pdf Iceland (English) (Questionnaire) 851.89 KB"", ""url"": ""https://access.gesis.org/dbk/72593"", ""secured"": ""false""}, {""label"": ""ZA7650_q_is-is.pdf Island (Isländisch) (Fragebogen) 881.86 KB"", ""label_en"": ""ZA7650_q_is-is.pdf Iceland (Icelandic) (Questionnaire) 881.86 KB"", ""url"": ""https://access.gesis.org/dbk/72594"", ""secured"": ""false""}, {""label"": ""ZA7650_q_is-pl.pdf Island (Polnisch) (Fragebogen) 888.98 KB"", ""label_en"": ""ZA7650_q_is-pl.pdf Iceland (Polish) (Questionnaire) 888.98 KB"", ""url"": ""https://access.gesis.org/dbk/72595"", ""secured"": ""false""}, {""label"": ""ZA7650_q_it.pdf Italien (Fragebogen) 4.47 MB"", ""label_en"": ""ZA7650_q_it.pdf Italy (Questionnaire) 4.47 MB"", ""url"": ""https://access.gesis.org/dbk/74813"", ""secured"": ""false""}, {""label"": ""ZA7650_q_jp.pdf Japan (Fragebogen) 1.11 MB"", ""label_en"": ""ZA7650_q_jp.pdf Japan (Questionnaire) 1.11 MB"", ""url"": ""https://access.gesis.org/dbk/72596"", ""secured"": ""false""}, {""label"": ""ZA7650_q_kr-en.pdf Südkorea (Englisch) (Fragebogen) 846.51 KB"", ""label_en"": ""ZA7650_q_kr-en.pdf South Korea (English) (Questionnaire) 846.51 KB"", ""url"": ""https://access.gesis.org/dbk/74814"", ""secured"": ""false""}, {""label"": ""ZA7650_q_kr-kr.pdf Südkorea (Koreanisch) (Fragebogen) 1.4 MB"", ""label_en"": ""ZA7650_q_kr-kr.pdf South Korea (Korean) (Questionnaire) 1.4 MB"", ""url"": ""https://access.gesis.org/dbk/74815"", ""secured"": ""false""}, {""label"": ""ZA7650_q_lt.pdf Litauen (Fragebogen) 560.07 KB"", ""label_en"": ""ZA7650_q_lt.pdf Lithuania (Questionnaire) 560.07 KB"", ""url"": ""https://access.gesis.org/dbk/74816"", ""secured"": ""false""}, {""label"": ""ZA7650_q_no.pdf Norwegen (Fragebogen) 7.08 MB"", ""label_en"": ""ZA7650_q_no.pdf Norway (Questionnaire) 7.08 MB"", ""url"": ""https://access.gesis.org/dbk/74817"", ""secured"": ""false""}, {""label"": ""ZA7650_q_nz.pdf Neuseeland (Fragebogen) 961.27 KB"", ""label_en"": ""ZA7650_q_nz.pdf New Zealand (Questionnaire) 961.27 KB"", ""url"": ""https://access.gesis.org/dbk/72597"", ""secured"": ""false""}, {""label"": ""ZA7650_q_ph-bik.pdf Philippinen (Bikolano) (Fragebogen) 1.42 MB"", ""label_en"": ""ZA7650_q_ph-bik.pdf Philippines (Bicolano) (Questionnaire) 1.42 MB"", ""url"": ""https://access.gesis.org/dbk/72598"", ""secured"": ""false""}, {""label"": ""ZA7650_q_ph-ceb.pdf Philippinen (Cebuano) (Fragebogen) 1.43 MB"", ""label_en"": ""ZA7650_q_ph-ceb.pdf Philippines (Cebuano) (Questionnaire) 1.43 MB"", ""url"": ""https://access.gesis.org/dbk/72599"", ""secured"": ""false""}, {""label"": ""ZA7650_q_ph-fil.pdf Philippinen (Filipino) (Fragebogen) 1.36 MB"", ""label_en"": ""ZA7650_q_ph-fil.pdf Philippines (Filipino) (Questionnaire) 1.36 MB"", ""url"": ""https://access.gesis.org/dbk/72600"", ""secured"": ""false""}, {""label"": ""ZA7650_q_ph-hil.pdf Philippinen (Hiligaynon) (Fragebogen) 1.38 MB"", ""label_en"": ""ZA7650_q_ph-hil.pdf Philippines (Hiligaynon) (Questionnaire) 1.38 MB"", ""url"": ""https://access.gesis.org/dbk/72601"", ""secured"": ""false""}, {""label"": ""ZA7650_q_ph-ilo.pdf Philippinen (Ilokano) (Fragebogen) 1.41 MB"", ""label_en"": ""ZA7650_q_ph-ilo.pdf Philippines (Iluko) (Questionnaire) 1.41 MB"", ""url"": ""https://access.gesis.org/dbk/72602"", ""secured"": ""false""}, {""label"": ""ZA7650_q_ph-mdh.pdf Philippinen (Maguindanao) (Fragebogen) 1.4 MB"", ""label_en"": ""ZA7650_q_ph-mdh.pdf Philippines (Maguindanao) (Questionnaire) 1.4 MB"", ""url"": ""https://access.gesis.org/dbk/72603"", ""secured"": ""false""}, {""label"": ""ZA7650_q_ph-war.pdf Philippinen (Wáray-Wáray) (Fragebogen) 1.39 MB"", ""label_en"": ""ZA7650_q_ph-war.pdf Philippines (Waray) (Questionnaire) 1.39 MB"", ""url"": ""https://access.gesis.org/dbk/72604"", ""secured"": ""false""}, {""label"": ""ZA7650_q_ru.pdf Russland (Fragebogen) 257.95 KB"", ""label_en"": ""ZA7650_q_ru.pdf Russia (Questionnaire) 257.95 KB"", ""url"": ""https://access.gesis.org/dbk/72605"", ""secured"": ""false""}, {""label"": ""ZA7650_q_se.pdf Schweden (Fragebogen) 3.09 MB"", ""label_en"": ""ZA7650_q_se.pdf Sweden (Questionnaire) 3.09 MB"", ""url"": ""https://access.gesis.org/dbk/74818"", ""secured"": ""false""}, {""label"": ""ZA7650_q_si.pdf Slowenien (Fragebogen) 1.3 MB"", ""label_en"": ""ZA7650_q_si.pdf Slovenia (Questionnaire) 1.3 MB"", ""url"": ""https://access.gesis.org/dbk/72606"", ""secured"": ""false""}, {""label"": ""ZA7650_q_sk.pdf Slowakei (Fragebogen) 470.81 KB"", ""label_en"": ""ZA7650_q_sk.pdf Slovakia (Questionnaire) 470.81 KB"", ""url"": ""https://access.gesis.org/dbk/74819"", ""secured"": ""false""}, {""label"": ""ZA7650_q_th.pdf Thailand (Fragebogen) 275.96 KB"", ""label_en"": ""ZA7650_q_th.pdf Thailand (Questionnaire) 275.96 KB"", ""url"": ""https://access.gesis.org/dbk/72607"", ""secured"": ""false""}, {""label"": ""ZA7650_q_tw.pdf Taiwan (Fragebogen) 414.94 KB"", ""label_en"": ""ZA7650_q_tw.pdf Taiwan (Questionnaire) 414.94 KB"", ""url"": ""https://access.gesis.org/dbk/72608"", ""secured"": ""false""}, {""label"": ""ZA7650_q_us-en.pdf USA (Englisch) (Fragebogen) 7.84 MB"", ""label_en"": ""ZA7650_q_us-en.pdf USA (English) (Questionnaire) 7.84 MB"", ""url"": ""https://access.gesis.org/dbk/74820"", ""secured"": ""false""}, {""label"": ""ZA7650_q_us-es.pdf USA (Spanisch) (Fragebogen) 8.09 MB"", ""label_en"": ""ZA7650_q_us-es.pdf USA (Spanish) (Questionnaire) 8.09 MB"", ""url"": ""https://access.gesis.org/dbk/74821"", ""secured"": ""false""}, {""label"": ""ZA7650_q_za-af.pdf Südafrika (Afrikaans) (Fragebogen) 465.57 KB"", ""label_en"": ""ZA7650_q_za-af.pdf South Africa (Afrikaans) (Questionnaire) 465.57 KB"", ""url"": ""https://access.gesis.org/dbk/74822"", ""secured"": ""false""}, {""label"": ""ZA7650_q_za-en.pdf Südafrika (Englisch) (Fragebogen) 1.23 MB"", ""label_en"": ""ZA7650_q_za-en.pdf South Africa (English) (Questionnaire) 1.23 MB"", ""url"": ""https://access.gesis.org/dbk/74823"", ""secured"": ""false""}, {""label"": ""ZA7650_q_za-tn.pdf Südafrika (Tswana) (Fragebogen) 454.88 KB"", ""label_en"": ""ZA7650_q_za-tn.pdf South Africa (Tswana) (Questionnaire) 454.88 KB"", ""url"": ""https://access.gesis.org/dbk/74917"", ""secured"": ""false""}, {""label"": ""ZA7650_q_za-ts.pdf Südafrika (Tsonga) (Fragebogen) 486.76 KB"", ""label_en"": ""ZA7650_q_za-ts.pdf South Africa (Tsonga) (Questionnaire) 486.76 KB"", ""url"": ""https://access.gesis.org/dbk/74825"", ""secured"": ""false""}, {""label"": ""ZA7650_q_za-ve.pdf Südafrika (Venda) (Fragebogen) 457.38 KB"", ""label_en"": ""ZA7650_q_za-ve.pdf South Africa (Venda) (Questionnaire) 457.38 KB"", ""url"": ""https://access.gesis.org/dbk/74826"", ""secured"": ""false""}, {""label"": ""ZA7650_q_za-xh.pdf Südafrika (Xhosa) (Fragebogen) 447.2 KB"", ""label_en"": ""ZA7650_q_za-xh.pdf South Africa (Xhosa) (Questionnaire) 447.2 KB"", ""url"": ""https://access.gesis.org/dbk/74827"", ""secured"": ""false""}, {""label"": ""ZA7650_q_za-zu.pdf Südafrika (Zulu) (Fragebogen) 444.06 KB"", ""label_en"": ""ZA7650_q_za-zu.pdf South Africa (Zulu) (Questionnaire) 444.06 KB"", ""url"": ""https://access.gesis.org/dbk/74828"", ""secured"": ""false""}, {""label"": ""ZA7650_questionnaire_development_report.pdf  (Fragebogen) 1.38 MB"", ""label_en"": ""ZA7650_questionnaire_development_report.pdf  (Questionnaire) 1.38 MB"", ""url"": ""https://access.gesis.org/dbk/74754"", ""secured"": ""false""}]";;;;;"[""Querschnitt""]";;;"[""Cross-section""]";"[""Wahrscheinlichkeitsauswahl: Einfache Zufallsauswahl"", ""Wahrscheinlichkeitsauswahl: Mehrstufige Zufallsauswahl""]";"<table id=""version_table""><thead><tr><th>Versionsnummer</th><th>Datum, Name, DOI</th></tr></thead><tbody><tr><td></td><td>2023-08-25  (aktuelle Version) <a href=""https://doi.org/doi:10.4232/1.14153"">https://doi.org/doi:10.4232/1.14153</a></td></tr></tbody></table>";"<table id=""version_table""><thead><tr><th>Version number</th><th>Date, Name, DOI</th></tr></thead><tbody><tr><td></td><td>2023-08-25  (current version) <a href=""https://doi.org/doi:10.4232/1.14153"">https://doi.org/doi:10.4232/1.14153</a></td></tr><tbody></table>";"[""Probability: Simple random"", ""Probability: Multistage""]";;;International Social Survey Programme: Environment IV - ISSP 2020;;;;;;;;;;ZA7650;"[""Höllinger, Franz - Institut für Soziologie, Karl-Franzens-Universität Graz, Austria"", ""Hadler, Markus - Institut für Soziologie, Karl-Franzens-Universität Graz, Austria"", ""Eder, Anja - Institut für Soziologie, Karl-Franzens-Universität Graz, Austria"", ""Aschauer, Wolfgang - Institut für Soziologie, Karl-Franzens-Universität Graz, Austria"", ""Bacher, Johann - Institut für Soziologie, Karl-Franzens-Universität Graz, Austria"", ""Prandner, Dimitri - Institut für Soziologie, Karl-Franzens-Universität Graz, Austria"", ""Steinmetz, Stephanie - FORS, c/o University of Lausanne, Switzerland"", ""Sapin, Marlène - FORS, c/o University of Lausanne, Switzerland"", ""Joye, Dominique - FORS, c/o University of Lausanne, Switzerland"", ""Clement, Sanne Lund - Department of Politics and Society, Aalborg University, Denmark"", ""Melin, Harri - Finnish Social Science Data Archive, University of Tampere, Finland"", ""Borg, Sami - Finnish Social Science Data Archive, University of Tampere, Finland"", ""Laaksonen, Helena - Finnish Social Science Data Archive, University of Tampere, Finland"", ""Valaranta, Annika - Finnish Social Science Data Archive, University of Tampere, Finland"", ""Jääskeläinen, Taina - Finnish Social Science Data Archive, University of Tampere, Finland"", ""Hochman, Oshrat - GESIS Leibniz Institute for the Social Sciences, Mannheim, Germany"", ""Scholz, Evi - GESIS Leibniz Institute for the Social Sciences, Mannheim, Germany"", ""Tóth, István György - TÁRKI Social Research Institute, Budapest, Hungary"", ""Jónsdóttir, Guðbjörg A. - Social Science Research Institute, University of Iceland, Reykjavik, Iceland"", ""Ólafsdóttir, Sigrún - Social Science Research Institute, University of Iceland, Reykjavik, Iceland"", ""Árnason, Þorvarður - Social Science Research Institute, University of Iceland, Reykjavik, Iceland"", ""Sæmundsdóttir, Inga R. - Social Science Research Institute, University of Iceland, Reykjavik, Iceland"", ""Bjarnadóttir, Sóllilja - Social Science Research Institute, University of Iceland, Reykjavik, Iceland"", ""Murata, Hiroko - NHK (Japan Broadcasting Corporation"", ""Okada, Marisa - NHK (Japan Broadcasting Corporation"", ""Kolandai, Komathi - The University of Auckland, New Zealand"", ""Milne, Barry - The University of Auckland, New Zealand"", ""Randow, Martin von - The University of Auckland, New Zealand"", ""Guerrero, Linda Luz - Social Weather Stations, Quezon City, Philippines"", ""Sandoval, Gerardo - Social Weather Stations, Quezon City, Philippines"", ""Labucay, Iremae - Social Weather Stations, Quezon City, Philippines"", ""Agapeeva, Ksenia - Levada Center, Moscow, Russia"", ""Hafner Fink, Mitja - University of Ljubljana, Faculty of Social Science, Ljubljana, Slovenia"", ""Malnar, Brina - University of Ljubljana, Faculty of Social Science, Ljubljana, Slovenia"", ""Bureekul, Thawilwadee - King Prajadhipok’s Institute, Bangkok, Thailand"", ""Sangmahamad, Ratchawadee - King Prajadhipok’s Institute, Bangkok, Thailand"", ""Udompong, Lertporn - King Prajadhipok’s Institute, Bangkok, Thailand"", ""Wu, Chyi-In - Institute of Sociology, Academia Sinica, Taipei City, Taiwan"", ""National Survey Research Center - NSRC"", ""An?i?, Branko - Institute for Social Research, Zagreb, Croatia"", ""Brajdi? Vukovi?, Marija - Institute for Social Research, Zagreb, Croatia"", ""Cik, Tomislav - Institute for Social Research, Zagreb, Croatia"", ""Jaklin, Katarina - Institute for Social Research, Zagreb, Croatia"", ""Telešien?, Audron? - Kaunas University of Technology, Kaunas, Lithuania"", ""Skjåk, Knut K. - Norwegian Social Science Data Services (NSD"", ""Agasøster, Bodil - Norwegian Social Science Data Services (NSD"", ""Karlsen, Gry - Norwegian Social Science Data Services (NSD"", ""Nikolaisen, Kristina - Norwegian Social Science Data Services (NSD"", ""Džambazovi?, Roman - Comenius University, Institute for Sociology of the Slovak Academy of Sciences, Bratislava, Slovakia"", ""Bahna, Miloslav - Comenius University, Institute for Sociology of the Slovak Academy of Sciences, Bratislava, Slovakia"", ""Struwig, Jare - Human Sciences Research Council (HSRC"", ""Roberts, Benjamin - Human Sciences Research Council (HSRC"", ""Méndez Lago, Mónica - Centro de Investigaciones Sociológicas (CIS"", ""Laseca, Jesús - Centro de Investigaciones Sociológicas (CIS"", ""Gonthier, Frédéric - Sciences Po Grenoble - Université Grenoble Alpes - Pacte -  CNRS, France"", ""Zmerli, Sonja - Sciences Po Grenoble - Université Grenoble Alpes - Pacte -  CNRS, France"", ""Bréchon, Pierre - Sciences Po Grenoble - Université Grenoble Alpes - Pacte -  CNRS, France"", ""Astor, Sandrine - Sciences Po Grenoble - Université Grenoble Alpes - Pacte -  CNRS, France"", ""Zolotoukhine Erik - Sciences Po Grenoble - Université Grenoble Alpes - Pacte -  CNRS, France"", ""Edlund, Jonas - Department of Sociology, Umeå University, Umeå, Sweden"", ""Davern, Michael - National Opinion Research Center (NORC"", ""Bautista, Rene - National Opinion Research Center (NORC"", ""Smith, Tom W. - National Opinion Research Center (NORC"", ""Freese, Jeremy - National Opinion Research Center (NORC"", ""Morgan, Stephen L. - National Opinion Research Center (NORC"", ""Pedrazzani, Andrea - University of Milan, Dept. Social and Political Science, Milan, Italy"", ""Guglielmi, Simona - University of Milan, Dept. Social and Political Science, Milan, Italy"", ""Kim, Jibum - Survey Research Center (SRC"", ""Kang, Jeong-han - Survey Research Center (SRC"", ""Kim, Seok-ho - Survey Research Center (SRC"", ""Kim, Changhwan - Survey Research Center (SRC"", ""Park, Wonho - Survey Research Center (SRC"", ""Lee, Yun-suk - Survey Research Center (SRC"", ""Choi, Seulgi - Survey Research Center (SRC"", ""McEachern, Steven - ANU Centre for Social Research and Methods (ANUCSRM"", ""Gray, Matthew - ANU Centre for Social Research and Methods (ANUCSRM"", ""Evans, Ann - ANU Centre for Social Research and Methods (ANUCSRM"", ""Zammit, Adam - Australian Consortium for Social and Political Research Inc. (ACSPRI"", ""Deshmukh, Yashwant R. - CVoter Foundation, Noida, NCR, Uttar Pradesh, India""]";"[""AT"", ""CH"", ""DK"", ""FI"", ""HU"", ""IS"", ""JP"", ""NZ"", ""PH"", ""RU"", ""SI"", ""TH"", ""TW"", ""DE"", ""CN"", ""HR"", ""LT"", ""NO"", ""SK"", ""ZA"", ""ES"", ""FR"", ""SE"", ""US"", ""IT"", ""KR"", ""AU"", ""IN""]";[];0;44100;"[""""]";"[""tional Social Survey Programme (ISSP)"", ""Module Topic: Environment""]";"[""""]";"[""2023-08-25""]";A;Daten und Dokumente sind für die akademische Forschung und Lehre freigegeben.;Data and documents are released for academic research and teaching.;"[""Das International Social Survey Programme (ISSP) ist ein internationales Kooperationsprogramm, das jährlich eine Umfrage zu sozialwissenschaftlich relevanten Themen durchführt. Seit 1985 stellt das ISSP internationale Datensätze bereit, die internationale und kulturübergreifende sozialwissenschaftliche Forschung über Zeit ermöglichen."", ""Die ISSP-Umweltmodule befassen sich hauptsächlich mit der Einstellung zu umweltbezogenen Themen wie Umweltschutz, dem Verhalten der Befragten und den Präferenzen der Befragten in Bezug auf staatliche Maßnahmen zum Schutz der Umwelt.""]";"[""tern"", ""SP -""]";N;"[""2021-04-23 - 2021-08-16, Österreich"", ""2020-02-21 - 2020-07-13, Schweiz"", ""2020-06-03 - 2020-09-06, Dänemark"", ""2021-06-14 - 2021-08-18, Deutschland"", ""2020-09-21 - 2020-12-22, Finnland"", ""2019-10-15 - 2019-10-27, Ungarn"", ""2020-12-15 - 2021-05-28, Island"", ""2020-10-28 - 2020-12-02, Japan"", ""2021-01-22 - 2021-06-30, Neuseeland"", ""2021-09-27 - 2021-09-30, Philippinen"", ""2021-04-22 - 2021-04-28, Russland"", ""2020-11-10 - 2021-01-31, Slowenien"", ""2021-02-05 - 2021-09-06, Thailand"", ""2020-06-21 - 2021-01-05, Taiwan"", ""2021-06-22 - 2021-09-30, China"", ""2021-06-19 - 2021-07-18, Kroatien"", ""2022-11-04 - 2022-11-30, Litauen"", ""2020-09-21 - 2021-01-10, Norwegen"", ""2021-11-21 - 2022-04-25, Slowakei"", ""2020-10 - 2021-03, Südafrika"", ""2023-03-13 - 2023-05-31, Spanien"", ""2021-04-29 - 2021-06-03, Frankreich"", ""2020-09-25 - 2020-12-03, Schweden"", ""2020-12-01 - 2021-05-03, USA"", ""2022-09-23 - 2023-02-14, Italien"", ""2021-08-30 - 2021-10-27, Südkora"", ""2021-02-22 - 2021-06-09, Australien"", ""2023-02-08 - 2023-04-10, Indien""]";info:eu-repo/semantics/restrictedAccess;colectica;25.08.2023 02:00;International Social Survey Programme: Environment IV - ISSP 2020;"Most important issue and next most important issue for the country; agreement with different statements (private enterprise is the best way to solve economic problems, government´s responsibility to reduce income differences between people with high incomes and those with low incomes, own country should limit the import of foreign products in order to protect its national economy, own country should limit immigration in order to protect the national way of life, international organizations are taking away too much power from the government); country’s highest and next highest priority; amount of trust in people; trust in institutions (university research centres, the news media, business and industry, parliament); extent of personal concern about environmental issues; most important environmental problem for the country as a whole (air pollution, chemicals and pesticides, water shortage, water pollution, nuclear waste, domestic waste disposal, climate change, genetically modified foods, using up our natural resources); attitude towards climate change (the world’s climate has not been changing, the world’s climate has been changing mostly due to natural processes, the world’s climate has been changing about equally due to natural processes and human activity, the world’s climate has been changing mostly due to human activity); rating of the impacts of climate change for the world as a whole and for the country; agreement with different statements (modern science will solve our environmental problems with little change to our way of life, we worry too much about the future of the environment and not enough about prices and jobs today, almost everything we do in modern life harms the environment, people worry too much about human progress harming the environment, in order to protect the environment the country needs economic growth, economic growth always harms the environment); willingness to pay much higher prices and much higher taxes as well as to accept cuts in standard of living in order to protect the environment; willingness to accept a reduction in the size of the country’s protected nature areas in order to open them up for economic development; attitude towards the environment and environmental protection  (It is just too difficult for someone like me to do much about the environment, I do what is right for the environment, even when it costs more money or takes more time, there are more important things to do in life than protect the environment, there is no point in doing what I can for the environment unless others do the same, many of the claims about environmental threats are exaggerated, I find it hard to know whether the way I live is helpful or harmful to the environment, environmental problems have a direct effect on my everyday life); assessment of the hazardousness of various factors potentially affecting the environment: air pollution caused by cars and by industry, from pesticides and chemicals used in farming, from water pollution, from a rise in the world´s temperature caused by climate change (greenhouse effect), from the modification of genes of certain crops, and nuclear power stations; best way of getting national business and industry as well as people and their families to protect the environment (heavy fines for businesses/ for people that damage the environment, use the tax system to reward businesses that/ people who protect the environment, more information and education for businesses/ people about the advantages of protecting the environment); extent of pleasure being outside in nature; frequency of any leisure activities outside in nature in the last twelve months; number of trips by plane in the last twelve months; number of hours in a typical week spend in a car or another motor vehicle (not public transport); number of days in a typical week the respondent eats beef, lamb, or products that contain them; number of rooms in the apartment or house; frequency of special efforts to sort glass or tins or plastic or newspapers for recycling; frequency of avoiding buying certain products for environmental reasons; member of a group to preserve environment; personal environmental political activities in the last five years (signed a petition about an environmental issue, given money to an environmental group, taken part in a protest or demonstration about an environmental issue); extent to which the neighbourhood was affected by air pollution, water pollution, and extreme weather events over the last twelve months.

Demography: Sex; year of birth; age; years of fulltime-schooling; country specific highest degree of education; ISCED 2011: highest completed degree of education (merged variable); ISCED 2011 simplified: highest completed degree of education; currently, formerly, or never in paid work; hours worked weekly; employment relationship; supervise other employees; number of other employees supervised; type of organization: for-profit vs. non-profit and public vs. private; occupation (ISCO/ ILO 2008); main employment status; living in steady partnership; trade union membership; country specific religious affiliation or denomination; groups of religious denominations (derived); attendance of religious services; Top-Bottom self-placement; if respondent voted in last general election; country specific party voted for in last general election; party the respondent voted for in last general election: left-right scale (derived); country specific ethnic group; size of household; number of adults in household; number of children above school entry age in household; number of children below school age in household; country specific personal income; country specific household income; legal partnership status; father´s country of birth; mother´s country of birth; place of living: urban – rural; country specific region.

Information about spouse/ partner: currently, formerly, or never in paid work; hours worked weekly; employment relationship; supervise other employees; occupation (ISCO/ ILO 2008); main employment status.

Additionally encoded: ID-number of respondent; Case substitution flag; date of interview (year, month, day); language of the interview; administrative mode of data collection; flag variable indicating partially completed interviews; weight; Country ISO 3166 Code; Country/ Sample ISO 3166 Code; Country/ Sample Prefix ISO 3166 Code - alphanumeric.";[];"[""[]""]";;[];"[""The International Social Survey Programme (ISSP) is a continuing annual program of cross-national survey collaboration, covering a wide range of topics important for social science research. Since 1985 the ISSP provides international data sets, enabling cross-cultural and cross-temporal research."", ""ISSP Environment modules mainly deal with attitudes towards environment related issues, such as environmental protection, respondents´ behavior and respondents´ preferences regarding governmental measures on environmental protection.""]";"[""2021-04-23 - 2021-08-16, Austria"", ""2020-02-21 - 2020-07-13, Switzerland"", ""2020-06-03 - 2020-09-06, Denmark"", ""2021-06-14 - 2021-08-18, Germany"", ""2020-09-21 - 2020-12-22, Finland"", ""2019-10-15 - 2019-10-27, Hungary"", ""2020-12-15 - 2021-05-28, Iceland"", ""2020-10-28 - 2020-12-02, Japan"", ""2021-01-22 - 2021-06-30, New Zealand"", ""2021-09-27 - 2021-09-30, Philippines"", ""2021-04-22 - 2021-04-28, Russia"", ""2020-11-10 - 2021-01-31, Slovenia"", ""2021-02-05 - 2021-09-06, Thailand"", ""2020-06-21 - 2021-01-05, Taiwan"", ""2021-06-22 - 2021-09-30, China"", ""2021-06-19 - 2021-07-18, Croatia"", ""2022-11-04 - 2022-11-30, Lithuania"", ""2020-09-21 - 2021-01-10, Norway"", ""2021-11-21 - 2022-04-25, Slovakia"", ""2020-10 - 2021-03, South Africa"", ""2023-03-13 - 2023-05-31, Spain"", ""2021-04-29 - 2021-06-03, France"", ""2020-09-25 - 2020-12-03, Sweden"", ""2020-12-01 - 2021-05-03, United States"", ""2022-09-23 - 2023-02-14, Italy"", ""2021-08-30 - 2021-10-27, South Korea"", ""2021-02-22 - 2021-06-09, Australia"", ""2023-02-08 - 2023-04-10, India""]";"[""tional Social Survey Programme (ISSP)"", ""Module Topic: Environment""]";[];"[""wrldissp2006_logo200.jpg"", ""wrldissp2006_logo200.jpg""]";"[""Individuum""]";"[""Numerisch""]";"[""Persönliches Interview : Computerunterstützte Befragung (CAPI/CAMI)"", ""Telefonisches Interview"", ""Selbstausgefüllter Fragebogen: Papier"", ""Selbstausgefüllter Fragebogen: Webbasiert (CAWI)"", ""Webbasiertes Interview"", ""Persönliches Interview : Papier-und-Bleistift (PAPI)""]";"[""Individual""]";"[""Numeric""]";"[""ISSP Research Group -  - ""]";"[{""label"": ""ZA7650_v2-0-0.sav  (Datensatz) 22.18 MB"", ""label_en"": ""ZA7650_v2-0-0.sav  (Dataset) 22.18 MB"", ""url"": ""https://access.gesis.org/dbk/74936"", ""secured"": ""true"", ""format"": """", ""filesize"": ""23255404""}, {""label"": ""ZA7650_v2-0-0.dta.zip  (Datensatz) 2.89 MB"", ""label_en"": ""ZA7650_v2-0-0.dta.zip  (Dataset) 2.89 MB"", ""url"": ""https://access.gesis.org/dbk/74935"", ""secured"": ""true"", ""format"": """", ""filesize"": ""3034630""}]";"[{""label"": ""ZA7650_characteristics_in.pdf Indien (sonstiges) 110.48 KB"", ""label_en"": ""ZA7650_characteristics_in.pdf India (Other Document) 110.48 KB"", ""url"": ""https://access.gesis.org/dbk/74912"", ""secured"": ""false""}, {""label"": ""ZA7650_TechnicalReport_in.pdf Indien (sonstiges) 348.83 KB"", ""label_en"": ""ZA7650_TechnicalReport_in.pdf India (Other Document) 348.83 KB"", ""url"": ""https://access.gesis.org/dbk/74913"", ""secured"": ""false""}, {""label"": ""ZA7650_characteristics_all.zip  (sonstiges) 2.4 MB"", ""label_en"": ""ZA7650_characteristics_all.zip  (Other Document) 2.4 MB"", ""url"": ""https://access.gesis.org/dbk/74942"", ""secured"": ""false""}, {""label"": ""ZA7650_backgroundvar_at.pdf Österreich (sonstiges) 648.99 KB"", ""label_en"": ""ZA7650_backgroundvar_at.pdf Austria  (Other Document) 648.99 KB"", ""url"": ""https://access.gesis.org/dbk/72543"", ""secured"": ""false""}, {""label"": ""ZA7650_backgroundvar_ch.pdf Schweiz (sonstiges) 970.69 KB"", ""label_en"": ""ZA7650_backgroundvar_ch.pdf Switzerland (Other Document) 970.69 KB"", ""url"": ""https://access.gesis.org/dbk/72544"", ""secured"": ""false""}, {""label"": ""ZA7650_backgroundvar_de.pdf Deutschland (sonstiges) 745.59 KB"", ""label_en"": ""ZA7650_backgroundvar_de.pdf Germany (Other Document) 745.59 KB"", ""url"": ""https://access.gesis.org/dbk/72545"", ""secured"": ""false""}, {""label"": ""ZA7650_backgroundvar_dk.pdf Dänemark (sonstiges) 792.88 KB"", ""label_en"": ""ZA7650_backgroundvar_dk.pdf Denmark (Other Document) 792.88 KB"", ""url"": ""https://access.gesis.org/dbk/72546"", ""secured"": ""false""}, {""label"": ""ZA7650_backgroundvar_fi.pdf Finnland (sonstiges) 690.44 KB"", ""label_en"": ""ZA7650_backgroundvar_fi.pdf Finland (Other Document) 690.44 KB"", ""url"": ""https://access.gesis.org/dbk/72547"", ""secured"": ""false""}, {""label"": ""ZA7650_backgroundvar_hu.pdf Ungarn (sonstiges) 834.42 KB"", ""label_en"": ""ZA7650_backgroundvar_hu.pdf Hungary (Other Document) 834.42 KB"", ""url"": ""https://access.gesis.org/dbk/72548"", ""secured"": ""false""}, {""label"": ""ZA7650_backgroundvar_is.pdf Island (sonstiges) 611.87 KB"", ""label_en"": ""ZA7650_backgroundvar_is.pdf Iceland (Other Document) 611.87 KB"", ""url"": ""https://access.gesis.org/dbk/72549"", ""secured"": ""false""}, {""label"": ""ZA7650_backgroundvar_jp.pdf Japan (sonstiges) 620.4 KB"", ""label_en"": ""ZA7650_backgroundvar_jp.pdf Japan (Other Document) 620.4 KB"", ""url"": ""https://access.gesis.org/dbk/72550"", ""secured"": ""false""}, {""label"": ""ZA7650_backgroundvar_nz.pdf Neuseeland (sonstiges) 443.5 KB"", ""label_en"": ""ZA7650_backgroundvar_nz.pdf New Zealand (Other Document) 443.5 KB"", ""url"": ""https://access.gesis.org/dbk/72551"", ""secured"": ""false""}, {""label"": ""ZA7650_backgroundvar_ph.pdf Philippinen (sonstiges) 798.45 KB"", ""label_en"": ""ZA7650_backgroundvar_ph.pdf Philippines (Other Document) 798.45 KB"", ""url"": ""https://access.gesis.org/dbk/72552"", ""secured"": ""false""}, {""label"": ""ZA7650_backgroundvar_ru.pdf Russland (sonstiges) 860.48 KB"", ""label_en"": ""ZA7650_backgroundvar_ru.pdf Russia (Other Document) 860.48 KB"", ""url"": ""https://access.gesis.org/dbk/72553"", ""secured"": ""false""}, {""label"": ""ZA7650_backgroundvar_si.pdf Slowenien (sonstiges) 683.28 KB"", ""label_en"": ""ZA7650_backgroundvar_si.pdf Slovenia (Other Document) 683.28 KB"", ""url"": ""https://access.gesis.org/dbk/72554"", ""secured"": ""false""}, {""label"": ""ZA7650_backgroundvar_th.pdf Thailand (sonstiges) 789.44 KB"", ""label_en"": ""ZA7650_backgroundvar_th.pdf Thailand (Other Document) 789.44 KB"", ""url"": ""https://access.gesis.org/dbk/72555"", ""secured"": ""false""}, {""label"": ""ZA7650_backgroundvar_tw.pdf Taiwan (sonstiges) 788.41 KB"", ""label_en"": ""ZA7650_backgroundvar_tw.pdf Taiwan (Other Document) 788.41 KB"", ""url"": ""https://access.gesis.org/dbk/72556"", ""secured"": ""false""}, {""label"": ""ZA7650_characteristics_at.pdf Österreich (sonstiges) 66.25 KB"", ""label_en"": ""ZA7650_characteristics_at.pdf Austria  (Other Document) 66.25 KB"", ""url"": ""https://access.gesis.org/dbk/72558"", ""secured"": ""false""}, {""label"": ""ZA7650_characteristics_ch.pdf Schweiz (sonstiges) 28.69 KB"", ""label_en"": ""ZA7650_characteristics_ch.pdf Switzerland (Other Document) 28.69 KB"", ""url"": ""https://access.gesis.org/dbk/72559"", ""secured"": ""false""}, {""label"": ""ZA7650_characteristics_de.pdf Deutschland (sonstiges) 115.28 KB"", ""label_en"": ""ZA7650_characteristics_de.pdf Germany (Other Document) 115.28 KB"", ""url"": ""https://access.gesis.org/dbk/72560"", ""secured"": ""false""}, {""label"": ""ZA7650_characteristics_dk.pdf Dänemark (sonstiges) 52.71 KB"", ""label_en"": ""ZA7650_characteristics_dk.pdf Denmark (Other Document) 52.71 KB"", ""url"": ""https://access.gesis.org/dbk/72561"", ""secured"": ""false""}, {""label"": ""ZA7650_characteristics_fi.pdf Finnland (sonstiges) 148.35 KB"", ""label_en"": ""ZA7650_characteristics_fi.pdf Finland (Other Document) 148.35 KB"", ""url"": ""https://access.gesis.org/dbk/72562"", ""secured"": ""false""}, {""label"": ""ZA7650_characteristics_hu.pdf Ungarn (sonstiges) 68.65 KB"", ""label_en"": ""ZA7650_characteristics_hu.pdf Hungary (Other Document) 68.65 KB"", ""url"": ""https://access.gesis.org/dbk/72563"", ""secured"": ""false""}, {""label"": ""ZA7650_characteristics_is.pdf Island (sonstiges) 155.47 KB"", ""label_en"": ""ZA7650_characteristics_is.pdf Iceland (Other Document) 155.47 KB"", ""url"": ""https://access.gesis.org/dbk/72564"", ""secured"": ""false""}, {""label"": ""ZA7650_characteristics_jp.pdf Japan (sonstiges) 138.2 KB"", ""label_en"": ""ZA7650_characteristics_jp.pdf Japan (Other Document) 138.2 KB"", ""url"": ""https://access.gesis.org/dbk/72565"", ""secured"": ""false""}, {""label"": ""ZA7650_characteristics_nz.pdf Neuseeland (sonstiges) 122.85 KB"", ""label_en"": ""ZA7650_characteristics_nz.pdf New Zealand (Other Document) 122.85 KB"", ""url"": ""https://access.gesis.org/dbk/72566"", ""secured"": ""false""}, {""label"": ""ZA7650_characteristics_ph.pdf Philippinen (sonstiges) 163.38 KB"", ""label_en"": ""ZA7650_characteristics_ph.pdf Philippines (Other Document) 163.38 KB"", ""url"": ""https://access.gesis.org/dbk/72567"", ""secured"": ""false""}, {""label"": ""ZA7650_characteristics_ru.pdf Russland (sonstiges) 65.94 KB"", ""label_en"": ""ZA7650_characteristics_ru.pdf Russia (Other Document) 65.94 KB"", ""url"": ""https://access.gesis.org/dbk/72568"", ""secured"": ""false""}, {""label"": ""ZA7650_characteristics_si.pdf Slowenien (sonstiges) 164.92 KB"", ""label_en"": ""ZA7650_characteristics_si.pdf Slovenia (Other Document) 164.92 KB"", ""url"": ""https://access.gesis.org/dbk/72569"", ""secured"": ""false""}, {""label"": ""ZA7650_characteristics_th.pdf Thailand (sonstiges) 47.22 KB"", ""label_en"": ""ZA7650_characteristics_th.pdf Thailand (Other Document) 47.22 KB"", ""url"": ""https://access.gesis.org/dbk/72570"", ""secured"": ""false""}, {""label"": ""ZA7650_characteristics_tw.pdf Taiwan (sonstiges) 72.14 KB"", ""label_en"": ""ZA7650_characteristics_tw.pdf Taiwan (Other Document) 72.14 KB"", ""url"": ""https://access.gesis.org/dbk/72571"", ""secured"": ""false""}, {""label"": ""ZA7650_TechnicalReport_at.pdf Österreich (sonstiges) 318.8 KB"", ""label_en"": ""ZA7650_TechnicalReport_at.pdf Austria  (Other Document) 318.8 KB"", ""url"": ""https://access.gesis.org/dbk/72572"", ""secured"": ""false""}, {""label"": ""ZA7650_TechnicalReport_ch.pdf Schweiz (sonstiges) 1.19 MB"", ""label_en"": ""ZA7650_TechnicalReport_ch.pdf Switzerland (Other Document) 1.19 MB"", ""url"": ""https://access.gesis.org/dbk/72573"", ""secured"": ""false""}, {""label"": ""ZA7650_TechnicalReport_de.pdf Deutschland (sonstiges) 308.41 KB"", ""label_en"": ""ZA7650_TechnicalReport_de.pdf Germany (Other Document) 308.41 KB"", ""url"": ""https://access.gesis.org/dbk/72574"", ""secured"": ""false""}, {""label"": ""ZA7650_TechnicalReport_dk.pdf Dänemark (sonstiges) 324.07 KB"", ""label_en"": ""ZA7650_TechnicalReport_dk.pdf Denmark (Other Document) 324.07 KB"", ""url"": ""https://access.gesis.org/dbk/72575"", ""secured"": ""false""}, {""label"": ""ZA7650_TechnicalReport_fi.pdf Finnland (sonstiges) 314.55 KB"", ""label_en"": ""ZA7650_TechnicalReport_fi.pdf Finland (Other Document) 314.55 KB"", ""url"": ""https://access.gesis.org/dbk/72576"", ""secured"": ""false""}, {""label"": ""ZA7650_TechnicalReport_hu.pdf Ungarn (sonstiges) 320.98 KB"", ""label_en"": ""ZA7650_TechnicalReport_hu.pdf Hungary (Other Document) 320.98 KB"", ""url"": ""https://access.gesis.org/dbk/72577"", ""secured"": ""false""}, {""label"": ""ZA7650_TechnicalReport_is.pdf Island (sonstiges) 153.64 KB"", ""label_en"": ""ZA7650_TechnicalReport_is.pdf Iceland (Other Document) 153.64 KB"", ""url"": ""https://access.gesis.org/dbk/72578"", ""secured"": ""false""}, {""label"": ""ZA7650_TechnicalReport_jp.pdf Japan (sonstiges) 313.58 KB"", ""label_en"": ""ZA7650_TechnicalReport_jp.pdf Japan (Other Document) 313.58 KB"", ""url"": ""https://access.gesis.org/dbk/72579"", ""secured"": ""false""}, {""label"": ""ZA7650_TechnicalReport_nz.pdf Neuseeland (sonstiges) 348.79 KB"", ""label_en"": ""ZA7650_TechnicalReport_nz.pdf New Zealand (Other Document) 348.79 KB"", ""url"": ""https://access.gesis.org/dbk/72580"", ""secured"": ""false""}, {""label"": ""ZA7650_TechnicalReport_ph.pdf Philippinen (sonstiges) 316.13 KB"", ""label_en"": ""ZA7650_TechnicalReport_ph.pdf Philippines (Other Document) 316.13 KB"", ""url"": ""https://access.gesis.org/dbk/72581"", ""secured"": ""false""}, {""label"": ""ZA7650_TechnicalReport_ru.pdf Russland (sonstiges) 1.55 MB"", ""label_en"": ""ZA7650_TechnicalReport_ru.pdf Russia (Other Document) 1.55 MB"", ""url"": ""https://access.gesis.org/dbk/72582"", ""secured"": ""false""}, {""label"": ""ZA7650_TechnicalReport_si.pdf Slowenien (sonstiges) 315.9 KB"", ""label_en"": ""ZA7650_TechnicalReport_si.pdf Slovenia (Other Document) 315.9 KB"", ""url"": ""https://access.gesis.org/dbk/72583"", ""secured"": ""false""}, {""label"": ""ZA7650_TechnicalReport_th.pdf Thailand (sonstiges) 329.79 KB"", ""label_en"": ""ZA7650_TechnicalReport_th.pdf Thailand (Other Document) 329.79 KB"", ""url"": ""https://access.gesis.org/dbk/72584"", ""secured"": ""false""}, {""label"": ""ZA7650_TechnicalReport_tw.pdf Taiwan (sonstiges) 324.14 KB"", ""label_en"": ""ZA7650_TechnicalReport_tw.pdf Taiwan (Other Document) 324.14 KB"", ""url"": ""https://access.gesis.org/dbk/72585"", ""secured"": ""false""}, {""label"": ""ZA7650_backgroundvar_all.zip  (sonstiges) 18.24 MB"", ""label_en"": ""ZA7650_backgroundvar_all.zip  (Other Document) 18.24 MB"", ""url"": ""https://access.gesis.org/dbk/74941"", ""secured"": ""false""}, {""label"": ""ZA7650_backgroundvar_in.pdf Indien (sonstiges) 1005.42 KB"", ""label_en"": ""ZA7650_backgroundvar_in.pdf India (Other Document) 1005.42 KB"", ""url"": ""https://access.gesis.org/dbk/74911"", ""secured"": ""false""}, {""label"": ""ZA7650_overview.pdf  (sonstiges) 109.6 KB"", ""label_en"": ""ZA7650_overview.pdf  (Other Document) 109.6 KB"", ""url"": ""https://access.gesis.org/dbk/74795"", ""secured"": ""false""}, {""label"": ""ZA7650_backgroundvar_au.pdf Australien (sonstiges) 576.76 KB"", ""label_en"": ""ZA7650_backgroundvar_au.pdf Australia (Other Document) 576.76 KB"", ""url"": ""https://access.gesis.org/dbk/74829"", ""secured"": ""false""}, {""label"": ""ZA7650_backgroundvar_cn.pdf China (sonstiges) 722.01 KB"", ""label_en"": ""ZA7650_backgroundvar_cn.pdf China (Other Document) 722.01 KB"", ""url"": ""https://access.gesis.org/dbk/74830"", ""secured"": ""false""}, {""label"": ""ZA7650_backgroundvar_es.pdf Spanien (sonstiges) 789.59 KB"", ""label_en"": ""ZA7650_backgroundvar_es.pdf Spain (Other Document) 789.59 KB"", ""url"": ""https://access.gesis.org/dbk/74831"", ""secured"": ""false""}, {""label"": ""ZA7650_backgroundvar_fr.pdf Frankreich (sonstiges) 665.72 KB"", ""label_en"": ""ZA7650_backgroundvar_fr.pdf France (Other Document) 665.72 KB"", ""url"": ""https://access.gesis.org/dbk/74832"", ""secured"": ""false""}, {""label"": ""ZA7650_backgroundvar_hr.pdf Kroatien (sonstiges) 638.15 KB"", ""label_en"": ""ZA7650_backgroundvar_hr.pdf Croatia (Other Document) 638.15 KB"", ""url"": ""https://access.gesis.org/dbk/74833"", ""secured"": ""false""}, {""label"": ""ZA7650_backgroundvar_it.pdf Italien (sonstiges) 612.82 KB"", ""label_en"": ""ZA7650_backgroundvar_it.pdf Italy (Other Document) 612.82 KB"", ""url"": ""https://access.gesis.org/dbk/74834"", ""secured"": ""false""}, {""label"": ""ZA7650_backgroundvar_kr.pdf Südkorea (sonstiges) 1.13 MB"", ""label_en"": ""ZA7650_backgroundvar_kr.pdf South Korea (Other Document) 1.13 MB"", ""url"": ""https://access.gesis.org/dbk/74835"", ""secured"": ""false""}, {""label"": ""ZA7650_backgroundvar_lt.pdf Litauen (sonstiges) 853.58 KB"", ""label_en"": ""ZA7650_backgroundvar_lt.pdf Lithuania (Other Document) 853.58 KB"", ""url"": ""https://access.gesis.org/dbk/74836"", ""secured"": ""false""}, {""label"": ""ZA7650_backgroundvar_no.pdf Norwegen (sonstiges) 730.76 KB"", ""label_en"": ""ZA7650_backgroundvar_no.pdf Norway (Other Document) 730.76 KB"", ""url"": ""https://access.gesis.org/dbk/74837"", ""secured"": ""false""}, {""label"": ""ZA7650_backgroundvar_se.pdf Schweden (sonstiges) 489.84 KB"", ""label_en"": ""ZA7650_backgroundvar_se.pdf Sweden (Other Document) 489.84 KB"", ""url"": ""https://access.gesis.org/dbk/74838"", ""secured"": ""false""}, {""label"": ""ZA7650_backgroundvar_sk.pdf Slowakei (sonstiges) 748.46 KB"", ""label_en"": ""ZA7650_backgroundvar_sk.pdf Slovakia (Other Document) 748.46 KB"", ""url"": ""https://access.gesis.org/dbk/74839"", ""secured"": ""false""}, {""label"": ""ZA7650_backgroundvar_us.pdf USA (sonstiges) 782.73 KB"", ""label_en"": ""ZA7650_backgroundvar_us.pdf USA (Other Document) 782.73 KB"", ""url"": ""https://access.gesis.org/dbk/74840"", ""secured"": ""false""}, {""label"": ""ZA7650_backgroundvar_za.pdf Südafrika (sonstiges) 697.77 KB"", ""label_en"": ""ZA7650_backgroundvar_za.pdf South Africa (Other Document) 697.77 KB"", ""url"": ""https://access.gesis.org/dbk/74841"", ""secured"": ""false""}, {""label"": ""ZA7650_characteristics_au.pdf Australien (sonstiges) 62.24 KB"", ""label_en"": ""ZA7650_characteristics_au.pdf Australia (Other Document) 62.24 KB"", ""url"": ""https://access.gesis.org/dbk/74842"", ""secured"": ""false""}, {""label"": ""ZA7650_characteristics_cn.pdf China (sonstiges) 64.31 KB"", ""label_en"": ""ZA7650_characteristics_cn.pdf China (Other Document) 64.31 KB"", ""url"": ""https://access.gesis.org/dbk/74843"", ""secured"": ""false""}, {""label"": ""ZA7650_characteristics_es.pdf Spanien (sonstiges) 84.14 KB"", ""label_en"": ""ZA7650_characteristics_es.pdf Spain (Other Document) 84.14 KB"", ""url"": ""https://access.gesis.org/dbk/74844"", ""secured"": ""false""}, {""label"": ""ZA7650_characteristics_fr.pdf Frankreich (sonstiges) 54.6 KB"", ""label_en"": ""ZA7650_characteristics_fr.pdf France (Other Document) 54.6 KB"", ""url"": ""https://access.gesis.org/dbk/74845"", ""secured"": ""false""}, {""label"": ""ZA7650_characteristics_hr.pdf Kroatien (sonstiges) 26.62 KB"", ""label_en"": ""ZA7650_characteristics_hr.pdf Croatia (Other Document) 26.62 KB"", ""url"": ""https://access.gesis.org/dbk/74846"", ""secured"": ""false""}, {""label"": ""ZA7650_characteristics_it.pdf Italien (sonstiges) 57.91 KB"", ""label_en"": ""ZA7650_characteristics_it.pdf Italy (Other Document) 57.91 KB"", ""url"": ""https://access.gesis.org/dbk/74847"", ""secured"": ""false""}, {""label"": ""ZA7650_characteristics_kr.pdf Südkorea (sonstiges) 90.59 KB"", ""label_en"": ""ZA7650_characteristics_kr.pdf South Korea (Other Document) 90.59 KB"", ""url"": ""https://access.gesis.org/dbk/74848"", ""secured"": ""false""}, {""label"": ""ZA7650_characteristics_lt.pdf Litauen (sonstiges) 134.61 KB"", ""label_en"": ""ZA7650_characteristics_lt.pdf Lithuania (Other Document) 134.61 KB"", ""url"": ""https://access.gesis.org/dbk/74849"", ""secured"": ""false""}, {""label"": ""ZA7650_characteristics_no.pdf Norwegen (sonstiges) 120.03 KB"", ""label_en"": ""ZA7650_characteristics_no.pdf Norway (Other Document) 120.03 KB"", ""url"": ""https://access.gesis.org/dbk/74850"", ""secured"": ""false""}, {""label"": ""ZA7650_characteristics_se.pdf Schweden (sonstiges) 125.29 KB"", ""label_en"": ""ZA7650_characteristics_se.pdf Sweden (Other Document) 125.29 KB"", ""url"": ""https://access.gesis.org/dbk/74851"", ""secured"": ""false""}, {""label"": ""ZA7650_characteristics_sk.pdf Slowakei (sonstiges) 112.99 KB"", ""label_en"": ""ZA7650_characteristics_sk.pdf Slovakia (Other Document) 112.99 KB"", ""url"": ""https://access.gesis.org/dbk/74852"", ""secured"": ""false""}, {""label"": ""ZA7650_characteristics_us.pdf USA (sonstiges) 50.26 KB"", ""label_en"": ""ZA7650_characteristics_us.pdf USA (Other Document) 50.26 KB"", ""url"": ""https://access.gesis.org/dbk/74853"", ""secured"": ""false""}, {""label"": ""ZA7650_characteristics_za.pdf Südafrika (sonstiges) 219.91 KB"", ""label_en"": ""ZA7650_characteristics_za.pdf South Africa (Other Document) 219.91 KB"", ""url"": ""https://access.gesis.org/dbk/74854"", ""secured"": ""false""}, {""label"": ""ZA7650_TechnicalReport_no.pdf Norwegen (sonstiges) 372.63 KB"", ""label_en"": ""ZA7650_TechnicalReport_no.pdf Norway (Other Document) 372.63 KB"", ""url"": ""https://access.gesis.org/dbk/74876"", ""secured"": ""false""}, {""label"": ""ZA7650_TechnicalReport_lt.pdf Litauen (sonstiges) 393.22 KB"", ""label_en"": ""ZA7650_TechnicalReport_lt.pdf Lithuania (Other Document) 393.22 KB"", ""url"": ""https://access.gesis.org/dbk/74875"", ""secured"": ""false""}, {""label"": ""ZA7650_TechnicalReport_kr.pdf Südkorea (sonstiges) 343.95 KB"", ""label_en"": ""ZA7650_TechnicalReport_kr.pdf South Korea (Other Document) 343.95 KB"", ""url"": ""https://access.gesis.org/dbk/74874"", ""secured"": ""false""}, {""label"": ""ZA7650_TechnicalReport_it.pdf Italien (sonstiges) 347.98 KB"", ""label_en"": ""ZA7650_TechnicalReport_it.pdf Italy (Other Document) 347.98 KB"", ""url"": ""https://access.gesis.org/dbk/74873"", ""secured"": ""false""}, {""label"": ""ZA7650_TechnicalReport_hr.pdf Kroatien (sonstiges) 396.86 KB"", ""label_en"": ""ZA7650_TechnicalReport_hr.pdf Croatia (Other Document) 396.86 KB"", ""url"": ""https://access.gesis.org/dbk/74872"", ""secured"": ""false""}, {""label"": ""ZA7650_TechnicalReport_fr.pdf Frankreich (sonstiges) 380.8 KB"", ""label_en"": ""ZA7650_TechnicalReport_fr.pdf France (Other Document) 380.8 KB"", ""url"": ""https://access.gesis.org/dbk/74871"", ""secured"": ""false""}, {""label"": ""ZA7650_TechnicalReport_es.pdf Spanien (sonstiges) 357.57 KB"", ""label_en"": ""ZA7650_TechnicalReport_es.pdf Spain (Other Document) 357.57 KB"", ""url"": ""https://access.gesis.org/dbk/74870"", ""secured"": ""false""}, {""label"": ""ZA7650_TechnicalReport_cn.pdf China (sonstiges) 397.03 KB"", ""label_en"": ""ZA7650_TechnicalReport_cn.pdf China (Other Document) 397.03 KB"", ""url"": ""https://access.gesis.org/dbk/74869"", ""secured"": ""false""}, {""label"": ""ZA7650_TechnicalReport_au.pdf Australien (sonstiges) 348.97 KB"", ""label_en"": ""ZA7650_TechnicalReport_au.pdf Australia (Other Document) 348.97 KB"", ""url"": ""https://access.gesis.org/dbk/74868"", ""secured"": ""false""}, {""label"": ""ZA7650_TechnicalReport_se.pdf Schweden (sonstiges) 358.31 KB"", ""label_en"": ""ZA7650_TechnicalReport_se.pdf Sweden (Other Document) 358.31 KB"", ""url"": ""https://access.gesis.org/dbk/74877"", ""secured"": ""false""}, {""label"": ""ZA7650_TechnicalReport_sk.pdf Slowakei (sonstiges) 465.99 KB"", ""label_en"": ""ZA7650_TechnicalReport_sk.pdf Slovakia (Other Document) 465.99 KB"", ""url"": ""https://access.gesis.org/dbk/74878"", ""secured"": ""false""}, {""label"": ""ZA7650_TechnicalReport_us.pdf USA (sonstiges) 350.41 KB"", ""label_en"": ""ZA7650_TechnicalReport_us.pdf USA (Other Document) 350.41 KB"", ""url"": ""https://access.gesis.org/dbk/74879"", ""secured"": ""false""}, {""label"": ""ZA7650_TechnicalReport_za.pdf Südafrika (sonstiges) 357.8 KB"", ""label_en"": ""ZA7650_TechnicalReport_za.pdf South Africa (Other Document) 357.8 KB"", ""url"": ""https://access.gesis.org/dbk/74880"", ""secured"": ""false""}, {""label"": ""ZA7650_TechnicalReport_all.zip  (sonstiges) 7.01 MB"", ""label_en"": ""ZA7650_TechnicalReport_all.zip  (Other Document) 7.01 MB"", ""url"": ""https://access.gesis.org/dbk/74944"", ""secured"": ""false""}]";"["""", """"]";Das International Social Survey Programme (ISSP) ist ein länderübergreifendes, fortlaufendes Umfrageprogramm, das jährlich Erhebungen zu Themen durchführt, die für die Sozialwissenschaften wichtig sind. Das Programm begann 1984 mit vier Gründungsmitgliedern - Australien, Deutschland, Großbritannien und den Vereinigten Staaten - und ist inzwischen auf fast 50 Mitgliedsländer aus aller Welt angewachsen. Da die Umfragen auf Replikationen ausgelegt sind, können die Daten sowohl für länder- als auch für zeitübergreifende Vergleiche genutzt werden. Jedes ISSP-Modul konzentriert sich auf ein bestimmtes Thema, das in regelmäßigen Zeitabständen wiederholt wird. Details zur Durchführung der nationalen ISSP-Umfragen entnehmen Sie bitte der Dokumentation. Die vorliegende Studie konzentriert sich auf Fragen zu Umwelt, Klimawandel und Umweltschutz.;;;The International Social Survey Programme (ISSP) is a continuous programme of cross-national collaboration running annual surveys on topics important for the social sciences. The programme started in 1984 with four founding members - Australia, Germany, Great Britain, and the United States – and has now grown to almost 50 member countries from all over the world. As the surveys are designed for replication, they can be used for both, cross-national and cross-time comparisons. Each ISSP module focuses on a specific topic, which is repeated in regular time intervals. Please, consult the documentation for details on how the national ISSP surveys are fielded. The present study focuses on questions about the environment, climate change and environmental protection.;[];
European Values Study 2017: Integrated Dataset (EVS 2017);European Values Study 2017: Integrated Dataset (EVS 2017);ZA7500;2022;2022;2022;research_data;dbk;https://dbk.gesis.org/dbksearch/SDESC2.asp?no=7500&db=D;"Die European Values Study ist ein groß angelegtes, länderübergreifendes und längsschnittliches Umfrage-Forschungsprogramm zu der Frage, wie Europäer über Familie, Arbeit, Religion, Politik und Gesellschaft denken. Die Umfrage wird alle neun Jahre in einer wachsenden Zahl von Ländern wiederholt und bietet Einblicke in die Ideen, Überzeugungen, Präferenzen, Einstellungen, Werte und Meinungen der Bürger in ganz Europa.

Wie die vorhergehenden Erhebungen in den Jahren 1981, 1990, 1999 und 2008 konzentriert sich auch die fünfte EVS-Welle weiterhin auf ein breites Spektrum von Werten. Die Fragen sind zwischen den Wellen und Regionen in hohem Maße vergleichbar, so dass sich der EVS für Forschungsarbeiten zur Untersuchung von Trends im Zeitverlauf eignet.

Mit der neuen Welle wurden die methodischen Standards gestärkt. Das full release des EVS 2017 enthält Daten und Dokumentationen von insgesamt 37 teilnehmenden Ländern. Weitere Informationen finden Sie auf der Website des EVS.

Moralische, religiöse, gesellschaftliche, politische, berufliche und familiäre Werte der Europäer.

Themen: 1. Wahrnehmungen des Lebens: Bedeutung von Arbeit, Familie, Freunden und Bekannten, Freizeit, Politik und Religion; Glück; Selbsteinschätzung der eigenen Gesundheit; Mitgliedschaften in Freiwilligenorganisationen (religiöse oder kirchliche Organisationen, kulturelle Aktivitäten, Gewerkschaften, politische Parteien oder Gruppen, Umwelt, Ökologie, Tierrechte, Berufsverbände, Sport, Freizeit oder andere Gruppen, keine); aktive oder inaktive Mitgliedschaft in humanitären oder karitativen Organisationen, Verbraucherorganisationen, Selbsthilfegruppen oder gegenseitige Unterstützung; Freiwilligenarbeit in den letzten sechs Monaten; Toleranz gegenüber Minderheiten (Menschen anderer Rassen, starke Trinker, Einwanderer, Ausländer, Drogenabhängige, Homosexuelle, Christen, Muslime, Juden und Zigeuner - soziale Distanz); Vertrauen in Menschen; Einschätzung von fairem und hilfsbereitem Verhalten; interne oder externe Kontrolle; Lebenszufriedenheit; Bedeutung von Bildungszielen: wünschenswerte Eigenschaften von Kindern. 

2. Arbeit: Einstellung zur Arbeit (Arbeit wird zur Entwicklung von Talenten benötigt, Geld ohne Arbeit zu erhalten, ist demütigend, Menschen werden faul, wenn sie nicht arbeiten, Arbeit ist eine Pflicht gegenüber der Gesellschaft, Arbeit steht immer an erster Stelle); Bedeutung ausgewählter Aspekte der beruflichen Arbeit; Vorrang von Einheimischen vor Ausländern sowie Männern vor Frauen im Job.

3. Religion und Moral: Religionsgemeinschaft; aktuelle und ehemalige Religionsgemeinschaft; Kirchgangshäufigkeit derzeit und im Alter von 12 Jahren; Selbsteinschätzung der Religiosität; Glaube an Gott, Leben nach dem Tod, Hölle, Himmel und Wiedergeburt; persönlicher Gott vs. Geist oder Lebenskraft; Bedeutung Gottes im eigenen Leben (10-Punkte-Skala); Häufigkeit von Gebeten; Moralvorstellungen (Skala: Inanspruchnahme von staatlichen Leistungen ohne Anspruch, Steuerbetrug, Einnahme von weichen Drogen, Annehmen von Bestechungsgeldern, Homosexualität, Abtreibung, Scheidung, Sterbehilfe, Selbstmord, Barzahlung zur Vermeidung von Steuern, Gelegenheitssex, Schwarzfahren im öffentlichen Verkehr, Prostitution, In-vitro-Fertilisation, politische Gewalt, Todesstrafe).

4. Familie: Vertrauen in die Familie; wichtigste Kriterien für eine erfolgreiche Ehe oder Partnerschaft (Treue, angemessenes Einkommen, gutes Wohnen, Aufteilung der Haushaltsarbeit, Kinder, Zeit für Freunde und persönliche Hobbys); Ehe ist eine veraltete Institution; Einstellung zum traditionellen Verständnis der Rolle von Mann und Frau in Beruf und Familie (Geschlechterrollen); homosexuelle Paare sind ebenso gute Eltern wie andere Paare; Verpflichtung gegenüber der Gesellschaft, Kinder zu bekommen; Verantwortung von erwachsenen Kindern für ihre Eltern, wenn sie langfristig betreut werden müssen; Hauptziel im Leben die eigenen Eltern stolz zu machen.

5. Politik und Gesellschaft: Politikinteresse; politische Partizipation; Präferenz für individuelle Freiheit oder soziale Gleichheit; Selbsteinschätzung auf einem Links-rechts Kontinuum (10-Punkte-Skala); individuelle vs. staatliche Verantwortung für die Bereitstellung; Übernahme jedes Jobs vs. Recht auf Ablehnung eines Jobs durch Arbeitslose; Wettbewerb gut vs. schädlich für Menschen; gleiche Einkommen vs. Anreize für individuelle Anstrengungen; privates vs. Staatseigentum von Wirtschaft und Industrie; Postmaterialismus (Skala); wichtigste Ziele des Landes für die nächsten zehn Jahre; Bereitschaft, für das Land zu kämpfen; Erwartung der zukünftigen Entwicklung (weniger Bedeutung der Arbeit und größere Achtung der Autorität); Institutionenvertrauen; wesentliche Merkmale der Demokratie; Bedeutung der Demokratie für den Befragten; Bewertung der Demokratie im eigenen Land; Zufriedenheit mit dem politischen System im Land; bevorzugte Art des politischen Systems (starker Führer, Expertenentscheidungen, Armee sollte das Land regieren, oder Demokratie); Wahlbeteiligung bei Wahlen auf lokaler, nationaler und europäischer Ebene; politische Partei mit der größten Anziehungskraft; andere politische Partei, die am besten gefällt; Bewertung der Wahlen des Landes (Stimmen werden fair ausgezählt, Oppositionskandidaten werden am Arbeiten gehindert, Fernsehnachrichten begünstigen die Regierungspartei, Wählerbestechung, faire Berichterstattung über Wahlen, faire Wahlbeamte, reiche Menschen kaufen Wahlen, Wähler werden von Gewalt bei den Wahlen bedroht); Meinung zum Recht auf Videoüberwachung in öffentlichen Bereichen, Überwachung aller E-Mails und aller anderen im Internet ausgetauschten Informationen, Sammeln von Informationen über jeden im Land ohne dessen Wissen; Interesse an Politik in den Medien; Besorgnis über die Lebensbedingungen der Menschen in der Nachbarschaft, der Menschen in der Region, der Landsleute, der Europäer, aller Menschen weltweit, älterer Menschen, Arbeitsloser, Einwanderer, kranker und behinderter Menschen; gesellschaftliche Ziele (Beseitigung von Einkommensungleichheiten, Grundsicherung für alle, Anerkennung von Menschen nach Verdiensten, Schutz vor Terrorismus). 

6. Nationale Identität: Vertrauen in Menschen aus verschiedenen Gruppen (Nachbarschaft, persönlich bekannte Personen, Menschen, die man zum ersten Mal trifft, Menschen einer anderen Religion und Menschen einer anderen Nationalität); geografische Gruppe, der sich der Befragte zugehörig fühlt (Stadt, Region, Land, Europa, Welt); Staatsbürgerschaft; Nationalstolz; Bewertung des Einflusses von Einwanderern auf die Entwicklung des Landes; Einstellung gegenüber Einwanderern und ihren Bräuchen und Traditionen (Arbeitsplatzabbau, zunehmende Kriminalitätsprobleme, Belastung des Sozialsystems des Landes, ihre unterschiedlichen Bräuche und Traditionen erhalten vs. Bräuche übernehmen); wichtige Aspekte der nationalen Identität (im Land geboren worden zu sein, die politischen Institutionen und Gesetze des Landes zu respektieren, Abstammung des Landes, Landessprache sprechen, nationale Kultur teilen); wichtige Aspekte der europäischen Identität (in Europa geboren worden zu sein, europäische Abstammung, Christ sein, europäische Kultur teilen); Einstellung gegenüber der Erweiterung der Europäischen Union.

7. Umwelt: Einstellung zur Umwelt (Skala: Bereitschaft, einen Teil des eigenen Einkommens für die Umwelt zu geben, zu schwierig, viel für die Umwelt zu tun, wichtigere Dinge im Leben als der Umweltschutz, eigene Aktivitäten sind nutzlos, solange andere nicht das Gleiche für die Umwelt tun, Behauptungen über Umweltgefahren sind übertrieben); Schutz der Umwelt vs. Wirtschaftswachstum.

Demographie: Geschlecht; Alter (Geburtsjahr); im Land des Interviews geboren; Geburtsland; Einwanderungsjahr; aktueller rechtlicher Familienstand; Zusammenleben mit dem Partner vor der Heirat oder vor der Eintragung der Partnerschaft; Zusammenleben mit einem Partner; feste Beziehung; Zusammenleben mit Eltern oder Schwiegereltern; Anzahl der Kinder im Haushalt und außerhalb des Haushalts; Anzahl der Personen im Haushalt (Haushaltsgröße); Alter der jüngsten Person im Haushalt; Alter bei Abschluss der Ausbildung; höchster Bildungsgrad (ISCED 97); Beschäftigungsstatus; Beschäftigung oder Selbständigkeit in der letzten Beschäftigung; derzeitige oder letzte Haupttätigkeit; Beruf (ISCO-08, SIOPS-08, ISEI-08, ESEC-08, EGP-11); Anzahl der Mitarbeiter (Unternehmensgröße); Vorgesetztenfunktion und Anzahl der beaufsichtigten Personen; Berufssektor (Regierung oder öffentliche Einrichtung, Privatwirtschaft oder Industrie oder private gemeinnützige Einrichtung); Arbeitslosigkeit länger als drei Monate; Abhängigkeit von der sozialen Sicherung in den letzten fünf Jahren; Höhe des Haushaltseinkommens (wöchentlich, monatlich, jährlich).

Angaben zum Partner/Ehepartner: im Land des Interviews geboren; Geburtsland; höchster Bildungsstand (ISCED 97); Beschäftigungsstatus; Beschäftigung oder Selbständigkeit in der letzten Stelle; derzeitige oder letzte Haupttätigkeit; Beruf (ISCO-08, SIOPS-08, ISEI-08, ESEC-08, EGP-11); Anzahl der Mitarbeiter (Unternehmensgröße); Vorgesetztenfunktion und Anzahl der beaufsichtigten Personen.

Informationen über die Eltern des Befragten: Vater und Mutter im Land des Interviews geboren; Geburtsland von Vater und Mutter; Höhe des Haushaltseinkommens; höchster Bildungsstand von Vater und Mutter (ISCED 97); Beschäftigungsstatus von Vater und Mutter, als der Befragten 14 Jahre alt war; Berufsgruppe des Hauptverdieners im Alter von 14 Jahren; ; Charakterisierung der Eltern, als der Befragte 14 Jahre alt war (Skala: las gerne Bücher, diskutierte mit seinem Kind zu Hause über Politik, verfolgte gerne die Nachrichten, hatte Probleme, über die Runden zu kommen, hatte Probleme, kaputte Dinge zu ersetzen).

Interviewer-Rating: Interesse des Befragten während des Interviews.

Zusätzlich verkodet wurde: Befragten-ID; Fallnummer-ID; Erhebungsjahr; Beginn und Ende der Feldarbeit (Jahr und Monat); Ländercode (ISO 3166); Länderkürzel (ISO 3166); Land und Jahr der Feldarbeit (ISO 3166); Art der Datenerhebung; Region (NUTS); Ortsgröße (NUTS); Interviewdatum; Uhrzeit des Interviews (Stunde und Minute des Beginns und des Endes); Sprache des Interviews; Interviewer-Nummer; Mixed mode and matrix design Variablen; Duplizierung von Fällen nach Zusammenführung von Haupt- und Add on Datensätzen; Flag-Variable: Inkonsistenzen; Flag-Variable: vollständiger/unvollständiger Fall; monatliches Haushaltsnettoeinkommen (x1000), korrigiert um ppp in Euro; Gewichtungsfaktoren.

In diesem nationalen Datensatz sind weitere länderspezifische Variablen enthalten.";"[""Gedeshi, Ilir"", ""Pachulia, Merab"", ""Poghosyan, Gevorg"", ""Rotman, David"", ""Kritzinger, Sylvia"", ""Fotev, Georgy"", ""Kolenovi?-?apo, Jadranka"", ""Baloban, Josip"", ""Baloban, Stjepan"", ""Rabušic, Ladislav"", ""Frederiksen, Morten"", ""Saar, Erki"", ""Ketola, Kimmo"", ""Wolf, Christof"", ""Pachulia, Merab"", ""Bréchon, Pierre"", ""Voas, David"", ""Rosta, Gergely"", ""Jónsdóttir, Guðbjörg A."", ""Rovati, Giancarlo"", ""Ziliukaite, Ruta"", ""Petkovska, Antoanela"", ""Komar, Olivera"", ""Reeskens, Tim"", ""Jenssen, Anders T."", ""Soboleva, Natalia"", ""Marody, Miros?awa"", ""Voicu, Bogdan"", ""Strapcová, Katarina"", ""Beši?, Miloš"", ""Uhan, Samo"", ""Silvestre Cabrera, María"", ""Wallman-Lundåsen, Susanne"", ""Ernst Stähli, Michèle"", ""Ramos, Alice"", ""Balakireva, Olga"", ""Mieri?a, Inta""]";"[""EVS -  - ""]";GESIS;GedeshiPachuliaPoghosyan;"[""Center for Economic and Social Studies (CESS"", ""SORGU, Baku, Azerbaijan"", ""Institute of Philosophy, Sociology and Law, Armenian National Academy of Sciences, Yerevan, Armenia"", ""The Center of Sociological and Political Research, Belarus State University, Minsk, Belarus"", ""Department of Government, University of Vienna, Vienna, Austria"", ""Faculty for Social Wellbeing, New Bulgarian University, Sofia, Bulgaria"", ""Faculty of Philosophy, University of Sarajevo, Bosnia and Herzegovina"", ""Catholic Faculty of Theology, University of Zagreb, Zagreb, Croatia"", ""Catholic Faculty of Theology, University of Zagreb, Zagreb, Croatia (since September 2019"", ""Faculty of Social Studies, Masaryk University, Brno, Czech Republic"", ""Statistics Denmark, Copenhagen, Denmark"", ""Saar Poll, Tallinn, Estonia"", ""Kirkon tutkimuskeskus, Tampere, Finland"", ""Department of Social Sciences, GESIS - Leibniz Institute for the Social Sciences, Mannheim, Germany"", ""GORBI (Georgian Opinion Research Business International"", ""Institut d’études politiques de Grenoble, Grenoble, France"", ""Department of Social Science, University College London, Great Britain"", ""Department of Sociology, Pázmány Péter Catholic University, Budapest, Hungary"", ""Social Science Research Institute, University of Iceland, Reykjavik, Iceland"", ""Department of Sociology, Catholic University of the Sacred Heart, Milan, Italy"", ""Department of Sociology, Vilnius University, Lithuania"", ""Department of Sociology, Ss. Cyril and Methodius University, Skopje, North Macedonia"", ""De Facto Consultancy, Podgorica, Montenegro"", ""Department of Sociology, Tilburg University, Tilburg, Netherlands"", ""Department of Sociology and Political Science, Norwegian University of Science and Technology, Norway"", ""Laboratory for Comparative Social Research, Higher School of Economics, Moscow, Russia"", ""Institute of Sociology, University of Warsaw, Warsaw, Poland"", ""Research institute for Quality of Life, Romanian Academy of Science, Bucharest, Romania"", ""Institute for Sociology, Slovak Academy of Sciences, Bratislava, Slovak Republic"", ""Faculty of Political Sciences, University of Belgrade, Serbia"", ""Faculty of Social Sciences, Public Opinion and Mass Communication Research, University of Ljubljana, Ljubljana, Slovenia"", ""Faculty of Political Sciences and Sociology, Deusto University, Bilbao, Spain"", ""Department of Social Sciences, Mid Sweden University, Sundsvall, Sweden"", ""FORS, Swiss Foundation for Research in Social Sciences, Université de Lausanne, Lausanne, Switzerland"", ""Instituto de Ciências Sociais, Universidade de Lisboa, Portugal"", ""Institute Economy and Prognoses, National Academy of Ukraine, Department of Monitoring Research of the Social and Economic Process, Kiev, Ukraine"", ""University of Latvia, Riga, Latvia""]";2017-06-19 - 2021-10-01;;"[""Albanien (AL)"", ""Armenien (AM)"", ""Österreich (AT)"", ""Aserbaidschan (AZ)"", ""Weißrussland (BY)"", ""Bosnien und Herzegowina (BA)"", ""Bulgarien (BG)"", ""Kroatien (HR)"", ""Tschechische Republik (CZ)"", ""Dänemark (DK)"", ""Estland (EE)"", ""Finnland (FI)"", ""Frankreich (FR)"", ""Georgien (GE)"", ""Deutschland (DE)"", ""Ungarn (HU)"", ""Island (IS)"", ""Italien (IT)"", ""Litauen (LT)"", ""Montenegro (ME)"", ""Niederlande (NL)"", ""Nord-Mazedonien (MK)"", ""Norwegen (NO)"", ""Polen (PL)"", ""Rumänien (RO)"", ""Russische Föderation (RU)"", ""Serbien (RS)"", ""Slowakei (SK)"", ""Slowenien (SI)"", ""Schweden (SE)"", ""Spanien (ES)"", ""Schweiz (CH)"", ""Portugal (PT)"", ""Ukraine (UA)"", ""Lettland (LV)""]";"[""Albanien"", ""Armenien"", ""Österreich"", ""Aserbaidschan"", ""Weißrussland"", ""Bosnien und Herzegowina"", ""Bulgarien"", ""Kroatien"", ""Tschechische Republik"", ""Dänemark"", ""Estland"", ""Finnland"", ""Frankreich"", ""Georgien"", ""Deutschland"", ""Ungarn"", ""Island"", ""Italien"", ""Litauen"", ""Montenegro"", ""Niederlande"", ""Nord-Mazedonien"", ""Norwegen"", ""Polen"", ""Rumänien"", ""Russische Föderation"", ""Serbien"", ""Slowakei"", ""Slowenien"", ""Schweden"", ""Spanien"", ""Schweiz"", ""Portugal"", ""Ukraine"", ""Lettland""]";"&bull;   Persönliches Interview : Computerunterstützte Befragung (CAPI/CAMI)
&bull;   Persönliches Interview : Papier-und-Bleistift (PAPI)
&bull;   Telefonisches Interview: Computerunterstützte Befragung (CATI)
&bull;   Selbstausgefüllter Fragebogen: Papier
&bull;   Selbstausgefüllter Fragebogen: Webbasiert (CAWI);
";;"&bull;   Wahrscheinlichkeitsauswahl: Mehrstufige Zufallsauswahl
&bull;   Wahrscheinlichkeitsauswahl: Einfache Zufallsauswahl;
";;;"[""doi:10.4232/1.13897""]";;;;;;;, 2022-05-16,  https://doi.org/doi:10.4232/1.13897;"Gedeshi, I., Pachulia, M., Poghosyan, G., Rotman, D., Kritzinger, S., Fotev, G., Kolenovi?-?apo, J., . . . Mieri?a, I. (2022). European Values Study 2017: Integrated Dataset (EVS 2017) (ZA7500; Version )  [Data set]. GESIS, Köln. https://doi.org/doi:10.4232/1.13897";"(ZA7500; Version )  [Data set]. GESIS, Köln. https://doi.org/doi:10.4232/1.13897";;;;;;"[""Albania (AL)"", ""Armenia (AM)"", ""Austria (AT)"", ""Azerbaijan (AZ)"", ""Belarus (BY)"", ""Bosnia and Herzegovina (BA)"", ""Bulgaria (BG)"", ""Croatia (HR)"", ""Czech Republic (CZ)"", ""Denmark (DK)"", ""Estonia (EE)"", ""Finland (FI)"", ""France (FR)"", ""Georgia (GE)"", ""Germany (DE)"", ""Hungary (HU)"", ""Iceland (IS)"", ""Italy (IT)"", ""Lithuania (LT)"", ""Montenegro (ME)"", ""Netherlands (NL)"", ""North Macedonia (MK)"", ""Norway (NO)"", ""Poland (PL)"", ""Romania (RO)"", ""Russian Federation (RU)"", ""Serbia (RS)"", ""Slovakia (SK)"", ""Slovenia (SI)"", ""Sweden (SE)"", ""Spain (ES)"", ""Switzerland (CH)"", ""Portugal (PT)"", ""Ukraine (UA)"", ""Latvia (LV)""]";"[""Albania"", ""Armenia"", ""Austria"", ""Azerbaijan"", ""Belarus"", ""Bosnia and Herzegovina"", ""Bulgaria"", ""Croatia"", ""Czech Republic"", ""Denmark"", ""Estonia"", ""Finland"", ""France"", ""Georgia"", ""Germany"", ""Hungary"", ""Iceland"", ""Italy"", ""Lithuania"", ""Montenegro"", ""Netherlands"", ""North Macedonia"", ""Norway"", ""Poland"", ""Romania"", ""Russian Federation"", ""Serbia"", ""Slovakia"", ""Slovenia"", ""Sweden"", ""Spain"", ""Switzerland"", ""Portugal"", ""Ukraine"", ""Latvia""]";"&bull;   Face-to-face interview: Computer-assisted (CAPI/CAMI)
&bull;   Face-to-face interview: Paper-and-pencil (PAPI)
&bull;   Telephone interview: Computer-assisted (CATI)
&bull;   Self-administered questionnaire: Paper
&bull;   Self-administered questionnaire: Web-based (CAWI);
";;;;"(ZA7500; Version ) [Data set]. GESIS, Cologne. https://doi.org/doi:10.4232/1.13897";"&bull;   Probability: Multistage
&bull;   Probability: Simple random;
";"Gedeshi, I., Pachulia, M., Poghosyan, G., Rotman, D., Kritzinger, S., Fotev, G., Kolenovi?-?apo, J., . . . Mieri?a, I. (2022). European Values Study 2017: Integrated Dataset (EVS 2017) (ZA7500; Version ) [Data set]. GESIS, Cologne. https://doi.org/doi:10.4232/1.13897";"[""Face-to-face interview: Computer-assisted (CAPI/CAMI)"", ""Face-to-face interview: Paper-and-pencil (PAPI)"", ""Telephone interview: Computer-assisted (CATI)"", ""Self-administered questionnaire: Paper"", ""Self-administered questionnaire: Web-based (CAWI)""]";;GESIS-Datenarchiv;GESIS-DBK;0;1;1;10;;[];;;;"[{""label"": ""ZA7500_cdb_App_C_NUTS.pdf Anhang C: NUTS (Variablenreport) 331.32 KB"", ""label_en"": ""ZA7500_cdb_App_C_NUTS.pdf Appendix C: NUTS (Variable Report) 331.32 KB"", ""url"": ""https://access.gesis.org/dbk/65196"", ""secured"": ""false""}, {""label"": ""ZA7500_cdb_App_B_Income.pdf Anhang B: Einkommen (Variablenreport) 235.72 KB"", ""label_en"": ""ZA7500_cdb_App_B_Income.pdf Appendix B: Income (Variable Report) 235.72 KB"", ""url"": ""https://access.gesis.org/dbk/65195"", ""secured"": ""false""}, {""label"": ""ZA7500_cdb_App_A4_Mapping_Education.pdf Anhang A4: Mapping Bildungsabschluss (Variablenreport) 659.16 KB"", ""label_en"": ""ZA7500_cdb_App_A4_Mapping_Education.pdf Appendix A4: Mapping Education (Variable Report) 659.16 KB"", ""url"": ""https://access.gesis.org/dbk/65194"", ""secured"": ""false""}, {""label"": ""ZA7500_cdb_App_A3_Education.pdf Anhang A3: Bildungsabschluss (Variablenreport) 1.31 MB"", ""label_en"": ""ZA7500_cdb_App_A3_Education.pdf Appendix A3: Education (Variable Report) 1.31 MB"", ""url"": ""https://access.gesis.org/dbk/65193"", ""secured"": ""false""}, {""label"": ""ZA7500_cdb_App_A2_Political_Parties.pdf Anhang A2: Parteien (Variablenreport) 1.03 MB"", ""label_en"": ""ZA7500_cdb_App_A2_Political_Parties.pdf Appendix A2: Political Parties (Variable Report) 1.03 MB"", ""url"": ""https://access.gesis.org/dbk/65192"", ""secured"": ""false""}, {""label"": ""ZA7500_cdb_App_A1_Religion.pdf Anhang A1: Religion (Variablenreport) 932.42 KB"", ""label_en"": ""ZA7500_cdb_App_A1_Religion.pdf Appendix A1: Religion (Variable Report) 932.42 KB"", ""url"": ""https://access.gesis.org/dbk/65191"", ""secured"": ""false""}, {""label"": ""ZA7500_cdb.pdf  (Variablenreport) 5.8 MB"", ""label_en"": ""ZA7500_cdb.pdf  (Variable Report) 5.8 MB"", ""url"": ""https://access.gesis.org/dbk/65190"", ""secured"": ""false""}, {""label"": ""ZA7500_cdb_App_B1_Income_Terciles.pdf Einkommen Terzile (Variablenreport) 546.97 KB"", ""label_en"": ""ZA7500_cdb_App_B1_Income_Terciles.pdf Income Terciles  (Variable Report) 546.97 KB"", ""url"": ""https://access.gesis.org/dbk/69446"", ""secured"": ""false""}, {""label"": ""ZA7500_Guide_Mixed-Mode_Matrix.pdf Leitfaden Mixed-Mode Matrix (Variablenreport) 801.15 KB"", ""label_en"": ""ZA7500_Guide_Mixed-Mode_Matrix.pdf Guide Mixed-Mode Matrix  (Variable Report) 801.15 KB"", ""url"": ""https://access.gesis.org/dbk/69455"", ""secured"": ""false""}, {""label"": ""ZA7500_Guide_Weighting.pdf Gewichtung (Variablenreport) 450.89 KB"", ""label_en"": ""ZA7500_Guide_Weighting.pdf Weighting (Variable Report) 450.89 KB"", ""url"": ""https://access.gesis.org/dbk/69491"", ""secured"": ""false""}]";"[{""label"": ""Link_ZA7539_q_ua.pdf.txt Ukraine (Fragebogen) 1.03 MB"", ""label_en"": ""Link_ZA7539_q_ua.pdf.txt Ukraine (Questionnaire) 1.03 MB"", ""url"": ""https://access.gesis.org/dbk/72393"", ""secured"": ""false""}, {""label"": ""ZA7500_bq_CAPI.pdf CAPI Master (Fragebogen) 740.2 KB"", ""label_en"": ""ZA7500_bq_CAPI.pdf CAPI Master (Questionnaire) 740.2 KB"", ""url"": ""https://access.gesis.org/dbk/66239"", ""secured"": ""false""}, {""label"": ""ZA7500_bq_CAWI.pdf CAWI Master (Fragebogen) 1.18 MB"", ""label_en"": ""ZA7500_bq_CAWI.pdf CAWI Master (Questionnaire) 1.18 MB"", ""url"": ""https://access.gesis.org/dbk/66240"", ""secured"": ""false""}, {""label"": ""ZA7500_q_al.pdf Albanien (Fragebogen) 1.28 MB"", ""label_en"": ""ZA7500_q_al.pdf Albania (Questionnaire) 1.28 MB"", ""url"": ""https://access.gesis.org/dbk/66244"", ""secured"": ""false""}, {""label"": ""ZA7500_q_am.pdf Armenien (Fragebogen) 687.42 KB"", ""label_en"": ""ZA7500_q_am.pdf Armenia (Questionnaire) 687.42 KB"", ""url"": ""https://access.gesis.org/dbk/65198"", ""secured"": ""false""}, {""label"": ""ZA7500_q_at.pdf Österreich (Fragebogen) 3.32 MB"", ""label_en"": ""ZA7500_q_at.pdf Austria (Questionnaire) 3.32 MB"", ""url"": ""https://access.gesis.org/dbk/65199"", ""secured"": ""false""}, {""label"": ""ZA7500_q_az.pdf Aserbaidschan (Fragebogen) 2.1 MB"", ""label_en"": ""ZA7500_q_az.pdf Azerbaijan (Questionnaire) 2.1 MB"", ""url"": ""https://access.gesis.org/dbk/66245"", ""secured"": ""false""}, {""label"": ""ZA7500_q_ba.pdf Bosnien und Herzegowina (Fragebogen) 4.08 MB"", ""label_en"": ""ZA7500_q_ba.pdf Bosnia and Herzegovina (Questionnaire) 4.08 MB"", ""url"": ""https://access.gesis.org/dbk/67583"", ""secured"": ""false""}, {""label"": ""ZA7500_q_bg.pdf Bulgarien (Fragebogen) 707.45 KB"", ""label_en"": ""ZA7500_q_bg.pdf Bulgaria (Questionnaire) 707.45 KB"", ""url"": ""https://access.gesis.org/dbk/65200"", ""secured"": ""false""}, {""label"": ""ZA7500_q_by.pdf Weißrussland (Fragebogen) 495.32 KB"", ""label_en"": ""ZA7500_q_by.pdf Belarus (Questionnaire) 495.32 KB"", ""url"": ""https://access.gesis.org/dbk/65201"", ""secured"": ""false""}, {""label"": ""ZA7500_q_ch.zip Schweiz (Fragebogen) 73.59 MB"", ""label_en"": ""ZA7500_q_ch.zip Switzerland (Questionnaire) 73.59 MB"", ""url"": ""https://access.gesis.org/dbk/66246"", ""secured"": ""false""}, {""label"": ""ZA7500_q_cz.pdf Tschechische Republik (Fragebogen) 676.11 KB"", ""label_en"": ""ZA7500_q_cz.pdf Czech Republic  (Questionnaire) 676.11 KB"", ""url"": ""https://access.gesis.org/dbk/65203"", ""secured"": ""false""}, {""label"": ""ZA7500_q_de.zip Deutschland (Fragebogen) 4.1 MB"", ""label_en"": ""ZA7500_q_de.zip Germany (Questionnaire) 4.1 MB"", ""url"": ""https://access.gesis.org/dbk/66247"", ""secured"": ""false""}, {""label"": ""ZA7500_q_dk.zip Dänemark (Fragebogen) 1.26 MB"", ""label_en"": ""ZA7500_q_dk.zip Denmark (Questionnaire) 1.26 MB"", ""url"": ""https://access.gesis.org/dbk/66248"", ""secured"": ""false""}, {""label"": ""ZA7500_q_ee.pdf Estland (Fragebogen) 2.06 MB"", ""label_en"": ""ZA7500_q_ee.pdf Estonia (Questionnaire) 2.06 MB"", ""url"": ""https://access.gesis.org/dbk/66249"", ""secured"": ""false""}, {""label"": ""ZA7500_q_es.pdf Spanien (Fragebogen) 1.18 MB"", ""label_en"": ""ZA7500_q_es.pdf Spain (Questionnaire) 1.18 MB"", ""url"": ""https://access.gesis.org/dbk/65205"", ""secured"": ""false""}, {""label"": ""ZA7500_q_fi.zip Finnland (Fragebogen) 22.42 MB"", ""label_en"": ""ZA7500_q_fi.zip Finland (Questionnaire) 22.42 MB"", ""url"": ""https://access.gesis.org/dbk/66250"", ""secured"": ""false""}, {""label"": ""ZA7500_q_fr.pdf Frankreich (Fragebogen) 1.26 MB"", ""label_en"": ""ZA7500_q_fr.pdf France (Questionnaire) 1.26 MB"", ""url"": ""https://access.gesis.org/dbk/66251"", ""secured"": ""false""}, {""label"": ""ZA7500_q_gb.pdf Großbritannien (Fragebogen) 1.06 MB"", ""label_en"": ""ZA7500_q_gb.pdf Great Britain (Questionnaire) 1.06 MB"", ""url"": ""https://access.gesis.org/dbk/66252"", ""secured"": ""false""}, {""label"": ""ZA7500_q_ge.pdf Georgien (Fragebogen) 2.4 MB"", ""label_en"": ""ZA7500_q_ge.pdf Georgia (Questionnaire) 2.4 MB"", ""url"": ""https://access.gesis.org/dbk/65206"", ""secured"": ""false""}, {""label"": ""ZA7500_q_hr.pdf Kroatien (Fragebogen) 1.14 MB"", ""label_en"": ""ZA7500_q_hr.pdf Croatia (Questionnaire) 1.14 MB"", ""url"": ""https://access.gesis.org/dbk/65207"", ""secured"": ""false""}, {""label"": ""ZA7500_q_hu.pdf Ungarn (Fragebogen) 1.27 MB"", ""label_en"": ""ZA7500_q_hu.pdf Hungary (Questionnaire) 1.27 MB"", ""url"": ""https://access.gesis.org/dbk/66253"", ""secured"": ""false""}, {""label"": ""ZA7500_q_is.zip Island (Fragebogen) 10.62 MB"", ""label_en"": ""ZA7500_q_is.zip Iceland (Questionnaire) 10.62 MB"", ""url"": ""https://access.gesis.org/dbk/66254"", ""secured"": ""false""}, {""label"": ""ZA7500_q_it.pdf Italien (Fragebogen) 873.5 KB"", ""label_en"": ""ZA7500_q_it.pdf Italy (Questionnaire) 873.5 KB"", ""url"": ""https://access.gesis.org/dbk/66255"", ""secured"": ""false""}, {""label"": ""ZA7500_q_lt.pdf Litauen (Fragebogen) 1.14 MB"", ""label_en"": ""ZA7500_q_lt.pdf Lithuania (Questionnaire) 1.14 MB"", ""url"": ""https://access.gesis.org/dbk/66256"", ""secured"": ""false""}, {""label"": ""ZA7500_q_lv.zip Lettland (Fragebogen) 5.17 MB"", ""label_en"": ""ZA7500_q_lv.zip Latvia (Questionnaire) 5.17 MB"", ""url"": ""https://access.gesis.org/dbk/72394"", ""secured"": ""false""}, {""label"": ""ZA7500_q_me.pdf Montenegro (Fragebogen) 945.57 KB"", ""label_en"": ""ZA7500_q_me.pdf Montenegro (Questionnaire) 945.57 KB"", ""url"": ""https://access.gesis.org/dbk/67584"", ""secured"": ""false""}, {""label"": ""ZA7500_q_mk.pdf Mazedonien (Fragebogen) 3.18 MB"", ""label_en"": ""ZA7500_q_mk.pdf Macedonia (Questionnaire) 3.18 MB"", ""url"": ""https://access.gesis.org/dbk/67585"", ""secured"": ""false""}, {""label"": ""ZA7500_q_nl.zip Niederlande (Fragebogen) 910.49 KB"", ""label_en"": ""ZA7500_q_nl.zip Netherlands (Questionnaire) 910.49 KB"", ""url"": ""https://access.gesis.org/dbk/66257"", ""secured"": ""false""}, {""label"": ""ZA7500_q_no.pdf Norwegen (Fragebogen) 1.16 MB"", ""label_en"": ""ZA7500_q_no.pdf Norway (Questionnaire) 1.16 MB"", ""url"": ""https://access.gesis.org/dbk/66258"", ""secured"": ""false""}, {""label"": ""ZA7500_q_pl.pdf Polen (Fragebogen) 644.78 KB"", ""label_en"": ""ZA7500_q_pl.pdf Poland (Questionnaire) 644.78 KB"", ""url"": ""https://access.gesis.org/dbk/65210"", ""secured"": ""false""}, {""label"": ""ZA7500_q_pt.pdf Portugal (Fragebogen) 1.02 MB"", ""label_en"": ""ZA7500_q_pt.pdf Portugal (Questionnaire) 1.02 MB"", ""url"": ""https://access.gesis.org/dbk/69458"", ""secured"": ""false""}, {""label"": ""ZA7500_q_ro.pdf Rumänien (Fragebogen) 1.95 MB"", ""label_en"": ""ZA7500_q_ro.pdf Romania (Questionnaire) 1.95 MB"", ""url"": ""https://access.gesis.org/dbk/66259"", ""secured"": ""false""}, {""label"": ""ZA7500_q_rs.pdf Serbien (Fragebogen) 540.68 KB"", ""label_en"": ""ZA7500_q_rs.pdf Serbia (Questionnaire) 540.68 KB"", ""url"": ""https://access.gesis.org/dbk/66260"", ""secured"": ""false""}, {""label"": ""ZA7500_q_ru.pdf Russland (Fragebogen) 583.24 KB"", ""label_en"": ""ZA7500_q_ru.pdf Russia (Questionnaire) 583.24 KB"", ""url"": ""https://access.gesis.org/dbk/65211"", ""secured"": ""false""}, {""label"": ""ZA7500_q_se.pdf Schweden (Fragebogen) 1.22 MB"", ""label_en"": ""ZA7500_q_se.pdf Sweden (Questionnaire) 1.22 MB"", ""url"": ""https://access.gesis.org/dbk/66261"", ""secured"": ""false""}, {""label"": ""ZA7500_q_si.pdf Slowenien (Fragebogen) 1.08 MB"", ""label_en"": ""ZA7500_q_si.pdf Slovenia (Questionnaire) 1.08 MB"", ""url"": ""https://access.gesis.org/dbk/65212"", ""secured"": ""false""}, {""label"": ""ZA7500_q_sk.pdf Slowakische Republik (Fragebogen) 1.08 MB"", ""label_en"": ""ZA7500_q_sk.pdf Slovakian Republic  (Questionnaire) 1.08 MB"", ""url"": ""https://access.gesis.org/dbk/65213"", ""secured"": ""false""}]";;;;;"[""Querschnitt""]";;;"[""Cross-section""]";"[""Wahrscheinlichkeitsauswahl: Mehrstufige Zufallsauswahl"", ""Wahrscheinlichkeitsauswahl: Einfache Zufallsauswahl""]";"<table id=""version_table""><thead><tr><th>Versionsnummer</th><th>Datum, Name, DOI</th></tr></thead><tbody><tr><td></td><td>2022-05-16  (aktuelle Version) <a href=""https://doi.org/doi:10.4232/1.13897"">https://doi.org/doi:10.4232/1.13897</a></td></tr></tbody></table>";"<table id=""version_table""><thead><tr><th>Version number</th><th>Date, Name, DOI</th></tr></thead><tbody><tr><td></td><td>2022-05-16  (current version) <a href=""https://doi.org/doi:10.4232/1.13897"">https://doi.org/doi:10.4232/1.13897</a></td></tr><tbody></table>";"[""Probability: Multistage"", ""Probability: Simple random""]";;;European Values Study 2017: Integrated Dataset (EVS 2017);;;;;;;;;;ZA7500;"[""Gedeshi, Ilir - Center for Economic and Social Studies (CESS"", ""Pachulia, Merab - SORGU, Baku, Azerbaijan"", ""Poghosyan, Gevorg - Institute of Philosophy, Sociology and Law, Armenian National Academy of Sciences, Yerevan, Armenia"", ""Rotman, David - The Center of Sociological and Political Research, Belarus State University, Minsk, Belarus"", ""Kritzinger, Sylvia - Department of Government, University of Vienna, Vienna, Austria"", ""Fotev, Georgy - Faculty for Social Wellbeing, New Bulgarian University, Sofia, Bulgaria"", ""Kolenovi?-?apo, Jadranka - Faculty of Philosophy, University of Sarajevo, Bosnia and Herzegovina"", ""Baloban, Josip - Catholic Faculty of Theology, University of Zagreb, Zagreb, Croatia"", ""Baloban, Stjepan - Catholic Faculty of Theology, University of Zagreb, Zagreb, Croatia (since September 2019"", ""Rabušic, Ladislav - Faculty of Social Studies, Masaryk University, Brno, Czech Republic"", ""Frederiksen, Morten - Statistics Denmark, Copenhagen, Denmark"", ""Saar, Erki - Saar Poll, Tallinn, Estonia"", ""Ketola, Kimmo - Kirkon tutkimuskeskus, Tampere, Finland"", ""Wolf, Christof - Department of Social Sciences, GESIS - Leibniz Institute for the Social Sciences, Mannheim, Germany"", ""Pachulia, Merab - GORBI (Georgian Opinion Research Business International"", ""Bréchon, Pierre - Institut d’études politiques de Grenoble, Grenoble, France"", ""Voas, David - Department of Social Science, University College London, Great Britain"", ""Rosta, Gergely - Department of Sociology, Pázmány Péter Catholic University, Budapest, Hungary"", ""Jónsdóttir, Guðbjörg A. - Social Science Research Institute, University of Iceland, Reykjavik, Iceland"", ""Rovati, Giancarlo - Department of Sociology, Catholic University of the Sacred Heart, Milan, Italy"", ""Ziliukaite, Ruta - Department of Sociology, Vilnius University, Lithuania"", ""Petkovska, Antoanela - Department of Sociology, Ss. Cyril and Methodius University, Skopje, North Macedonia"", ""Komar, Olivera - De Facto Consultancy, Podgorica, Montenegro"", ""Reeskens, Tim - Department of Sociology, Tilburg University, Tilburg, Netherlands"", ""Jenssen, Anders T. - Department of Sociology and Political Science, Norwegian University of Science and Technology, Norway"", ""Soboleva, Natalia - Laboratory for Comparative Social Research, Higher School of Economics, Moscow, Russia"", ""Marody, Miros?awa - Institute of Sociology, University of Warsaw, Warsaw, Poland"", ""Voicu, Bogdan - Research institute for Quality of Life, Romanian Academy of Science, Bucharest, Romania"", ""Strapcová, Katarina - Institute for Sociology, Slovak Academy of Sciences, Bratislava, Slovak Republic"", ""Beši?, Miloš - Faculty of Political Sciences, University of Belgrade, Serbia"", ""Uhan, Samo - Faculty of Social Sciences, Public Opinion and Mass Communication Research, University of Ljubljana, Ljubljana, Slovenia"", ""Silvestre Cabrera, María - Faculty of Political Sciences and Sociology, Deusto University, Bilbao, Spain"", ""Wallman-Lundåsen, Susanne - Department of Social Sciences, Mid Sweden University, Sundsvall, Sweden"", ""Ernst Stähli, Michèle - FORS, Swiss Foundation for Research in Social Sciences, Université de Lausanne, Lausanne, Switzerland"", ""Ramos, Alice - Instituto de Ciências Sociais, Universidade de Lisboa, Portugal"", ""Balakireva, Olga - Institute Economy and Prognoses, National Academy of Ukraine, Department of Monitoring Research of the Social and Economic Process, Kiev, Ukraine"", ""Mieri?a, Inta - University of Latvia, Riga, Latvia""]";"[""AL"", ""AM"", ""AT"", ""AZ"", ""BY"", ""BA"", ""BG"", ""HR"", ""CZ"", ""DK"", ""EE"", ""FI"", ""FR"", ""GE"", ""DE"", ""HU"", ""IS"", ""IT"", ""LT"", ""ME"", ""NL"", ""MK"", ""NO"", ""PL"", ""RO"", ""RU"", ""RS"", ""SK"", ""SI"", ""SE"", ""ES"", ""CH"", ""PT"", ""UA"", ""LV""]";[];0;59438;"[""""]";"[""n Values Study (EVS)"", ""7""]";"[""""]";"[""2022-05-16""]";A;Daten und Dokumente sind für die akademische Forschung und Lehre freigegeben.;Data and documents are released for academic research and teaching.;"[""Die European Values Study ist eine transnationale empirische Langzeitstudie, die in Verantwortung der European Values Study Fundation seit 1981 in einem 9-jährigen Turnus durchgeführt wird. Die wiederholte Querschnittserhebungen decken ein breites Spektrum an Themen ab, die sich auf zentrale Lebensbereiche wie Arbeit und Freizeit, Familie und Sexualität, Religion, Politik und Ethik erstrecken. Der EVS-Datenbestand umfasst die integrierten Datensätze für die einzelnen Wellen und zusätzlich für die Wellen 1999 und 2008 die nationalen Datensätze. Frage, die mindestens zweimal in EVS, oder in EVS und WVS wiederholt wurden, werden in das EVS Trend File kumuliert. Das Trend File des EVS kann mit dem Trend File des World Values Surveys (WVS) zu dem Integrated Values Surveys Data File zusammengefügt werden."", ""Die European Values Study ist eine transnationale empirische Langzeitstudie, die in Verantwortung der European Values Study Foundation durchgeführt wird. Die einzelnen Erhebungen decken ein breites Spektrum an Themen ab, die sich auf zentrale Lebensbereiche wie Arbeit und Freizeit, Familie und Sexualität, Religion, Politik und Ethik erstrecken. ""]";"[""rope"", ""S 20""]";N;"[""2018-02-24 - 2018-06-24, Albanien"", ""2018-02-20 - 2018-04-30, Armenien"", ""2018-01-08 - 2018-05-14, Österreich"", ""2018-11-10 - 2018-12-23, Aserbaidschan"", ""2018-02-01 - 2018-03-05, Belarus"", ""2019-02-03 - 2019-06-14, Bosnien und Herzegovina"", ""2017-11-11 - 2018-09-01, Bulgarien"", ""2017-10-25 - 2018-02-16, Kroatien"", ""2017-09-17 - 2017-12-01, Tschechische Republik"", ""2017-09-27 - 2018-01-31, Dänemark"", ""2018-05-17 - 2018-09-12, Estland"", ""2017-11-24 - 2018-07-10, Finnland"", ""2018-03-02 - 2018-08-16, Frankreich"", ""2018-01-11 - 2018-03-18, Georgien"", ""2017-10-23 - 2018-11-28, Deutschland"", ""2018-02-12 - 2018-07-16, Großbritannien"", ""2018-02-24 - 2018-08-21, Ungarn"", ""2017-06-19 - 2018-04-04, Island"", ""2018-09-24 - 2019-01-30, Italien"", ""2017-12-08 - 2018-02-12, Litauen"", ""2019-07 - 2019-12, Montenegro"", ""2017-08-31 - 2018-02-28, Niederlande"", ""2018-08-22 - 2018-12-17, Norwegen"", ""2018-12-10 - 2019-03-28, Nord Mazedonien"", ""2017-11-17 - 2018-02-08, Polen"", ""2018-02-03 - 2018-05-05, Rumänien"", ""2017-11-07 - 2017-12-25, Russland"", ""2018-11-10 - 2018-12-21, Serbien"", ""2017-09-26 - 2017-12-03, Slowakische Republik"", ""2017-09-30 - 2017-12-23, Slowenien"", ""2017-11-28 - 2018-01-22, Spanien"", ""2017-09-27 - 2018-06-06, Schweden"", ""2017-09-11 - 2018-02-22, Schweiz"", ""2020-01-11 - 2020-03-01, Portugal"", ""2020-11-02 - 2020-11-23, Ukraine"", ""2021-07-23 - 2021-10-01, Lettland""]";info:eu-repo/semantics/restrictedAccess;colectica;16.05.2022 02:00;European Values Study 2017: Integrated Dataset (EVS 2017);"The European Values Study is a large-scale, cross-national and longitudinal survey research program on how Europeans think about family, work, religion, politics, and society. Repeated every nine years in an increasing number of countries, the survey provides insights into the ideas, beliefs, preferences, attitudes, values, and opinions of citizens all over Europe.

As previous waves conducted in 1981, 1990, 1999, 2008, the fifth EVS wave maintains a persistent focus on a broad range of values. Questions are highly comparable across waves and regions, making EVS suitable for research aimed at studying trends over time.

The new wave has seen a strengthening of the methodological standards. The full release of the EVS 2017 includes data and documentation of altogether 37 participating countries. For more information, please go to the EVS website.

Morale, religious, societal, political, work, and family values of Europeans.

Topics: 1. Perceptions of life: importance of work, family, friends and acquaintances, leisure time, politics and religion; happiness; self-assessment of own health; memberships in voluntary organisations (religious or church organisations, cultural activities, trade unions, political parties or groups, environment, ecology, animal rights, professional associations, sports, recreation, or other groups, none); active or inactive membership of humanitarian or charitable organisation, consumer organisation, self-help group or mutual aid; voluntary work in the last six months; tolerance towards minorities (people of a different race, heavy drinkers, immigrants, foreign workers, drug addicts, homosexuals, Christians, Muslims, Jews, and gypsies - social distance); trust in people; estimation of people´s fair and helpful behavior; internal or external control; satisfaction with life; importance of educational goals: desirable qualities of children. 

2. Work: attitude towards work (job needed to develop talents, receiving money without working is humiliating, people turn lazy not working, work is a duty towards society, work always comes first); importance of selected aspects of occupational work; give priority to nationals over foreigners as well as men over women in jobs.

3. Religion and morale: religious denomination; current and former religious denomination; current frequency of church attendance and at the age of 12; self-assessment of religiousness; belief in God, life after death, hell, heaven, and re-incarnation; personal god vs. spirit or life force; importance of God in one´s life (10-point-scale); frequency of prayers; morale attitudes (scale: claiming state benefits without entitlement, cheating on taxes, taking soft drugs, accepting a bribe, homosexuality, abortion, divorce, euthanasia, suicide, paying cash to avoid taxes, casual sex, avoiding fare on public transport, prostitution, in-vitro fertilization, political violence, death penalty).

4. Family: trust in family; most important criteria for a successful marriage or partnership (faithfulness, adequate income, good housing, sharing household chores, children, time for friends and personal hobbies); marriage is an outdated institution; attitude towards traditional understanding of one´s role of man and woman in occupation and family (gender roles); homosexual couples are as good parents as other couples; duty towards society to have children; responsibility of adult children for their parents when they are in need of long-term care; to make own parents proud is a main goal in life. 

5. Politics and society: political interest; political participation; preference for individual freedom or social equality; self-assessment on a left-right continuum (10-point-scale) (left-right self-placement); individual vs. state responsibility for providing; take any job vs. right to refuse job when unemployed; competition good vs. harmful for people; equal incomes vs. incentives for individual effort; private vs. government ownership of business and industry; 
postmaterialism (scale); most important aims of the country for the next ten years; willingness to fight for the country; expectation of future development (less importance placed on work and greater respect for authority); trust in institutions; essential characteristics of democracy; importance of democracy for the respondent; rating democracy in own country; satisfaction with the political system in the country; preferred type of political system (strong leader, expert decisions, army should rule the country, or democracy); vote in elections on local level, national level and European level; political party with the most appeal; another political party that most appeals; assessment of country´s elections (votes are counted fairly, opposition candidates are prevented from running, TV news favors the governing party, voters are bribed, journalists provide fair coverage of elections, election officials are fair, rich people buy elections, voters are threatened with violence at the polls); opinion on the government´s right to keep people under video surveillance in public areas, monitor all e-mails and any other information exchanged on the Internet, collect information about anyone living in the country without their knowledge; interest in politics in the media; concerned about the living conditions of people in the neighborhood, the people in the region, fellow countrymen, Europeans, all humans all over the world, elderly people, unemployed people, immigrants, sick and disabled people; societal aims (eliminating income inequalities, basic needs for all, recognizing people on merits, protecting against terrorism). 

6. National Identity: trust in people from various groups (neighborhood, personally known people, people meet for the first time, people of another religion, and people of another nationality); geographical group the respondent feels belonging to (town, region of country, country, Europe, the world); citizenship; national pride; evaluation of the impact of immigrants on the country´s development; attitude towards immigrants and their customs and traditions (take away jobs, increase crime problems, strain on country´s welfare system, should maintain their distinct customs and traditions or take over customs); important aspects of national identity (to have been born in the country, to respect country´s political institutions and laws, to have country´s ancestry, to speak the national language, to share national culture); important aspects of being European (to have been born in Europe, to have European ancestry, to be a Christian, to share European culture); attitude towards the enlargement of the European Union.

7. Environment: attitude towards the environment (scale: willingness to give part of own income for the environment, too difficult to do much about the environment, more important things in life than environment protection, own activities are useless unless others do the same for the environment, claims about environmental threats are exaggerated); protecting the environment vs. economic growth.

Demography: sex; age (year of birth); born in the country of interview; country of birth; year of immigration into the country; current legal marital status; living together with the partner before marriage or before the registration of partnership; living together with a partner; steady relationship; living together with parents or parents in law; number of children in the household and outside the household; number of people in the household (household size); age of the youngest person in the household; age at completion of education; highest educational level (ISCED 97); employment status; employment or self-employment in the last job; name or title of main job or last main job; profession (ISCO-08, SIOPS-08, ISEI-08, ESEC-08, EGP-11); number of employees (company size); supervising function and number of supervised people; occupational sector (Government or public institution, private business or industry, or private non-profit organization); unemployment longer than three months; dependency on social security during the last five years; scale of household income (weekly, monthly, annual).

Information on partner/spouse: born in the country of interview; country of birth; highest educational level (ISCED 97); employment status; employment or self-employment in the last job; name or title of main job or last main job; profession (ISCO-08, SIOPS-08, ISEI-08, ESEC-08, EGP-11); number of employees (company size); supervising function and number of supervised people.

Information on respondent’s parents: father and mother born in the country; country of birth of father and mother; scale of household income; highest educational level of father and mother (ISCED 97); employment status of father and mother when the respondent was 14 years old; occupational group of the main wage earner at respondent’s age of 14; characterization of the parents when respondent was 14 years old (scale: liked to read books, discussed politics at home with their child, liked to follow the news, had problems making ends meet, had problems replacing broken things).

Interviewer rating: respondent´s interest during the interview.

Additionally encoded: respondent-ID; casenumber-ID; survey year; start and end of fieldwork (year and month); country code (ISO 3166); country abbreviation (ISO 3166); country and year of fieldwork (ISO 3166); mode of data collection; region (NUTS); city size (NUTS); date of the interview; time of the interview (start hour and start minute, end hour and end minute); language of interview; interviewer number; mixed mode and matrix design variables; duplication of cases after merging main and add-on datasets; Flag variable: inconsistencies; Flag variable: complete/incomplete case; household monthly net income (x1000), corrected for ppp in euros; weighting factors.

Additional country specific variables are included in this national dataset.";[];"[""[]""]";;[];"[""The European Values Study is a large-scale, cross-national and longitudinal survey research program conducted under the responsibility of the European Values Study Foundation since 1981. The cross-sectional surveys, repeated in a 9-year cycle, cover a broad range of topics on central areas of life such as work and leisure time, family and sexuality, religion, politics and ethics. The EVS holding includes integrated datasets on every EVS wave and, in addition, the national datasets for the 1999 and 2008 waves. Questions repeated at least twice in EVS, or EVS and WVS, are cumulated in the EVS Trend File. The EVS Trend File can easily be merged with the World Values Survey (WVS) Trend File into the Integrated Values Surveys Data File."", ""The European Values Study is a transnational empirical long-term study conducted under the responsibility of the European Values Study Foundation. The individual surveys cover a wide range of topics that span central areas of life such as work and leisure, family and sexuality, religion, politics and ethics.""]";"[""2018-02-24 - 2018-06-24, Albania"", ""2018-02-20 - 2018-04-30, Armenia"", ""2018-01-08 - 2018-05-14, Austria"", ""2018-11-10 - 2018-12-23, Azerbaijan"", ""2018-02-01 - 2018-03-05, Belarus"", ""2019-02-03 - 2019-06-14, Bosnia and Herzegovina"", ""2017-11-11 - 2018-09-01, Bulgaria"", ""2017-10-25 - 2018-02-16, Croatia"", ""2017-09-17 - 2017-12-01, Czech Republic"", ""2017-09-27 - 2018-01-31, Denmark"", ""2018-05-17 - 2018-09-12, Estonia"", ""2017-11-24 - 2018-07-10, Finland"", ""2018-03-02 - 2018-08-16, France"", ""2018-01-11 - 2018-03-18, Georgia"", ""2017-10-23 - 2018-11-28, Germany"", ""2018-02-12 - 2018-07-16, Great Britain"", ""2018-02-24 - 2018-08-21, Hungary"", ""2017-06-19 - 2018-04-04, Iceland"", ""2018-09-24 - 2019-01-30, Italy"", ""2017-12-08 - 2018-02-12, Lithuania"", ""2019-07 - 2019-12, Montenegro"", ""2017-08-31 - 2018-02-28, Netherlands"", ""2018-08-22 - 2018-12-17, Norway"", ""2018-12-10 - 2019-03-28, North Macedonia"", ""2017-11-17 - 2018-02-08, Poland"", ""2018-02-03 - 2018-05-05, Romania"", ""2017-11-07 - 2017-12-25, Russia"", ""2018-11-10 - 2018-12-21, Serbia"", ""2017-09-26 - 2017-12-03, Slovak Republic"", ""2017-09-30 - 2017-12-23, Slovenia"", ""2017-11-28 - 2018-01-22, Spain"", ""2017-09-27 - 2018-06-06, Sweden"", ""2017-09-11 - 2018-02-22, Switzerland"", ""2020-01-11 - 2020-03-01, Portugal"", ""2020-11-02 - 2020-11-23, Ukraine"", ""2021-07-23 - 2021-10-01, Latvia""]";"[""n Values Study (EVS)"", ""7""]";[];"[""Logo-EVS.jpg"", ""Logo-EVS.jpg""]";"[""Individuum""]";"[""Numerisch""]";"[""Persönliches Interview : Computerunterstützte Befragung (CAPI/CAMI)"", ""Persönliches Interview : Papier-und-Bleistift (PAPI)"", ""Telefonisches Interview: Computerunterstützte Befragung (CATI)"", ""Selbstausgefüllter Fragebogen: Papier"", ""Selbstausgefüllter Fragebogen: Webbasiert (CAWI)""]";"[""Individual""]";"[""Numeric""]";"[""EVS -  - ""]";"[{""label"": ""ZA7500_v5-0-0.sav.zip SPSS (Datensatz) 11.7 MB"", ""label_en"": ""ZA7500_v5-0-0.sav.zip SPSS (Dataset) 11.7 MB"", ""url"": ""https://access.gesis.org/dbk/72407"", ""secured"": ""true"", ""format"": """", ""filesize"": ""12272043""}, {""label"": ""ZA7500_v5-0-0.dta.zip Stata (Datensatz) 9.28 MB"", ""label_en"": ""ZA7500_v5-0-0.dta.zip Stata (Dataset) 9.28 MB"", ""url"": ""https://access.gesis.org/dbk/72406"", ""secured"": ""true"", ""format"": """", ""filesize"": ""9726384""}]";"[{""label"": ""Link_ZA7503_Method_Information.xlsx.txt Methodenübersicht - Nationale Umfragen (Methodenbericht) 90.46 KB"", ""label_en"": ""Link_ZA7503_Method_Information.xlsx.txt Method Overview - National Surveys (Method Report) 90.46 KB"", ""url"": ""https://access.gesis.org/dbk/70779"", ""secured"": ""false""}, {""label"": ""ZA7500_mr.pdf  (Methodenbericht) 2.05 MB"", ""label_en"": ""ZA7500_mr.pdf  (Method Report) 2.05 MB"", ""url"": ""https://access.gesis.org/dbk/65197"", ""secured"": ""false""}, {""label"": ""ZA7500_standards.pdf Methoden-Dokument (Leitfaden) 3.88 MB"", ""label_en"": ""ZA7500_standards.pdf Methodological Guidelines (Guidelines) 3.88 MB"", ""url"": ""https://access.gesis.org/dbk/65214"", ""secured"": ""false""}, {""label"": ""ZA7500_standards_App_A_Official_Classifications.pdf Klassifikationen  (Leitfaden) 2.47 MB"", ""label_en"": ""ZA7500_standards_App_A_Official_Classifications.pdf Classifications  (Guidelines) 2.47 MB"", ""url"": ""https://access.gesis.org/dbk/69459"", ""secured"": ""false""}, {""label"": ""Link_ZA4804_EVS_ParticipatingCountries.pdf.txt Liste der teilnehmenden Länder (sonstiges) 118.47 KB"", ""label_en"": ""Link_ZA4804_EVS_ParticipatingCountries.pdf.txt List of participating countries (Other Document) 118.47 KB"", ""url"": ""https://access.gesis.org/dbk/65235"", ""secured"": ""false""}, {""label"": ""ZA7500_Matrix_Design_Question_Blocks.zip Matrix Design Question Blocks (Leitfaden) 191.52 KB"", ""label_en"": ""ZA7500_Matrix_Design_Question_Blocks.zip Matrix Design Question Blocks (Guidelines) 191.52 KB"", ""url"": ""https://access.gesis.org/dbk/69486"", ""secured"": ""false""}, {""label"": ""ZA7500_mr_App_A_Population_Statistics.zip Bevölkerungsstatistiken (Methodenbericht) 1.33 MB"", ""label_en"": ""ZA7500_mr_App_A_Population_Statistics.zip Population Statistics  (Method Report) 1.33 MB"", ""url"": ""https://access.gesis.org/dbk/69457"", ""secured"": ""false""}]";"["""", """"]";;;;;[];
Joint EVS/WVS 2017-2022 Dataset (Joint EVS/WVS);Joint EVS/WVS 2017-2022 Dataset (Joint EVS/WVS);ZA7505;2024;2024;2024;research_data;dbk;https://dbk.gesis.org/dbksearch/SDESC2.asp?no=7505&db=D;"1. Lebenswahrnehmung: Bedeutung von Familie, Freunden, Freizeit, Politik, Arbeit und Religion; Glücksgefühl; Selbsteinschätzung des Gesundheitszustandes; Lebenszufriedenheit; interne oder externe Kontrolle; Bedeutung von Bildungszielen: erwünschte Eigenschaften von Kindern; Mitgliedschaft in freiwilligen Organisationen (religiöse Organisationen, kulturelle Aktivitäten, Gewerkschaften, politische Parteien oder Gruppen, Naturschutz, Umwelt, Ökologie, Tierrechte, Berufsverbände, Sport, Erholung, Verbrauchergruppen oder andere Gruppen); Mitgliedschaft in humanitären oder karitativen Organisationen, Selbsthilfegruppen oder gegenseitige Hilfe; Toleranz gegenüber Minderheiten (Menschen einer anderen Rasse, starke Trinker, Immigranten/Ausländer, Drogenabhängige, Homosexuelle - soziale Distanz); Vertrauen in Menschen; Schutz der Umwelt vs. wirtschaftliches Wachstum.

2. Arbeit: Einstellung zur Arbeit (Menschen, die nicht arbeiten, werden faul, Arbeit ist eine Pflicht gegenüber der Gesellschaft, die Arbeit steht immer an erster Stelle); Arbeit ist knapp: Männer sollten mehr Recht auf einen Arbeitsplatz haben als Frauen (3-Punkte-Skala und 5-Punkte-Skala), Arbeitgeber sollten Menschen (der Nation) Vorrang vor Einwanderern geben (3-Punkte-Skala und 5-Punkte-Skala). 

3. Religion und Moral: Religionszugehörigkeit; derzeitige Häufigkeit des Besuchs von Gottesdiensten; Häufigkeit des Gebets (WVS7); außerhalb der Gottesdienste zu Gott beten (EVS5); Selbsteinschätzung der Religiosität; Glaube an Gott, Leben nach dem Tod, Hölle und Himmel; Bedeutung Gottes im eigenen Leben; moralische Einstellungen (Skala: Inanspruchnahme staatlicher Leistungen ohne Anspruch, Umgehung von Fahrgeldern in öffentlichen Verkehrsmitteln, Steuerbetrug, Annahme von Bestechungsgeldern, Homosexualität, Prostitution, Abtreibung, Scheidung, Euthanasie, Selbstmord, Gelegenheitssex, politische Gewalt, Todesstrafe).

4. Familie: Einstellung zum traditionellen Verständnis der eigenen Rolle von Mann und Frau in Beruf und Familie (Geschlechterrollen); homosexuelle Paare sind genauso gute Eltern wie andere Paare; Pflicht gegenüber der Gesellschaft, Kinder zu haben; es ist die Pflicht des Kindes, sich um den kranken Elternteil zu kümmern; eines der Hauptziele im Leben ist es, die eigenen Eltern stolz zu machen. 

5. Politik und Gesellschaft: wichtigste Ziele des Landes für die nächsten zehn Jahre (erste Wahl, zweite Wahl), Ziele des Befragten (erste Wahl, zweite Wahl)); postmaterialistischer Index 4; Bereitschaft, für das Land zu kämpfen; Erwartungen an die zukünftige Entwicklung (weniger Bedeutung von Arbeit und größerer Respekt vor Autorität); politisches Interesse; politische Partizipation (politische Aktion: Unterzeichnung einer Petition, Teilnahme an Boykotten, Teilnahme an rechtmäßigen/friedlichen Demonstrationen, Teilnahme an inoffiziellen Streiks); politische Selbsteinstufung; gleiches Einkommen vs. Anreize für individuelle Anstrengung; privates vs. staatliches Eigentum an Unternehmen und Industrie; individuelle vs. staatliche Verantwortung für die Versorgung; Wettbewerb ist gut vs. schädlich für die Menschen; Vertrauen in Institutionen (Kirchen, Streitkräfte, Presse, Gewerkschaften, Polizei, Parlament, öffentliche Dienste, große regionale Organisationen (kombiniert aus länderspezifischen), die Europäische Union, die Regierung, die politischen Parteien, Großunternehmen, die Umweltschutzbewegung, Justiz/Gerichte, die Vereinten Nationen); Zufriedenheit mit dem politischen System des Landes; bevorzugte Art des politischen Systems (starker Führer, Expertenentscheidungen, Armee sollte das Land regieren, oder Demokratie); Partei, für die der Befragte stimmen würde: erste Wahl (WVS); politische Partei mit der größten Anziehungskraft (ISO 3166-1) (EVS5); wesentliche Merkmale der Demokratie; Bedeutung der Demokratie für den Befragten; Bewertung der Demokratie im eigenen Land; Stimmabgabe bei Wahlen auf lokaler und nationaler Ebene; Bewertung der Wahlen im eigenen Land (Stimmen werden fair ausgezählt, Oppositionskandidaten werden an der Kandidatur gehindert, Fernsehnachrichten begünstigen die Regierungspartei, Wähler werden bestochen, Journalisten sorgen für eine faire Berichterstattung über die Wahlen, Wahlbeamte sind fair, Reiche kaufen Wahlen, Wähler werden mit Gewalt an den Urnen bedroht); Meinung über das Recht der Regierung zur Videoüberwachung von Menschen in öffentlichen Bereichen, alle E-Mails und alle anderen im Internet ausgetauschten Informationen zu überwachen, Informationen über jeden, der im Land lebt ohne dessen Wissen zu sammeln.

6. Nationale Identität: Vertrauen in Menschen aus verschiedenen Gruppen (Familie, Nachbarschaft, persönlich bekannte Personen, Menschen, denen man zum ersten Mal begegnet, Menschen einer anderen Religion und Menschen einer anderen Nationalität); Staatsbürger des Landes; Nationalstolz; Bewertung der Auswirkungen von Einwanderern auf die Entwicklung des Landes; geographische Gruppe, der sich der Befragte zugehörig fühlt (Kontinent, z.B. Europa, Asien usw., Welt, Dorf, Stadt, Landkreis, Region, Bezirk, Land). 

Demographie: Geschlecht; Alter; umkodiertes Alter (6 Intervalle und 3 Intervalle); Befragter ist Einwanderer/ im Befragungsland geboren; Geburtsland (ISO 3166-1-Code, ISO 3166-1/3 Alpha-Code); höchster Bildungsgrad (ISCED-Code einstellig); höchster Bildungsgrad (umkodiert); Erwerbsstatus; Institution des Berufs; Beruf/Branche (2-stellig ISCO08) (EVS5); Berufsgruppe (WVS7); Familienstand; Anzahl der Kinder; Anzahl der Personen im Haushalt (Haushaltsgröße); Zusammenleben mit den Eltern; Einkommensskala (WVS7), Einkommensskala (EVS5).

Informationen über den Partner/Ehepartner: höchster Bildungsgrad (ISCED-Code einstellig); höchster Bildungsgrad (rekodiert); Erwerbsstatus; Beruf/Branche (2-stellig ISCO08) (EVS5); Berufsgruppe (WVS7).

Informationen über die Eltern der Befragten: im Land geborener Vater und im Land geborene Mutter; Geburtsland von Vater und Mutter (ISO 3166-1-Code, ISO 3166-1/3-Alpha-Code); höchster Bildungsgrad von Vater und Mutter (ISCED-Code einstellig); höchster Bildungsgrad von Vater und Mutter (umkodiert); Berufsgruppe des Vaters des Befragten (EVS5-Hauptverdiener) (Befragter 14 Jahre alt). 

Interviewerbewertung: Interesse des Befragten während des Interviews.

Zusätzlich kodiert: Studie; Welle; Version des Joint EVS/WVS; Version der EVS5- und WVS7-Quelldateien; Quelle des Joint EVS/WVS; einheitliche Befragtennummer (Joint); Interviewer-Nummer; Ländercode (ISO 3166-1 Numerischer Code und ISO 3166-1 Alpha-2-Code); Land (CoW Numerischer Code); Erhebungsjahr; Jahr/Monat des Beginns der Feldarbeit; Jahr/Monat des Endes der Feldarbeit; Land - Jahr; Modus der Datenerhebung; gemischter Modus/Matrixdesign (EVS5); Modus der Datenerhebung (Follow-up) (EVS5); Matrixattribution (Gruppe/Variablenblock) (EVS5); Jahr/Monat des Beginns der Feldarbeit (Matrixdesign) (EVS5); Jahr/Monat des Endes der Feldarbeit (Matrixdesign) (EVS5); Erhebungsjahr (Follow-up) (EVS5); Gesamtlänge des Interviews (Startstunde und Startminute, Endstunde und Endminute); Datum des Interviews; Datum des Interviews (Follow-up) (EVS5); Zeit des Interviews - Beginn (konstruiert) (Follow-up) (EVS5); Zeit des Interviews - Ende (konstruiert) (Follow-up) (EVS5); Sprache des Interviews (WVS/EVS-Sprachenliste); Sprache des Interviews (ISO 639-1 alpha-2 / 639-2 alpha 3); Gewichtungsfaktoren (Kalibrierungsgewichte, Gewicht der Bevölkerungsgröße, äquilibriertes Gewicht - 1000); Region, in der das Interview durchgeführt wurde (NUTS-1); Region, in der das Interview durchgeführt wurde (NUTS-2); Region, in der das Interview durchgeführt wurde (ISO); Größe der Stadt, in der das Interview durchgeführt wurde (5 Kategorien).";"[""Gedeshi, Ilir"", ""Rotman, David"", ""Pachulia, Merab"", ""Poghosyan, Gevorg"", ""Kritzinger, Sylvia"", ""Fotev, Georgy"", ""Kolenovi?-?apo, Jadranka"", ""Baloban, Josip"", ""Baloban, Stjepan"", ""Rabušic, Ladislav"", ""Frederiksen, Morten"", ""Saar, Erki"", ""Ketola, Kimmo"", ""Pachulia, Merab"", ""Wolf, Christof"", ""Bréchon, Pierre"", ""Voas, David"", ""Rosta, Gergely"", ""Rovati, Giancarlo"", ""Jónsdóttir, Guðbjörg A."", ""Petkovska, Antoanela"", ""Ziliukaite, Ruta"", ""Reeskens, Tim"", ""Jenssen, Anders T."", ""Komar, Olivera"", ""Voicu, Bogdan"", ""Soboleva, Natalia"", ""Marody, Miros?awa"", ""Beši?, Miloš"", ""Strapcová, Katarina"", ""Uhan, Samo"", ""Silvestre Cabrera, María"", ""Wallman-Lundåsen, Susanne"", ""Ernst Stähli, Michèle"", ""Ramos, Alice"", ""Micó Ibáñez, Joan"", ""Carballo, Marita"", ""McAllister, Ian"", ""Foa, Roberto Stefan"", ""Moreno Morales, Daniel E."", ""de Oliveira de Castro, Henrique Carlos"", ""Lagos, Marta"", ""Zhong, Yang"", ""Casas, Andres"", ""Yesilada, Birol"", ""Paez, Cristina"", ""Abdel Latif, Abdel Hamid"", ""Jennings, Will"", ""Welzel, Christian"", ""Koniordos. Sokratis"", ""Díaz Argueta, Julio César"", ""Cheng, Edmund"", ""Gravelle, Timothy"", ""Stoker, Gerry"", ""Dagher, Munqith"", ""Yamazaki, Seiko"", ""Braizat, Fares"", ""Rakisheva, Botagoz"", ""Bakaloff, Yuri"", ""Haerpfer, Christian"", ""Wing-yat Yu, Eilo"", ""Lee, Grace"", ""Moreno, Alejandro"", ""Souvanlasy, Chansada"", ""Perry, Paul"", ""Denton, Carlos"", ""Puranen, Bi"", ""Gilani, Bilal"", ""Romero, Catalina"", ""Guerrero, Linda"", ""Hernández Acosta, Javier J."", ""Voicu, Bogdan"", ""Zavadskaya, Margarita"", ""Veskovic, Nino"", ""Auh, Soo Young"", ""Tsai, Ming-Chang"", ""Olimov, Muzaffar"", ""Bureekul, Thawilwadee"", ""Ben Hafaiedh, Abdelwahab"", ""Esmer, Yilmaz"", ""Inglehart, Ronald"", ""Depouilly, Xavier"", ""Norris, Pippa"", ""Balakireva, Olga"", ""Lachapelle, Guy"", ""Mathews, Mathew"", ""Mieri?a, Inta"", ""Manasyan, Heghine"", ""Ekstroem, Anna M."", ""Swehli, Nedal"", ""Riyaz, Aminath"", ""Tseveen, Tsetsenbileg"", ""Abderebbi, Mhammed"", ""Verhoeven, Piet"", ""Briceno-Leon, Roberto"", ""Moravec, Vaclav"", ""Duffy, Bobby"", ""Stoneman, Paul"", ""Kosnac, Pavol"", ""Zuasnabar, Ignacio"", ""Kumar, Sanjay"", ""Uzbekistan: not specified for security reasons""]";"[""EVS/WVS -  - ""]";GESIS;GedeshiRotmanPachulia;"[""Center for Economic and Social Studies (CESS"", ""The Center of Sociological and Political Research, Belarus State University, Minsk, Belarus"", ""SORGU, Baku, Azerbaijan"", ""Institute of Philosophy, Sociology and Law, Armenian National Academy of Sciences, Yerevan, Armenia"", ""Department of Government, University of Vienna, Vienna, Austria"", ""Faculty for Social Wellbeing, New Bulgarian University, Sofia, Bulgaria"", ""Faculty of Philosophy, University of Sarajevo, Bosnia and Herzegovina"", ""Catholic Faculty of Theology, University of Zagreb, Zagreb, Croatia"", ""Catholic Faculty of Theology, University of Zagreb, Zagreb, Croatia (since September 2019"", ""Faculty of Social Studies, Masaryk University, Brno, Czech Republic"", ""Statistics Denmark, Copenhagen, Denmark"", ""Saar Poll, Tallinn, Estonia"", ""Kirkon tutkimuskeskus, Tampere, Finland"", ""GORBI (Georgian Opinion Research Business International"", ""Department of Social Sciences, GESIS - Leibniz Institute for the Social Sciences, Mannheim, Germany"", ""Institut d’études politiques de Grenoble, Grenoble, France"", ""Department of Social Science, University College London, Great Britain"", ""Department of Sociology, Pázmány Péter Catholic University, Budapest, Hungary"", ""Department of Sociology, Catholic University of the Sacred Heart, Milan, Italy"", ""Social Science Research Institute, University of Iceland, Reykjavik, Iceland"", ""Department of Sociology, Ss. Cyril and Methodius University, Skopje, North Macedonia"", ""Department of Sociology, Vilnius University, Lithuania"", ""Department of Sociology, Tilburg University, Tilburg, Netherlands"", ""Department of Sociology and Political Science, Norwegian University of Science and Technology, Norway"", ""De Facto Consultancy, Podgorica, Montenegro"", ""Research institute for Quality of Life, Romanian Academy of Science, Bucharest, Romania"", ""Laboratory for Comparative Social Research, Higher School of Economics, Moscow, Russia"", ""Institute of Sociology, University of Warsaw, Warsaw, Poland"", ""Faculty of Political Sciences, University of Belgrade, Serbia"", ""Institute for Sociology, Slovak Academy of Sciences, Bratislava, Slovak Republic"", ""Faculty of Social Sciences, Public Opinion and Mass Communication Research, University of Ljubljana, Ljubljana, Slovenia"", ""Faculty of Political Sciences and Sociology, Deusto University, Bilbao, Spain"", ""Department of Social Sciences, Mid Sweden University, Sundsvall, Sweden"", ""FORS, Swiss Foundation for Research in Social Sciences, Université de Lausanne, Lausanne, Switzerland"", ""Instituto de Ciências Sociais, Universidade de Lisboa, Portugal"", ""Institut d’Estudis Andorrans, Centre de Recerca Sociològica (CRES"", ""Voices Research and Consultancy S.A., Argentina"", ""Australian National University"", ""PI Bangladesh"", ""CIUDADANIA, Comunidad de Estudios Sociales y Acción Pública, Bolivia"", ""Federal University of Rio Grande do Sul, Brazil"", ""Latino Barometro, MORI Chile"", ""Public Opinion Research Center of School of International and Public Affairs at Shanghai Jiao Tong University, China"", ""PI Colombia"", ""PI Cyprus"", ""IPSOS Ecuador"", ""Egyptian Research and Training Center, Egypt"", ""PI Ethiopia"", ""Leuphana Universität Lüneburg, Germany"", ""University of Crete, Greece"", ""Escuela de Trabajo Social, Universidad de San Carlos de Guatemala"", ""Department of Government and International Studies, Hong Kong"", ""PI Indonesia"", ""University of Southampton, UK"", ""International Institute for Administration and Social Survey (IIACSS"", ""Dentsu Institute, Japan"", ""NAMA Strategic Intelligence Solutions, Jordan"", ""Public Opinion Research Institute, Kazakhstan"", ""Central Asia Barometer, Kyrgyzstan"", ""PI Lebanon"", ""Department of Government and Public Administration, University of Macau, Macao, China"", ""Monash University Malaysia"", ""Instituto Tecnológico Autónomo de México"", ""IRL (Indochina Research Laos"", ""School of People, Environment and Planning, Massey University, New Zealand"", ""PI Nicaragua"", ""PI Nigeria"", ""Gallup Pakistan"", ""Pontificia Universidad Católica del Perú"", ""Social Weather Stations, Philippines"", ""Universidad del Sagrado Corazón, Puerto Rico"", ""Romanian Academy, Research Institute for Quality of Life"", ""Laboratory for Comparative Social Research, Higher School of Economics, Russia"", ""Singidunum University Belgrade, Serbia"", ""Korean Social Science Data Center/ Ewha Womans University, South Korea"", ""Research Center for Humanities and Social Sciences, Academia Sinica, Taipei, Taiwan ROC"", ""Research Centre SHARQ /Oriens, Tajikistan"", ""King Prajadhipok’s Institute, Thailand"", ""Applied Social Science Forum, Tunisia"", ""Bahcesehir University, Turkey"", ""University of Michigan, USA"", ""Indochina Research Ltd Vietnam"", ""PI Zimbabwe"", ""Social Monitoring Center, Ukraine (WVS wave 7"", ""Concordia University, Canada"", ""Institute of Policy Studies, National University of Singapore, Singapore"", ""University of Latvia, Riga, Latvia"", ""CRRC-Armenia, Yerevan, Armenia"", ""PI Kenya"", ""Diwan Research, Tripoli, Libya"", ""Maldives National University, Malé, Maldives"", ""Institute of Philosophy, Mongolian Academy of Sciences, Ulaanbaatar, Mongolia"", ""Global for Survey and Consulting, Casablanca, Morocco"", ""University of Amsterdam, Netherlands"", ""Laboratorio de Ciencias Sociales (LACSO"", ""Charles University, Prague, Czech Republic"", ""King’s College London, Great Britain"", ""King’s College London, Great Britain"", ""DEKK Institute, Bratislava, Slovakia"", ""Equipos Consultores, Montevideo, Uruguay"", ""Lokniti - Centre for the Study of Developing Societies, Delhi, India"", """"]";2017-01-18 - 2023-07-02;;"[""Albanien (AL)"", ""Armenien (AM)"", ""Österreich (AT)"", ""Aserbaidschan (AZ)"", ""Bosnien und Herzegowina (BA)"", ""Weißrussland (BY)"", ""Bulgarien (BG)"", ""Kroatien (HR)"", ""Tschechische Republik (CZ)"", ""Dänemark (DK)"", ""Estland (EE)"", ""Finnland (FI)"", ""Frankreich (FR)"", ""Georgien (GE)"", ""Deutschland (DE)"", ""Ungarn (HU)"", ""Island (IS)"", ""Italien (IT)"", ""Montenegro (ME)"", ""Litauen (LT)"", ""Nord-Mazedonien (MK)"", ""Niederlande (NL)"", ""Norwegen (NO)"", ""Polen (PL)"", ""Rumänien (RO)"", ""Russische Föderation (RU)"", ""Serbien (RS)"", ""Slowakei (SK)"", ""Slowenien (SI)"", ""Schweden (SE)"", ""Spanien (ES)"", ""Schweiz (CH)"", ""Portugal (PT)"", ""Andorra (AD)"", ""Argentinien (AR)"", ""Australien (AU)"", ""Bangladesch (BD)"", ""Bolivien, Plurinationaler Staat (BO)"", ""Brasilien (BR)"", ""Chile (CL)"", ""China (CN)"", ""Kolumbien (CO)"", ""Zypern (CY)"", ""Ecuador (EC)"", ""Ägypten (EG)"", ""Äthiopien (ET)"", ""Griechenland (GR)"", ""Guatemala (GT)"", ""Hongkong (HK)"", ""Indonesien (ID)"", ""Iran, Islamische Republik (IR)"", ""Irak (IQ)"", ""Japan (JP)"", ""Jordanien (JO)"", ""Kasachstan (KZ)"", ""Kirgisistan (KG)"", ""Libanon (LB)"", ""Macau (MO)"", ""Malaysia (MY)"", ""Mexiko (MX)"", ""Myanmar (MM)"", ""Neuseeland (NZ)"", ""Nicaragua (NI)"", ""Nigeria (NG)"", ""Pakistan (PK)"", ""Peru (PE)"", ""Philippinen (PH)"", ""Puerto Rico (PR)"", ""Korea, Republik (KR)"", ""Taiwan (TW)"", ""Tadschikistan (TJ)"", ""Thailand (TH)"", ""Tunesien (TN)"", ""Türkei (TR)"", ""Vereinigte Staaten von Amerika (US)"", ""Vietnam (VN)"", ""Simbabwe (ZW)"", ""Ukraine (UA)"", ""Kanada (CA)"", ""Singapur (SG)"", ""Lettland (LV)"", ""Kenia (KE)"", ""Libysch-Arabische Dschamahirija (LY)"", ""Malediven (MV)"", ""Mongolei (MN)"", ""Marokko (MA)"", ""Venezuela, Bolivarische Republik (VE)"", ""Uruguay (UY)"", ""Indien (IN)"", ""Usbekistan (UZ)""]";"[""Albanien"", ""Armenien"", ""Österreich"", ""Aserbaidschan"", ""Bosnien und Herzegowina"", ""Weißrussland"", ""Bulgarien"", ""Kroatien"", ""Tschechische Republik"", ""Dänemark"", ""Estland"", ""Finnland"", ""Frankreich"", ""Georgien"", ""Deutschland"", ""Ungarn"", ""Island"", ""Italien"", ""Montenegro"", ""Litauen"", ""Nord-Mazedonien"", ""Niederlande"", ""Norwegen"", ""Polen"", ""Rumänien"", ""Russische Föderation"", ""Serbien"", ""Slowakei"", ""Slowenien"", ""Schweden"", ""Spanien"", ""Schweiz"", ""Portugal"", ""Andorra"", ""Argentinien"", ""Australien"", ""Bangladesch"", ""Bolivien, Plurinationaler Staat"", ""Brasilien"", ""Chile"", ""China"", ""Kolumbien"", ""Zypern"", ""Ecuador"", ""Ägypten"", ""Äthiopien"", ""Griechenland"", ""Guatemala"", ""Hongkong"", ""Indonesien"", ""Iran, Islamische Republik"", ""Irak"", ""Japan"", ""Jordanien"", ""Kasachstan"", ""Kirgisistan"", ""Libanon"", ""Macau"", ""Malaysia"", ""Mexiko"", ""Myanmar"", ""Neuseeland"", ""Nicaragua"", ""Nigeria"", ""Pakistan"", ""Peru"", ""Philippinen"", ""Puerto Rico"", ""Korea, Republik"", ""Taiwan"", ""Tadschikistan"", ""Thailand"", ""Tunesien"", ""Türkei"", ""Vereinigte Staaten von Amerika"", ""Vietnam"", ""Simbabwe"", ""Ukraine"", ""Kanada"", ""Singapur"", ""Lettland"", ""Kenia"", ""Libysch-Arabische Dschamahirija"", ""Malediven"", ""Mongolei"", ""Marokko"", ""Venezuela, Bolivarische Republik"", ""Uruguay"", ""Indien"", ""Usbekistan""]";"&bull;   Persönliches Interview : Computerunterstützte Befragung (CAPI/CAMI)
&bull;   Persönliches Interview : Papier-und-Bleistift (PAPI)
&bull;   Telefonisches Interview: Computerunterstützte Befragung (CATI)
&bull;   Selbstausgefüllter Fragebogen: Papier
&bull;   Selbstausgefüllter Fragebogen: Webbasiert (CAWI)
&bull;   Webbasiertes Interview;
";;"&bull;   Wahrscheinlichkeitsauswahl: Mehrstufige Zufallsauswahl
&bull;   Wahrscheinlichkeitsauswahl: Einfache Zufallsauswahl;
";;;"[""doi:10.4232/1.14320""]";;;;;;;, 2024-06-24,  https://doi.org/doi:10.4232/1.14320;"Gedeshi, I., Rotman, D., Pachulia, M., Poghosyan, G., Kritzinger, S., Fotev, G., Kolenovi?-?apo, J., . . . Uzbekistan: not specified for security reasons (2024). Joint EVS/WVS 2017-2022 Dataset (Joint EVS/WVS) (ZA7505; Version )  [Data set]. GESIS, Köln. https://doi.org/doi:10.4232/1.14320";"(ZA7505; Version )  [Data set]. GESIS, Köln. https://doi.org/doi:10.4232/1.14320";;;;;;"[""Albania (AL)"", ""Armenia (AM)"", ""Austria (AT)"", ""Azerbaijan (AZ)"", ""Bosnia and Herzegovina (BA)"", ""Belarus (BY)"", ""Bulgaria (BG)"", ""Croatia (HR)"", ""Czech Republic (CZ)"", ""Denmark (DK)"", ""Estonia (EE)"", ""Finland (FI)"", ""France (FR)"", ""Georgia (GE)"", ""Germany (DE)"", ""Hungary (HU)"", ""Iceland (IS)"", ""Italy (IT)"", ""Montenegro (ME)"", ""Lithuania (LT)"", ""North Macedonia (MK)"", ""Netherlands (NL)"", ""Norway (NO)"", ""Poland (PL)"", ""Romania (RO)"", ""Russian Federation (RU)"", ""Serbia (RS)"", ""Slovakia (SK)"", ""Slovenia (SI)"", ""Sweden (SE)"", ""Spain (ES)"", ""Switzerland (CH)"", ""Portugal (PT)"", ""Andorra (AD)"", ""Argentina (AR)"", ""Australia (AU)"", ""Bangladesh (BD)"", ""Bolivia, Plurinational State of (BO)"", ""Brazil (BR)"", ""Chile (CL)"", ""China (CN)"", ""Colombia (CO)"", ""Cyprus (CY)"", ""Ecuador (EC)"", ""Egypt (EG)"", ""Ethiopia (ET)"", ""Greece (GR)"", ""Guatemala (GT)"", ""Hong Kong (HK)"", ""Indonesia (ID)"", ""Iran, Islamic Republic of (IR)"", ""Iraq (IQ)"", ""Japan (JP)"", ""Jordan (JO)"", ""Kazakhstan (KZ)"", ""Kyrgyzstan (KG)"", ""Lebanon (LB)"", ""Macau (MO)"", ""Malaysia (MY)"", ""Mexico (MX)"", ""Myanmar (MM)"", ""New Zealand (NZ)"", ""Nicaragua (NI)"", ""Nigeria (NG)"", ""Pakistan (PK)"", ""Peru (PE)"", ""Philippines (PH)"", ""Puerto Rico (PR)"", ""Korea, Republic of (KR)"", ""Taiwan (TW)"", ""Tajikistan (TJ)"", ""Thailand (TH)"", ""Tunisia (TN)"", ""Turkey (TR)"", ""United States of America (US)"", ""Viet Nam (VN)"", ""Zimbabwe (ZW)"", ""Ukraine (UA)"", ""Canada (CA)"", ""Singapore (SG)"", ""Latvia (LV)"", ""Kenya (KE)"", ""Libyan Arab Jamahiriya (LY)"", ""Maldives (MV)"", ""Mongolia (MN)"", ""Morocco (MA)"", ""Venezuela, Bolivarian Republic of (VE)"", ""Uruguay (UY)"", ""India (IN)"", ""Uzbekistan (UZ)""]";"[""Albania"", ""Armenia"", ""Austria"", ""Azerbaijan"", ""Bosnia and Herzegovina"", ""Belarus"", ""Bulgaria"", ""Croatia"", ""Czech Republic"", ""Denmark"", ""Estonia"", ""Finland"", ""France"", ""Georgia"", ""Germany"", ""Hungary"", ""Iceland"", ""Italy"", ""Montenegro"", ""Lithuania"", ""North Macedonia"", ""Netherlands"", ""Norway"", ""Poland"", ""Romania"", ""Russian Federation"", ""Serbia"", ""Slovakia"", ""Slovenia"", ""Sweden"", ""Spain"", ""Switzerland"", ""Portugal"", ""Andorra"", ""Argentina"", ""Australia"", ""Bangladesh"", ""Bolivia, Plurinational State of"", ""Brazil"", ""Chile"", ""China"", ""Colombia"", ""Cyprus"", ""Ecuador"", ""Egypt"", ""Ethiopia"", ""Greece"", ""Guatemala"", ""Hong Kong"", ""Indonesia"", ""Iran, Islamic Republic of"", ""Iraq"", ""Japan"", ""Jordan"", ""Kazakhstan"", ""Kyrgyzstan"", ""Lebanon"", ""Macau"", ""Malaysia"", ""Mexico"", ""Myanmar"", ""New Zealand"", ""Nicaragua"", ""Nigeria"", ""Pakistan"", ""Peru"", ""Philippines"", ""Puerto Rico"", ""Korea, Republic of"", ""Taiwan"", ""Tajikistan"", ""Thailand"", ""Tunisia"", ""Turkey"", ""United States of America"", ""Viet Nam"", ""Zimbabwe"", ""Ukraine"", ""Canada"", ""Singapore"", ""Latvia"", ""Kenya"", ""Libyan Arab Jamahiriya"", ""Maldives"", ""Mongolia"", ""Morocco"", ""Venezuela, Bolivarian Republic of"", ""Uruguay"", ""India"", ""Uzbekistan""]";"&bull;   Face-to-face interview: Computer-assisted (CAPI/CAMI)
&bull;   Face-to-face interview: Paper-and-pencil (PAPI)
&bull;   Telephone interview: Computer-assisted (CATI)
&bull;   Self-administered questionnaire: Paper
&bull;   Self-administered questionnaire: Web-based (CAWI)
&bull;   Web-based interview;
";;;;"(ZA7505; Version ) [Data set]. GESIS, Cologne. https://doi.org/doi:10.4232/1.14320";"&bull;   Probability: Multistage
&bull;   Probability: Simple random;
";"Gedeshi, I., Rotman, D., Pachulia, M., Poghosyan, G., Kritzinger, S., Fotev, G., Kolenovi?-?apo, J., . . . Uzbekistan: not specified for security reasons (2024). Joint EVS/WVS 2017-2022 Dataset (Joint EVS/WVS) (ZA7505; Version ) [Data set]. GESIS, Cologne. https://doi.org/doi:10.4232/1.14320";"[""Face-to-face interview: Computer-assisted (CAPI/CAMI)"", ""Face-to-face interview: Paper-and-pencil (PAPI)"", ""Telephone interview: Computer-assisted (CATI)"", ""Self-administered questionnaire: Paper"", ""Self-administered questionnaire: Web-based (CAWI)"", ""Web-based interview""]";;GESIS-Datenarchiv;GESIS-DBK;0;1;1;10;;[];;;;"[{""label"": ""ZA7505_cdb_Tables.pdf Häufigkeiten nach Land EVS2017/WVS7 (Variablenreport) 3.49 MB"", ""label_en"": ""ZA7505_cdb_Tables.pdf Frequencies by country EVS2017/WVS7 (Variable Report) 3.49 MB"", ""url"": ""https://access.gesis.org/dbk/69549"", ""secured"": ""false""}, {""label"": ""ZA7505_cdb.pdf  (Variablenreport) 1.22 MB"", ""label_en"": ""ZA7505_cdb.pdf  (Variable Report) 1.22 MB"", ""url"": ""https://access.gesis.org/dbk/69548"", ""secured"": ""false""}]";"[{""label"": ""ZA7505_bq_EVS2017.pdf EVS2017 Master (Fragebogen) 1.1 MB"", ""label_en"": ""ZA7505_bq_EVS2017.pdf EVS2017 Master (Questionnaire) 1.1 MB"", ""url"": ""https://access.gesis.org/dbk/69554"", ""secured"": ""false""}, {""label"": ""ZA7505_bq_WVS7.pdf WVS7 Master (Fragebogen) 644.37 KB"", ""label_en"": ""ZA7505_bq_WVS7.pdf WVS7 Master (Questionnaire) 644.37 KB"", ""url"": ""https://access.gesis.org/dbk/69555"", ""secured"": ""false""}]";;;;;"[""Querschnitt""]";;;"[""Cross-section""]";"[""Wahrscheinlichkeitsauswahl: Mehrstufige Zufallsauswahl"", ""Wahrscheinlichkeitsauswahl: Einfache Zufallsauswahl""]";"<table id=""version_table""><thead><tr><th>Versionsnummer</th><th>Datum, Name, DOI</th></tr></thead><tbody><tr><td></td><td>2024-06-24  (aktuelle Version) <a href=""https://doi.org/doi:10.4232/1.14320"">https://doi.org/doi:10.4232/1.14320</a></td></tr></tbody></table>";"<table id=""version_table""><thead><tr><th>Version number</th><th>Date, Name, DOI</th></tr></thead><tbody><tr><td></td><td>2024-06-24  (current version) <a href=""https://doi.org/doi:10.4232/1.14320"">https://doi.org/doi:10.4232/1.14320</a></td></tr><tbody></table>";"[""Probability: Multistage"", ""Probability: Simple random""]";;;Joint EVS/WVS 2017-2022 Dataset (Joint EVS/WVS);;;;;;;;;;ZA7505;"[""Gedeshi, Ilir - Center for Economic and Social Studies (CESS"", ""Rotman, David - The Center of Sociological and Political Research, Belarus State University, Minsk, Belarus"", ""Pachulia, Merab - SORGU, Baku, Azerbaijan"", ""Poghosyan, Gevorg - Institute of Philosophy, Sociology and Law, Armenian National Academy of Sciences, Yerevan, Armenia"", ""Kritzinger, Sylvia - Department of Government, University of Vienna, Vienna, Austria"", ""Fotev, Georgy - Faculty for Social Wellbeing, New Bulgarian University, Sofia, Bulgaria"", ""Kolenovi?-?apo, Jadranka - Faculty of Philosophy, University of Sarajevo, Bosnia and Herzegovina"", ""Baloban, Josip - Catholic Faculty of Theology, University of Zagreb, Zagreb, Croatia"", ""Baloban, Stjepan - Catholic Faculty of Theology, University of Zagreb, Zagreb, Croatia (since September 2019"", ""Rabušic, Ladislav - Faculty of Social Studies, Masaryk University, Brno, Czech Republic"", ""Frederiksen, Morten - Statistics Denmark, Copenhagen, Denmark"", ""Saar, Erki - Saar Poll, Tallinn, Estonia"", ""Ketola, Kimmo - Kirkon tutkimuskeskus, Tampere, Finland"", ""Pachulia, Merab - GORBI (Georgian Opinion Research Business International"", ""Wolf, Christof - Department of Social Sciences, GESIS - Leibniz Institute for the Social Sciences, Mannheim, Germany"", ""Bréchon, Pierre - Institut d’études politiques de Grenoble, Grenoble, France"", ""Voas, David - Department of Social Science, University College London, Great Britain"", ""Rosta, Gergely - Department of Sociology, Pázmány Péter Catholic University, Budapest, Hungary"", ""Rovati, Giancarlo - Department of Sociology, Catholic University of the Sacred Heart, Milan, Italy"", ""Jónsdóttir, Guðbjörg A. - Social Science Research Institute, University of Iceland, Reykjavik, Iceland"", ""Petkovska, Antoanela - Department of Sociology, Ss. Cyril and Methodius University, Skopje, North Macedonia"", ""Ziliukaite, Ruta - Department of Sociology, Vilnius University, Lithuania"", ""Reeskens, Tim - Department of Sociology, Tilburg University, Tilburg, Netherlands"", ""Jenssen, Anders T. - Department of Sociology and Political Science, Norwegian University of Science and Technology, Norway"", ""Komar, Olivera - De Facto Consultancy, Podgorica, Montenegro"", ""Voicu, Bogdan - Research institute for Quality of Life, Romanian Academy of Science, Bucharest, Romania"", ""Soboleva, Natalia - Laboratory for Comparative Social Research, Higher School of Economics, Moscow, Russia"", ""Marody, Miros?awa - Institute of Sociology, University of Warsaw, Warsaw, Poland"", ""Beši?, Miloš - Faculty of Political Sciences, University of Belgrade, Serbia"", ""Strapcová, Katarina - Institute for Sociology, Slovak Academy of Sciences, Bratislava, Slovak Republic"", ""Uhan, Samo - Faculty of Social Sciences, Public Opinion and Mass Communication Research, University of Ljubljana, Ljubljana, Slovenia"", ""Silvestre Cabrera, María - Faculty of Political Sciences and Sociology, Deusto University, Bilbao, Spain"", ""Wallman-Lundåsen, Susanne - Department of Social Sciences, Mid Sweden University, Sundsvall, Sweden"", ""Ernst Stähli, Michèle - FORS, Swiss Foundation for Research in Social Sciences, Université de Lausanne, Lausanne, Switzerland"", ""Ramos, Alice - Instituto de Ciências Sociais, Universidade de Lisboa, Portugal"", ""Micó Ibáñez, Joan - Institut d’Estudis Andorrans, Centre de Recerca Sociològica (CRES"", ""Carballo, Marita - Voices Research and Consultancy S.A., Argentina"", ""McAllister, Ian - Australian National University"", ""Foa, Roberto Stefan - PI Bangladesh"", ""Moreno Morales, Daniel E. - CIUDADANIA, Comunidad de Estudios Sociales y Acción Pública, Bolivia"", ""de Oliveira de Castro, Henrique Carlos - Federal University of Rio Grande do Sul, Brazil"", ""Lagos, Marta - Latino Barometro, MORI Chile"", ""Zhong, Yang - Public Opinion Research Center of School of International and Public Affairs at Shanghai Jiao Tong University, China"", ""Casas, Andres - PI Colombia"", ""Yesilada, Birol - PI Cyprus"", ""Paez, Cristina - IPSOS Ecuador"", ""Abdel Latif, Abdel Hamid - Egyptian Research and Training Center, Egypt"", ""Jennings, Will - PI Ethiopia"", ""Welzel, Christian - Leuphana Universität Lüneburg, Germany"", ""Koniordos. Sokratis - University of Crete, Greece"", ""Díaz Argueta, Julio César - Escuela de Trabajo Social, Universidad de San Carlos de Guatemala"", ""Cheng, Edmund - Department of Government and International Studies, Hong Kong"", ""Gravelle, Timothy - PI Indonesia"", ""Stoker, Gerry - University of Southampton, UK"", ""Dagher, Munqith - International Institute for Administration and Social Survey (IIACSS"", ""Yamazaki, Seiko - Dentsu Institute, Japan"", ""Braizat, Fares - NAMA Strategic Intelligence Solutions, Jordan"", ""Rakisheva, Botagoz - Public Opinion Research Institute, Kazakhstan"", ""Bakaloff, Yuri - Central Asia Barometer, Kyrgyzstan"", ""Haerpfer, Christian - PI Lebanon"", ""Wing-yat Yu, Eilo - Department of Government and Public Administration, University of Macau, Macao, China"", ""Lee, Grace - Monash University Malaysia"", ""Moreno, Alejandro - Instituto Tecnológico Autónomo de México"", ""Souvanlasy, Chansada - IRL (Indochina Research Laos"", ""Perry, Paul - School of People, Environment and Planning, Massey University, New Zealand"", ""Denton, Carlos - PI Nicaragua"", ""Puranen, Bi - PI Nigeria"", ""Gilani, Bilal - Gallup Pakistan"", ""Romero, Catalina - Pontificia Universidad Católica del Perú"", ""Guerrero, Linda - Social Weather Stations, Philippines"", ""Hernández Acosta, Javier J. - Universidad del Sagrado Corazón, Puerto Rico"", ""Voicu, Bogdan - Romanian Academy, Research Institute for Quality of Life"", ""Zavadskaya, Margarita - Laboratory for Comparative Social Research, Higher School of Economics, Russia"", ""Veskovic, Nino - Singidunum University Belgrade, Serbia"", ""Auh, Soo Young - Korean Social Science Data Center/ Ewha Womans University, South Korea"", ""Tsai, Ming-Chang - Research Center for Humanities and Social Sciences, Academia Sinica, Taipei, Taiwan ROC"", ""Olimov, Muzaffar - Research Centre SHARQ /Oriens, Tajikistan"", ""Bureekul, Thawilwadee - King Prajadhipok’s Institute, Thailand"", ""Ben Hafaiedh, Abdelwahab - Applied Social Science Forum, Tunisia"", ""Esmer, Yilmaz - Bahcesehir University, Turkey"", ""Inglehart, Ronald - University of Michigan, USA"", ""Depouilly, Xavier - Indochina Research Ltd Vietnam"", ""Norris, Pippa - PI Zimbabwe"", ""Balakireva, Olga - Social Monitoring Center, Ukraine (WVS wave 7"", ""Lachapelle, Guy - Concordia University, Canada"", ""Mathews, Mathew - Institute of Policy Studies, National University of Singapore, Singapore"", ""Mieri?a, Inta - University of Latvia, Riga, Latvia"", ""Manasyan, Heghine - CRRC-Armenia, Yerevan, Armenia"", ""Ekstroem, Anna M. - PI Kenya"", ""Swehli, Nedal - Diwan Research, Tripoli, Libya"", ""Riyaz, Aminath - Maldives National University, Malé, Maldives"", ""Tseveen, Tsetsenbileg - Institute of Philosophy, Mongolian Academy of Sciences, Ulaanbaatar, Mongolia"", ""Abderebbi, Mhammed - Global for Survey and Consulting, Casablanca, Morocco"", ""Verhoeven, Piet - University of Amsterdam, Netherlands"", ""Briceno-Leon, Roberto - Laboratorio de Ciencias Sociales (LACSO"", ""Moravec, Vaclav - Charles University, Prague, Czech Republic"", ""Duffy, Bobby - King’s College London, Great Britain"", ""Stoneman, Paul - King’s College London, Great Britain"", ""Kosnac, Pavol - DEKK Institute, Bratislava, Slovakia"", ""Zuasnabar, Ignacio - Equipos Consultores, Montevideo, Uruguay"", ""Kumar, Sanjay - Lokniti - Centre for the Study of Developing Societies, Delhi, India"", ""Uzbekistan: not specified for security reasons - ""]";"[""AL"", ""AM"", ""AT"", ""AZ"", ""BA"", ""BY"", ""BG"", ""HR"", ""CZ"", ""DK"", ""EE"", ""FI"", ""FR"", ""GE"", ""DE"", ""HU"", ""IS"", ""IT"", ""ME"", ""LT"", ""MK"", ""NL"", ""NO"", ""PL"", ""RO"", ""RU"", ""RS"", ""SK"", ""SI"", ""SE"", ""ES"", ""CH"", ""PT"", ""AD"", ""AR"", ""AU"", ""BD"", ""BO"", ""BR"", ""CL"", ""CN"", ""CO"", ""CY"", ""EC"", ""EG"", ""ET"", ""GR"", ""GT"", ""HK"", ""ID"", ""IR"", ""IQ"", ""JP"", ""JO"", ""KZ"", ""KG"", ""LB"", ""MO"", ""MY"", ""MX"", ""MM"", ""NZ"", ""NI"", ""NG"", ""PK"", ""PE"", ""PH"", ""PR"", ""KR"", ""TW"", ""TJ"", ""TH"", ""TN"", ""TR"", ""US"", ""VN"", ""ZW"", ""UA"", ""CA"", ""SG"", ""LV"", ""KE"", ""LY"", ""MV"", ""MN"", ""MA"", ""VE"", ""UY"", ""IN"", ""UZ""]";[];0;156658;"[""""]";"[""n Values Study (EVS)"", ""7""]";"[""""]";"[""2024-06-24""]";A;Daten und Dokumente sind für die akademische Forschung und Lehre freigegeben.;Data and documents are released for academic research and teaching.;"[""Die European Values Study ist eine transnationale empirische Langzeitstudie, die in Verantwortung der European Values Study Fundation seit 1981 in einem 9-jährigen Turnus durchgeführt wird. Die wiederholte Querschnittserhebungen decken ein breites Spektrum an Themen ab, die sich auf zentrale Lebensbereiche wie Arbeit und Freizeit, Familie und Sexualität, Religion, Politik und Ethik erstrecken. Der EVS-Datenbestand umfasst die integrierten Datensätze für die einzelnen Wellen und zusätzlich für die Wellen 1999 und 2008 die nationalen Datensätze. Frage, die mindestens zweimal in EVS, oder in EVS und WVS wiederholt wurden, werden in das EVS Trend File kumuliert. Das Trend File des EVS kann mit dem Trend File des World Values Surveys (WVS) zu dem Integrated Values Surveys Data File zusammengefügt werden."", ""Die European Values Study ist eine transnationale empirische Langzeitstudie, die in Verantwortung der European Values Study Foundation durchgeführt wird. Die einzelnen Erhebungen decken ein breites Spektrum an Themen ab, die sich auf zentrale Lebensbereiche wie Arbeit und Freizeit, Familie und Sexualität, Religion, Politik und Ethik erstrecken. ""]";"[""rope"", ""S 20""]";N;"[""2018-02-24 - 2018-06-24, Albanien EVS 2017"", ""2018-02-20 - 2018-04-30, Armenien EVS 2017"", ""2018-11-10 - 2018-12-23, Aserbaidschan EVS 2017"", ""2018-01-08 - 2018-05-14, Österreich EVS 2017"", ""2019-02-03 - 2019-06-14, Bosnien und Herzegovina EVS 2017"", ""2018-02-01 - 2018-03-05, Belarus EVS 2017"", ""2017-11-11 - 2018-09-01, Bulgarien EVS 2017"", ""2017-10-25 - 2018-02-16, Kroatien EVS 2017"", ""2018-03-02 - 2018-08-16, Frankreich EVS 2017"", ""2017-11-24 - 2018-07-10, Finnland EVS 2017"", ""2018-05-17 - 2018-09-12, Estland EVS 2017"", ""2017-09-27 - 2018-01-31, Dänemark EVS 2017"", ""2017-09-17 - 2017-12-01, Tschechische Republik EVS 2017"", ""2018-01-11 - 2018-03-18, Georgien EVS 2017"", ""2018-02-24 - 2018-08-21, Ungarn EVS 2017"", ""2018-02-12 - 2018-07-16, Großbritannien EVS 2017"", ""2017-10-23 - 2018-11-28, Deutschland EVS 2017"", ""2019-07 - 2019-12, Montenegro EVS 2017"", ""2017-12-08 - 2018-02-12, Litauen EVS 2017"", ""2018-09-24 - 2019-01-30, Italien EVS 2017"", ""2017-06-19 - 2018-04-04, Island EVS 2017"", ""2018-12-10 - 2019-03-28, Nord Mazedonien EVS 2017"", ""2018-08-22 - 2018-12-17, Norwegen EVS 2017"", ""2017-08-31 - 2018-02-28, Niederlande EVS 2017"", ""2018-02-03 - 2018-05-05, Rumänien EVS 2017"", ""2017-11-17 - 2018-02-08, Polen EVS 2017"", ""2018-11-10 - 2018-12-21, Serbien EVS 2017"", ""2017-11-07 - 2017-12-25, Russland EVS 2017"", ""2017-09-26 - 2017-12-03, Slowakische Republik EVS 2017"", ""2017-09-30 - 2017-12-23, Slowenien EVS 2017"", ""2017-09-27 - 2018-06-06, Schweden EVS 2017"", ""2017-11-28 - 2018-01-22, Spanien EVS 2017"", ""2017-09-11 - 2018-02-22, Schweiz EVS 2017"", ""2020-01-11 - 2020-03-01, Portugal EVS 2017"", ""2018-06-01 - 2018-09-22, Andorra WVS Welle 7"", ""2017-07-04 - 2017-07-19, Argentinien WVS Welle 7"", ""2018-04-06 - 2018-08-06, Australien WVS Welle 7"", ""2018-12-03 - 2018-12-24, Bangladesch WVS Welle 7"", ""2017-01-18 - 2017-03-07, Bolivien WVS Welle 7"", ""2018-05-15 - 2018-06-11, Brasilien WVS Welle 7"", ""2018-01-06 - 2018-02-05, Chile WVS Welle 7"", ""2018-07-07 - 2018-10-12, China WVS Welle 7"", ""2018-11-30 - 2018-12-22, Kolumbien WVS Welle 7"", ""2019-05-13 - 2019-06-04, Zypern WVS Welle 7"", ""2018-01-24 - 2018-03-03, Ecuador WVS Welle 7"", ""2018-06-22 - 2018-07-07, Ägypten WVS Welle 7"", ""2020-02-06 - 2020-03-19, Äthiopien WVS Welle 7"", ""2017-10-25 - 2018-03-31, Deutschland WVS Welle 7"", ""2017-09-08 - 2017-10-16, Griechenland WVS Welle 7"", ""2019-10-03 - 2020-02-25, Guatemala WVS Welle 7"", ""2018-07-16 - 2018-11-11, Hong Kong WVS Welle 7"", ""2018-06-01 - 2018-08-20, Indonesien WVS Welle 7"", ""2020-03-24 - 2020-04-17, Iran WVS Welle 7"", ""2018-06-08 - 2018-06-28, Irak WVS Welle 7"", ""2019-09-05 - 2019-09-26, Japan WVS Welle 7"", ""2018-06-07 - 2018-06-14, Jordanien WVS Welle 7"", ""2018-10-01 - 2018-11-30, Kasachstan WVS Welle 7"", ""2019-12-05 - 2020-01-28, Kirgisistan WVS Welle 7"", ""2018-06-04 - 2018-06-18, Libanon WVS Welle 7"", ""2019-10-03 - 2019-12-17, Macau WVS Welle 7"", ""2018-04-05 - 2018-05-21, Malaysia WVS Welle 7"", ""2018-01-18 - 2018-05-02, Mexiko WVS Welle 7"", ""2020-01-17 - 2020-03-03, Myanmar WVS Welle 7"", ""2019-07-04 - 2020-02-21, Neuseeland WVS Welle 7"", ""2019-11-30 - 2020-01-05, Nicaragua WVS Welle 7"", ""2017-12-19 - 2018-01-26, Nigeria WVS Welle 7"", ""2018-11-04 - 2018-12-11, Pakistan WVS Welle 7"", ""2018-08-17 - 2018-09-09, Peru WVS Welle 7"", ""2019-12-03 - 2019-12-09, Philippinen WVS Welle 7"", ""2018-03-16 - 2018-10-27, Puerto Rico WVS Welle 7"", ""2017-11-30 - 2018-04-02, Rumänien WVS Welle 7"", ""2017-11-07 - 2017-12-29, Russland WVS Welle 7"", ""2017-05-20 - 2017-07-07, Serbien WVS Welle 7"", ""2017-12-24 - 2018-01-16, Südkorea WVS Welle 7"", ""2019-03-25 - 2019-06-16, Taiwan WVS Welle 7"", ""2020-01-08 - 2020-02-06, Tadschikistan WVS Welle 7"", ""2017-12-01 - 2018-02-26, Thailand WVS Welle 7"", ""2019-04-26 - 2019-05-20, Tunesien WVS Welle 7"", ""2018-03-31 - 2018-05-21, Türkei WVS Welle 7"", ""2017-04-28 - 2017-05-31, Vereinigte Staaten WVS Welle 7"", ""2019-12-15 - 2020-01-21, Vietnam WVS Welle 7"", ""2020-02-11 - 2020-03-23, Simbabwe WVS Welle 7"", ""2020-07-25 - 2020-08-14, Ukraine WVS Welle 7"", ""2020-11-02 - 2020-11-23, Ukraine EVS 2017"", ""2020-10-02 - 2020-10-19, Kanada WVS Welle 7"", ""2019-11-08 - 2020-03-15, Singapur WVS Welle 7"", ""2021-07-23 - 2021-10-01, Lettland EVS 2017"", ""2021-05-07 - 2021-06-07, Armenien WVS Welle 7"", ""2021-05-22 - 2021-06-11, Kenia WVS Welle 7"", ""2021-11-26 - 2022-01-27, Libyen WVS Welle 7"", ""2021-09-01 - 2021-10-01, Malediven WVS Welle 7"", ""2020-09-04 - 2021-02-06, Mongolei WVS Welle 7"", ""2021-11-01 - 2021-12-19, Marokko WVS Welle 7"", ""2022-01-03 - 2022-01-25, Niederlande WVS Welle 7"", ""2021-05-03 - 2021-07-26, Venezuela WVS Welle 7"", ""2022-02-11 - 2022-05-13, Tschechische Republik WVS Welle 7"", ""2018-02-12 - 2018-07-16, Großbritannien WVS Welle 7"", ""2022-03-01 - 2022-09-07, Nordirland WVS Welle 7"", ""2022-01-19 - 2022-02-22, Slowakei WVS Welle 7"", ""2022-01-27 - 2022-03-22, Uruguay WVS Welle 7"", ""2023-06-05 - 2023-07-02, Indien WVS Welle 7"", ""2022-01-10 - 2022-05-30, Usbekistan WVS Welle 7""]";info:eu-repo/semantics/restrictedAccess;colectica;24.06.2024 02:00;Joint EVS/WVS 2017-2022 Dataset (Joint EVS/WVS);"1. Perceptions of life: importance of family, friends, leisure time, politics, work, and religion; feeling of happiness; self-assessment of state of health; satisfaction with life; internal or external control; importance of educational goals: desirable qualities of children; membership in voluntary organisations (religious organisations, cultural activities, trade unions, political parties or groups, conservation, environment, ecology, animal rights, professional associations, sports, recreation, consumer groups, or other groups); membership in humanitarian or charitable organisation, self-help group or mutual aid; tolerance towards minorities (people of a different race, heavy drinkers, immigrants/ foreign workers, drug addicts, homosexuals - social distance); trust in people; protecting the environment vs. economic growth.

2. Work: attitude towards work (people who don’t work turn lazy, work is a duty towards society, work always comes first); job scarce: men should have more right to a job than women (3-point scale and 5-point scale), employers should give priority to (nation) people than immigrants (3-point scale and 5-point scale). 

3. Religion and morale: religious denomination; current frequency of religious services attendance; frequency of prayer (WVS7); pray to God outside of religious services (EVS5); self-assessment of religiousness; belief in God, life after death, hell, and heaven; importance of God in one´s life; morale attitudes (scale: claiming government benefits without entitlement, avoiding a fare on public transport, cheating on taxes, accepting a bribe, homosexuality, prostitution, abortion, divorce, euthanasia, suicide, having casual sex, political violence, death penalty).

4. Family: attitude towards traditional understanding of one´s role of man and woman in occupation and family (gender roles); homosexual couples are as good parents as other couples; duty towards society to have children; it is child´s duty to take care of ill parent; one of main goals in life has been to make own parents proud. 

5. Politics and society: most important aims of the country for the next ten years (first choice, second choice), aims of the respondent (first choice, second choice)); post-materialist index 4-item;  willingness to fight for the country; expectation of future development (less importance placed on work and greater respect for authority); political interest; political participation (political action: signing a petition, joining in boycotts, attending lawful/ peaceful demonstrations, joining unofficial strikes); self positioning in political scale; equal incomes vs. incentives for individual effort; private vs. state ownership of business and industry; individual vs. government responsibility for providing; competition good vs. harmful for people; confidence in institutions (churches, armed forces, the press, labour unions, the police, parliament, the civil services, major regional organisations (combined from country-specific), the European Union, the government, the political parties, major companies, the environmental protection movement, justice system/ courts, the United Nations); satisfaction with the political system in the country; preferred type of political system (strong leader, expert decisions, army should rule the country, or democracy); party the respondent would vote for: first choice (WVS); political party with the most appeal (ISO 3166-1) (EVS5); essential characteristics of democracy; importance of democracy for the respondent; rating democracy in own country; vote in elections on local level and on national level; assessment of country´s elections (votes are counted fairly, opposition candidates are prevented from running, TV news favors the governing party, voters are bribed, journalists provide fair coverage of elections, election officials are fair, rich people buy elections, voters are threatened with violence at the polls); opinion on the government´s right to keep people under video surveillance in public areas, to monitor all e-mails and any other information exchanged on the Internet, to collect information about anyone living in the country without their knowledge.

6. National Identity: trust in people from various groups (family, neighborhood, personally known people, people you meet for the first time, people of another religion, and people of another nationality); citizen of the country; national pride; evaluation of the impact of immigrants on the country´s development; geographical group the respondent feels belonging to (continent, e.g. Europe, Asia etc., world, village, town or city, county, region, district, country). 

Demography: sex; age; age recoded (6 intervals and 3 intervals); respondent immigrant/ born in the country of interview; country of birth (ISO 3166-1 code, ISO 3166-1/3 Alpha code); highest educational level (ISCED-code one digit); highest educational level (recoded); employment status; Institution of occupation; job profession/ industry (2 digit ISCO08) (EVS5); occupational group (WVS7); marital status; number of children; number of people in the household (household size); living together with parents; scale of incomes (WVS7), scale of incomes (EVS5).

Information on partner/spouse: highest educational level (ISCED-code one digit); highest educational level (recoded); employment status; job profession/ industry (2 digit ISCO08) (EVS5); occupational group (WVS7).

Information on respondent’s parents: father and mother born in the country; country of birth of father and mother (ISO 3166-1 code, ISO 3166-1/3 Alpha code); highest educational level of father and mother (ISCED code one digit); highest educational level of father and mother (recoded); occupational group of respondent’s father (EVS5-main earner) (respondent 14 years old). 

Interviewer rating: respondent´s interest during the interview.

Additionally encoded: study; wave; version of Joint EVS/WVS; version of EVS5 und WVS7 source data files; source of the Joint EVS/WVS; unified respondent number (Joint); interviewer number; country code (ISO 3166-1 Numeric code and ISO 3166-1 Alpha-2 code); country (CoW Numeric code); year of survey; year/month of start of fieldwork; year/month of end of fieldwork; country – year; mode of data collection; mixed mode/ matrix design (EVS5); mode of data collection (follow up) (EVS5); matrix attribution (group/variable bloc) (EVS5); year/ month of start of fieldwork (matrix design) EVS5); year/ month of end of fieldwork (matrix design) (EVS5); survey year (follow up) (EVS5); total length of the interview (start hour and start minute, end hour and end minute); date of the interview; date of the interview (follow up) (EVS5); time of the interview – start (constructed) (follow up) (EVS5); time of the interview – end (constructed) (follow up) (EVS5); language of the interview (WVS/EVS list of languages); language of interview (ISO 639-1 alpha-2 / 639-2 alpha 3); weighting factors (calibration weights, population size weight, equilibrated weight-1000); region where the interview was conducted (NUTS-1); region where the interview was conducted (NUTS-2); region where the interview was conducted (ISO); size of town where the interview was conducted (5 categories).";[];"[""[]""]";;[];"[""The European Values Study is a large-scale, cross-national and longitudinal survey research program conducted under the responsibility of the European Values Study Foundation since 1981. The cross-sectional surveys, repeated in a 9-year cycle, cover a broad range of topics on central areas of life such as work and leisure time, family and sexuality, religion, politics and ethics. The EVS holding includes integrated datasets on every EVS wave and, in addition, the national datasets for the 1999 and 2008 waves. Questions repeated at least twice in EVS, or EVS and WVS, are cumulated in the EVS Trend File. The EVS Trend File can easily be merged with the World Values Survey (WVS) Trend File into the Integrated Values Surveys Data File."", ""The European Values Study is a transnational empirical long-term study conducted under the responsibility of the European Values Study Foundation. The individual surveys cover a wide range of topics that span central areas of life such as work and leisure, family and sexuality, religion, politics and ethics.""]";"[""2018-02-24 - 2018-06-24, Albania EVS 2017"", ""2018-02-20 - 2018-04-30, Armenia EVS 2017"", ""2018-11-10 - 2018-12-23, Azerbaijan EVS 2017"", ""2018-01-08 - 2018-05-14, Austria EVS 2017"", ""2019-02-03 - 2019-06-14, Bosnia and Herzegovina EVS 2017"", ""2018-02-01 - 2018-03-05, Belarus EVS 2017"", ""2017-11-11 - 2018-09-01, Bulgaria EVS 2017"", ""2017-10-25 - 2018-02-16, Croatia EVS 2017"", ""2018-03-02 - 2018-08-16, France EVS 2017"", ""2017-11-24 - 2018-07-10, Finland EVS 2017"", ""2018-05-17 - 2018-09-12, Estonia EVS 2017"", ""2017-09-27 - 2018-01-31, Denmark EVS 2017"", ""2017-09-17 - 2017-12-01, Czech Republic EVS 2017"", ""2018-01-11 - 2018-03-18, Georgia EVS 2017"", ""2018-02-24 - 2018-08-21, Hungary EVS 2017"", ""2018-02-12 - 2018-07-16, Great Britain EVS 2017"", ""2017-10-23 - 2018-11-28, Germany EVS 2017"", ""2019-07 - 2019-12, Montenegro EVS 2017"", ""2017-12-08 - 2018-02-12, Lithuania EVS 2017"", ""2018-09-24 - 2019-01-30, Italy EVS 2017"", ""2017-06-19 - 2018-04-04, Iceland EVS 2017"", ""2018-12-10 - 2019-03-28, North Macedonia EVS 2017"", ""2018-08-22 - 2018-12-17, Norway EVS 2017"", ""2017-08-31 - 2018-02-28, Netherlands EVS 2017"", ""2018-02-03 - 2018-05-05, Romania EVS 2017"", ""2017-11-17 - 2018-02-08, Poland EVS 2017"", ""2018-11-10 - 2018-12-21, Serbia EVS 2017"", ""2017-11-07 - 2017-12-25, Russia EVS 2017"", ""2017-09-26 - 2017-12-03, Slovak Republic EVS 2017"", ""2017-09-30 - 2017-12-23, Slovenia EVS 2017"", ""2017-09-27 - 2018-06-06, Sweden EVS 2017"", ""2017-11-28 - 2018-01-22, Spain EVS 2017"", ""2017-09-11 - 2018-02-22, Switzerland EVS 2017"", ""2020-01-11 - 2020-03-01, Portugal EVS 2017"", ""2018-06-01 - 2018-09-22, Andorra WVS wave 7"", ""2017-07-04 - 2017-07-19, Argentina WVS wave 7"", ""2018-04-06 - 2018-08-06, Australia WVS wave 7"", ""2018-12-03 - 2018-12-24, Bangladesh WVS wave 7"", ""2017-01-18 - 2017-03-07, Bolivia WVS wave 7"", ""2018-05-15 - 2018-06-11, Brazil WVS wave 7"", ""2018-01-06 - 2018-02-05, Chile WVS wave 7"", ""2018-07-07 - 2018-10-12, China WVS wave 7"", ""2018-11-30 - 2018-12-22, Colombia WVS wave 7"", ""2019-05-13 - 2019-06-04, Cyprus WVS wave 7"", ""2018-01-24 - 2018-03-03, Ecuador WVS wave 7"", ""2018-06-22 - 2018-07-07, Egypt WVS wave 7"", ""2020-02-06 - 2020-03-19, Ethiopia WVS wave 7"", ""2017-10-25 - 2018-03-31, Germany WVS wave 7"", ""2017-09-08 - 2017-10-16, Greece WVS wave 7"", ""2019-10-03 - 2020-02-25, Guatemala WVS wave 7"", ""2018-07-16 - 2018-11-11, Hong Kong WVS wave 7"", ""2018-06-01 - 2018-08-20, Indonesia WVS wave 7"", ""2020-03-24 - 2020-04-17, Iran WVS wave 7"", ""2018-06-08 - 2018-06-28, Iraq WVS wave 7"", ""2019-09-05 - 2019-09-26, Japan WVS wave 7"", ""2018-06-07 - 2018-06-14, Jordan WVS wave 7"", ""2018-10-01 - 2018-11-30, Kazakhstan WVS wave 7"", ""2019-12-05 - 2020-01-28, Kyrgyzstan WVS wave 7"", ""2018-06-04 - 2018-06-18, Lebanon WVS wave 7"", ""2019-10-03 - 2019-12-17, Macau WVS wave 7"", ""2018-04-05 - 2018-05-21, Malaysia WVS wave 7"", ""2018-01-18 - 2018-05-02, Mexico WVS wave 7"", ""2020-01-17 - 2020-03-03, Myanmar WVS wave 7"", ""2019-07-04 - 2020-02-21, New Zealand WVS wave 7"", ""2019-11-30 - 2020-01-05, Nicaragua WVS wave 7"", ""2017-12-19 - 2018-01-26, Nigeria WVS wave 7"", ""2018-11-04 - 2018-12-11, Pakistan WVS wave 7"", ""2018-08-17 - 2018-09-09, Peru WVS wave 7"", ""2019-12-03 - 2019-12-09, Philippines WVS wave 7"", ""2018-03-16 - 2018-10-27, Puerto Rico WVS wave 7"", ""2017-11-30 - 2018-04-02, Romania WVS wave 7"", ""2017-11-07 - 2017-12-29, Russia WVS wave 7"", ""2017-05-20 - 2017-07-07, Serbia WVS wave 7"", ""2017-12-24 - 2018-01-16, South Korea WVS wave 7"", ""2019-03-25 - 2019-06-16, Taiwan WVS wave 7"", ""2020-01-08 - 2020-02-06, Tajikistan WVS wave 7"", ""2017-12-01 - 2018-02-26, Thailand WVS wave 7"", ""2019-04-26 - 2019-05-20, Tunisia WVS wave 7"", ""2018-03-31 - 2018-05-21, Turkey WVS wave 7"", ""2017-04-28 - 2017-05-31, United States WVS wave 7"", ""2019-12-15 - 2020-01-21, Vietnam WVS wave 7"", ""2020-02-11 - 2020-03-23, Zimbabwe WVS wave 7"", ""2020-07-25 - 2020-08-14, Ukraine WVS wave 7"", ""2020-11-02 - 2020-11-23, Ukraine EVS 2017"", ""2020-10-02 - 2020-10-19, Canada WVS wave 7"", ""2019-11-08 - 2020-03-15, Singapore WVS wave 7"", ""2021-07-23 - 2021-10-01, Latvia EVS 2017"", ""2021-05-07 - 2021-06-07, Armenia WVS wave 7"", ""2021-05-22 - 2021-06-11, Kenya WVS wave 7"", ""2021-11-26 - 2022-01-27, Libya WVS wave 7"", ""2021-09-01 - 2021-10-01, Maldives WVS wave 7"", ""2020-09-04 - 2021-02-06, Mongolia WVS wave 7"", ""2021-11-01 - 2021-12-19, Morocco WVS wave 7"", ""2022-01-03 - 2022-01-25, Netherlands WVS wave 7"", ""2021-05-03 - 2021-07-26, Venezuela WVS wave 7"", ""2022-02-11 - 2022-05-13, Czech Republic WVS wave 7"", ""2018-02-12 - 2018-07-16, Great Britain WVS wave 7"", ""2022-03-01 - 2022-09-07, Northern Ireland WVS wave 7"", ""2022-01-19 - 2022-02-22, Slovakia WVS wave 7"", ""2022-01-27 - 2022-03-22, Uruguay WVS wave 7"", ""2023-06-05 - 2023-07-02, India WVS wave 7"", ""2022-01-10 - 2022-05-30, Uzbekistan WVS wave 7""]";"[""n Values Study (EVS)"", ""7""]";[];"[""Logo-EVS.jpg"", ""Logo-EVS.jpg""]";"[""Individuum""]";"[""Numerisch""]";"[""Persönliches Interview : Computerunterstützte Befragung (CAPI/CAMI)"", ""Persönliches Interview : Papier-und-Bleistift (PAPI)"", ""Telefonisches Interview: Computerunterstützte Befragung (CATI)"", ""Selbstausgefüllter Fragebogen: Papier"", ""Selbstausgefüllter Fragebogen: Webbasiert (CAWI)"", ""Webbasiertes Interview""]";"[""Individual""]";"[""Numeric""]";"[""EVS/WVS -  - ""]";"[{""label"": ""ZA7505_v5-0-0.dta.zip Stata (Datensatz) 12.97 MB"", ""label_en"": ""ZA7505_v5-0-0.dta.zip Stata (Dataset) 12.97 MB"", ""url"": ""https://access.gesis.org/dbk/77272"", ""secured"": ""true"", ""format"": """", ""filesize"": ""13603141""}, {""label"": ""ZA7505_v5-0-0.sav.zip SPSS (Datensatz) 15.8 MB"", ""label_en"": ""ZA7505_v5-0-0.sav.zip SPSS (Dataset) 15.8 MB"", ""url"": ""https://access.gesis.org/dbk/77273"", ""secured"": ""true"", ""format"": """", ""filesize"": ""16565189""}]";"[{""label"": ""ZA7505_VariableCorrespondence.xlsx Variablenkorrespondenzliste (Tabelle) 202.1 KB"", ""label_en"": ""ZA7505_VariableCorrespondence.xlsx  (Table) 202.1 KB"", ""url"": ""https://access.gesis.org/dbk/69553"", ""secured"": ""false""}, {""label"": ""ZA7505_ParticipatingCountries.xlsx Liste der teilnehmenden Länder (Tabelle) 224.07 KB"", ""label_en"": ""ZA7505_ParticipatingCountries.xlsx  (Table) 224.07 KB"", ""url"": ""https://access.gesis.org/dbk/69550"", ""secured"": ""false""}, {""label"": ""ZA7505_Errata_v5-0-0.pdf  (sonstiges) 108.93 KB"", ""label_en"": ""ZA7505_Errata_v5-0-0.pdf  (Other Document) 108.93 KB"", ""url"": ""https://access.gesis.org/dbk/77295"", ""secured"": ""false""}]";"["""", """"]";"Die European Values Study (EVS) und die World Values Survey (WVS) sind zwei groß angelegte, länderübergreifende und längsschnittliche Umfrage-Forschungsprogramme. Sie umfassen eine große Anzahl von Fragen zu moralischen, religiösen, gesellschaftlichen, politischen, beruflichen und familiären Werten, die seit Anfang der achtziger Jahre repliziert wurden.

Beide Organisationen vereinbarten, ab 2017 bei der gemeinsamen Datenerhebung zusammenzuarbeiten. Der EVS war verantwortlich für die Planung und Durchführung von Umfragen in europäischen Ländern unter Verwendung des EVS-Fragebogens und der methodischen Richtlinien des EVS. Der WVSA war für die Planung und Durchführung von Umfragen in Ländern außerhalb Europas verantwortlich, wobei der WVS-Fragebogen und die methodischen Richtlinien des WVS verwendet wurden. Beide Organisationen entwickelten ihre Entwürfe für Master-Fragebögen unabhängig voneinander. Die gemeinsamen Items definieren den gemeinsamen Kern beider Fragebögen.

Der Gemeinsame EVS/WVS wird aus den beiden Quellendatensätzen des EVS und des WVS erstellt:
- European Values Study 2017 Integrated Dataset (EVS 2017), ZA7500 Data file Version 5.0.0, doi:10.4232/1.13897 (https://doi.org/10.4232/1.13897).
Haerpfer, C., Inglehart, R., Moreno,A., Welzel,C., Kizilova,K., Diez-Medrano J., M. Lagos, P. Norris, E. Ponarin & B. Puranen et al. (eds.). 2024. World Values Survey: Round Seven–Country-Pooled Datafile. Madrid, Spain & Vienna, Austria: JD Systems Institute & WVSA Secretariat. Version. 6.0.0, doi:10.14281/18241.24.
";;;" The European Values Study (EVS) and the World Values Survey (WVS) are two large-scale, cross-national and longitudinal survey research programmes. They include a large number of questions on moral, religious, social, political, occupational and family values which have been replicated since the early eighties.

Both organizations agreed to cooperate in joint data collection from 2017. EVS has been responsible for planning and conducting surveys in European countries, using the EVS questionnaire and EVS methodological guidelines. WVSA has been responsible for planning and conducting surveys in countries in the world outside Europe, using the WVS questionnaire and WVS methodological guidelines. Both organisations developed their draft master questionnaires independently. The joint items define the Common Core of both questionnaires. 

The Joint EVS/WVS is constructed from the two EVS and WVS source datasets: 
 - European Values Study 2017 Integrated Dataset (EVS 2017), ZA7500 Data file Version 5.0.0, doi:10.4232/1.13897 (https://doi.org/10.4232/1.13897). 
 Haerpfer, C., Inglehart, R., Moreno,A., Welzel,C., Kizilova,K., Diez-Medrano J., M. Lagos, P. Norris, E. Ponarin & B. Puranen et al. (eds.). 2024. World Values Survey: Round Seven–Country-Pooled Datafile. Madrid, Spain & Vienna, Austria: JD Systems Institute & WVSA Secretariat. Version. 6.0.0, doi:10.14281/18241.24.

";[];
International Social Survey Programme: Social Inequality V - ISSP 2019;International Social Survey Programme: Social Inequality V - ISSP 2019;ZA7600;2022;2022;2022;research_data;dbk;https://dbk.gesis.org/dbksearch/SDESC2.asp?no=7600&db=D;"Bedeutung verschiedener Aufstiegschancen (wohlhabende Familie, gebildete Eltern, gute Ausbildung, harte Arbeit, die richtigen Leute kennen, politische Verbindungen, Bestechung, Rasse und Religion der Person, Geschlecht); Einschätzung des tatsächlichen und angemessenen Verdienstes für Berufsgruppen: Arzt in allgemeiner Praxis, Vorsitzender eines großen nationalen Unternehmens, Verkäufer, ungelernter Arbeiter in einer Fabrik, Kabinettsminister in der nationalen Regierung; Sorgen über Ungleichheit: Einkommensunterschiede im Land zu groß; empfundener Ärger über die Wohlstandsunterschiede zwischen Reichen und Armen (10-Punkte-Skala); Bewertung der Fairness der Einkommensverteilung im Land.

Sozialpolitik und Umverteilung: Verantwortung der Regierung, Einkommensunterschiede zu verringern, die Regierung sollte einen angemessenen Lebensstandard für Arbeitslose bereitstellen; Verringerung der Ungleichheit durch Marktakteure: Verantwortung privater Unternehmen, die Lohnunterschiede zwischen ihren Angestellten zu verringern; Marktakteur mit der größten Verantwortung für die Verringerung von Einkommensunterschieden (private Unternehmen, Regierung, Gewerkschaften, Personen mit hohem Einkommen selbst, Personen mit niedrigem Einkommen selbst, Einkommensunterschiede müssen nicht verringert werden); Ineffizienz der Regierung: die meisten Politiker im Land kümmern sich nicht um die Verringerung der Einkommensunterschiede zwischen Menschen mit hohem Einkommen und Menschen mit niedrigem Einkommen; Bewertung des Erfolgs der Regierung bei der Verringerung der Einkommensunterschiede; Meinung zur Besteuerung (Menschen mit hohem Einkommen sollten einen größeren Anteil ihres Einkommens an Steuern zahlen als Menschen mit niedrigem Einkommen, den gleichen Anteil oder einen kleineren Anteil); allgemeine Bewertung der Steuern im Land als viel zu hoch, zu hoch, ungefähr richtig, zu niedrig oder viel zu niedrig; Marktungleichheit bei Sozialleistungen (gerecht oder ungerecht, dass Menschen mit höherem Einkommen eine bessere Gesundheitsversorgung/bessere Bildung für ihre Kinder kaufen können als Menschen mit niedrigerem Einkommen); Wahrnehmung der globalen Ungleichheit (derzeitige wirtschaftliche Unterschiede zwischen reichen und armen Ländern sind zu groß, Menschen in reichen Ländern sollten einen zusätzlichen Steuerbeitrag leisten, um Menschen in armen Ländern zu helfen, Menschen aus armen Ländern sollten in reichen Ländern arbeiten dürfen). 

Sozialer Konflikt: Bewertung von sozialen Konflikten zwischen verschiedenen sozialen Gruppen (Arme und Reiche, Arbeiterklasse und Mittelschicht, Management und Arbeiter, Jugendliche und Ältere, im Land geborene Menschen und zugewanderte Menschen aus anderen Ländern). 

Subjektive Gesellschaftsschicht/ Klassenmobilität: Oben-unten-Selbsteinschätzung; Oben-Unten-Platzierung der Familie, in der der Befragte aufgewachsen ist; Oben-unten-Selbsteinschätzung in 10 Jahren; subjektive Gesellschaftsschicht.

Entlohnungskriterien: Wichtigkeit verschiedener Entlohnungskriterien (wie viel Verantwortung mit dem Job einhergeht, die Anzahl der Jahre, die in der Ausbildung verbracht wurden, ob die Person Kinder zu versorgen hat, wie gut sie den Job macht). 

Charakterisierung des tatsächlichen und des bevorzugten Gesellschaftstyps des Landes, gemessen durch Einordnung in Pyramidendiagramme (Gesellschaftsbild). 

Erlebte Erfahrung von Ungleichheit: Häufigkeit des Kontakts mit Menschen, die viel ärmer sind als der Befragte; Häufigkeit des Kontakts mit Menschen, die viel reicher sind als der Befragte. 

Wirtschaftliche Unsicherheit: Schwierigkeiten, mit dem Gesamteinkommen des Haushalts derzeit und in den nächsten 12 Monaten über die Runden zu kommen; Häufigkeit, wie oft eine Mahlzeit ausgelassen wird, weil nicht genug Geld für Lebensmittel vorhanden ist. 

Soziales Vertrauen (Menschen kann man vertrauen vs. man kann nicht vorsichtig genug sein im Umgang mit Menschen). 

Hintergrundfragen: Objektive soziale Mobilität: Beschäftigungsverhältnis von Vater und Mutter in der Jugend des Befragten; Hauptberuf von Vater und Mutter in der Jugend des Befragten. 

Optionale Variablen:
Laienhafte Erklärungen für Ungleichheit (Arbeiter würden sich nicht die Mühe machen, sich Fähigkeiten und Qualifikationen anzueignen, wenn sie nicht extra dafür bezahlt würden, große Einkommensunterschiede sind notwendig für den Wohlstand des Landes, Ungleichheit besteht weiter, weil sie den Reichen und Mächtigen zugute kommt, Ungleichheit besteht weiter, weil die normalen Menschen sich nicht zusammentun, um sie loszuwerden); 

Wahrnehmung der globalen Ungleichheit: Bewertung der Unterschiede im Wohlstand zwischen reichen und armen Ländern als fair oder unfair.

Objektive soziale Mobilität: Art des Jobs von Vater und Mutter, als der Befragte (14-15-16) Jahre alt war; Art des derzeitigen oder letzten Job des Befragten und des Ehepartners/ Partners.

Demografie: Geschlecht; Geburtsjahr; Alter; Jahre der Schulbildung; höchster abgeschlossener Bildungsabschluss (länderspezifisch); höchster abgeschlossener Bildungsabschluss (abgeleitet von länderspezifischem Abschluss); Arbeit: derzeit, früher oder nie in bezahlter Arbeit; wöchentlich geleistete Arbeitsstunden; Beschäftigungsverhältnis; Vorgesetztenfunktion; Anzahl der Mitarbeiter, für die Weisungsbefugnis besteht; Art der Organisation (gewinnorientiert/nicht gewinnorientiert, öffentlich/privat); Beruf (ISCO 2008); Hauptbeschäftigungsstatus; Zusammenleben mit einem Partner; Gewerkschaftsmitgliedschaft; Religionszugehörigkeit (länderspezifisch); Gruppen der Religionszugehörigkeit (abgeleitet aus länderspezifischer Religion); Häufigkeit des Besuchs von Gottesdiensten; subjektive Schichteinstufung (Selbsteinstufung auf einer Oben-Unten-Skala); Wahlbeteiligung bei der letzten allgemeinen Wahl und gewählte Partei (länderspezifisch); Einstufung der gewählten Partei auf einem Links-Rechts-Schema durch Expertenurteil zu Parteipositionen; selbst eingeschätzte Zugehörigkeit zu einer oder zwei bestimmten ethnische Gruppenzugehörigkeit (länderspezifisch); Anzahl der Personen im Haushalt (Haushaltsgröße); Haushaltszusammensetzung: Anzahl der Erwachsenen im Haushalt; Anzahl der Kinder über dem Schuleintrittsalter im Haushalt; Anzahl der Kinder unter dem Schulalter im Haushalt; persönliches Einkommen (länderspezifisch); Haushaltseinkommen (länderspezifisch); Status der rechtlichen Partnerschaft; Migrationshintergrund: Geburtsland des Vaters; Geburtsland der Mutter; Urbanisierungsgrad des Wohnortes: Stadt - Land; Region (länderspezifisch). 

Informationen zum Ehepartner/Partner: Arbeit: derzeit, früher oder nie in bezahlter Arbeit; wöchentliche Arbeitsstunden; Beschäftigungsverhältnis; Vorgesetztenfunktion; Beruf (ISCO 2008); Hauptbeschäftigungsstatus. 

Zusätzlich verkodet: Befragten-ID; Kennzeichnungsvariable für die Ersetzung von Fällen; Kennzeichnungsvariable für teilweise abgeschlossene Fälle; Interviewdatum  (Jahr, Monat, Tag); Sprache des Interviews; Gewicht; Erhebungsverfahren; Land der Datenerhebung (Ländercode ISO 3166); Ländercode/Stichprobe (ISO 3166); Land (Präfix ISO 3166).";"[""Steinmetz, Stephanie"", ""Sapin, Marlène"", ""Joye, Dominique"", ""Gonzalez, Ricardo"", ""Hamplová, Dana"", ""Krej?í, Jind?ich"", ""Wolf, Christof"", ""Scholz, Evi"", ""Jutz, Regina"", ""Hochman, Oshrat"", ""Clement, Sanne L."", ""Melin, Harri"", ""Borg, Sami"", ""Marinovi? Jerolimov, Dinka"", ""Pedrazzani, Andrea"", ""Vegetti, Federico"", ""Kobayashi, Toshiyuki"", ""Murata, Hiroko"", ""Milne, Barry"", ""Randow, Martin von"", ""Guerrero, Linda Luz"", ""Labucay, Iremae"", ""Karaeva, Olga"", ""Hafner Fink, Mitja"", ""Malnar, Brina"", ""Bureekul, Thawilwadee"", ""Sangmahamad, Ratchawadee"", ""Udompong, Lertporn"", ""Struwig, Jare"", ""Roberts, Benjamin"", ""Ngungu, Mercy"", ""Gordon, Steven"", ""Dimova, Lilia"", ""Chengelova, Emilia"", ""Phillips, Miranda"", ""Jónsdóttir, Guðbjörg A."", ""Ólafsdóttir, Sigrún"", ""Bernburg, Jón G."", ""Tryggvadóttir, Guðný B."", ""Lewin-Epstein, Noah"", ""Krupavi?ius, Algis"", ""Sno, Tamira"", ""Ganzeboom, Harry"", ""Fu, Yang-chih"", ""Höllinger, Franz"", ""Hadler, Markus"", ""Aschauer, Wolfgang"", ""Eder, Anja"", ""Bacher, Johann"", ""Prandner, Dimitri"", ""Gonthier, Frédéric"", ""Zmerli, Sonja"", ""Bréchon, Pierre"", ""Astor, Sandrine"", ""Zolotoukhine, Erik"", ""Skjåk, Knut Kalgraff"", ""Edlund, Jonas"", ""Briceño-León, Roberto"", ""McEachern, Steven"", ""Gray, Matthew"", ""Evans, Ann"", ""Zammit, Adam"", ""Davern, Michael"", ""Bautista, Rene"", ""Smith, Tom W."", ""Freese, Jeremy"", ""Morgan, Stephen L.""]";"[""ISSP Research Group -  - ""]";GESIS;SteinmetzSapinJoye;"[""FORS, c/o University of Lausanne, Switzerland"", ""FORS, c/o University of Lausanne, Switzerland"", ""FORS, c/o University of Lausanne, Switzerland"", ""Centro de Estudios Públicos (CEP"", ""Institute of Sociology of the Czech Academy of Sciences, Prague, Czech Republic"", ""Institute of Sociology of the Czech Academy of Sciences, Prague, Czech Republic"", ""GESIS Leibniz Institute for the Social Sciences, Mannheim, Germany"", ""GESIS Leibniz Institute for the Social Sciences, Mannheim, Germany"", ""GESIS Leibniz Institute for the Social Sciences, Mannheim, Germany"", ""GESIS Leibniz Institute for the Social Sciences, Mannheim, Germany"", ""Department of Political Science, Aalborg University, Aalborg, Denmark"", ""University of Tampere/ Finnish Social Science Data Archive, Finland"", ""University of Tampere/ Finnish Social Science Data Archive, Finland"", ""Institute for Social Research, Zagreb, Croatia"", ""Department of Social and Political Sciences, University of Milan, Italy"", ""Department of Social and Political Sciences, University of Milan, Italy"", ""NHK (Japan Broadcasting Corporation"", ""NHK (Japan Broadcasting Corporation"", ""The University of Auckland, New Zealand"", ""The University of Auckland, New Zealand"", ""Social Weather Stations, Quezon City, Philippines"", ""Social Weather Stations, Quezon City, Philippines"", ""Levada Center, Moscow, Russia"", ""University of Ljubljana, Faculty of Social Science, Ljubljana, Slovenia"", ""University of Ljubljana, Faculty of Social Science, Ljubljana, Slovenia"", ""King Prajadhipok’s Institute, Bangkok, Thailand"", ""King Prajadhipok’s Institute, Bangkok, Thailand"", ""King Prajadhipok’s Institute, Bangkok, Thailand"", ""Human Sciences Research Council (HSRC"", ""Human Sciences Research Council (HSRC"", ""Human Sciences Research Council (HSRC"", ""Human Sciences Research Council (HSRC"", ""Institute of Philosophy and Sociology at BAS (IPS-BAS"", ""Institute of Philosophy and Sociology at BAS (IPS-BAS"", ""National Centre for Social Research (NatCen"", ""Social Science Research Institute, University of Iceland, Reykjavik, Iceland"", ""Social Science Research Institute, University of Iceland, Reykjavik, Iceland"", ""Social Science Research Institute, University of Iceland, Reykjavik, Iceland"", ""Social Science Research Institute, University of Iceland, Reykjavik, Iceland"", ""B.I. and Lucille Cohen Institute for public opinion, Tel-Aviv, Israel"", ""Vytautas Magnus University, Kaunas, Lithuania"", ""Anton de Kom University of Suriname, Paramaribo, Suriname"", ""VU Amsterdam, Netherlands"", ""Institute of Sociology, Academia Sinica, Taipei City, Taiwan"", ""Institut für Soziologie, Universität Graz, Austria"", ""Institut für Soziologie, Universität Graz, Austria"", ""Fachbereich Soziologie und Kulturwissenschaften, Universität Salzburg, Austria"", ""Institut für Soziologie, Universität Graz, Austria"", ""Institut für Soziologie, Johannes Kepler Universität Linz, Austria"", ""Institut für Soziologie, Johannes Kepler Universität Linz, Austria"", ""Sciences Po Grenoble - Université Grenoble Alpes - Pacte -  CNRS, France"", ""Sciences Po Grenoble - Université Grenoble Alpes - Pacte -  CNRS, France"", ""Sciences Po Grenoble - Université Grenoble Alpes - Pacte -  CNRS, France"", ""Sciences Po Grenoble - Université Grenoble Alpes - Pacte -  CNRS, France"", ""Sciences Po Grenoble - Université Grenoble Alpes - Pacte -  CNRS, France"", ""Norwegian Social Science Data Services, Bergen, Norway"", ""Department of Sociology, Umeå University, Sweden"", ""Laboratorio de Ciencias Sociales (LACSO"", ""ANU Centre for Social Research and Methods (ANUCSRM"", ""ANU Centre for Social Research and Methods (ANUCSRM"", ""ANU Centre for Social Research and Methods (ANUCSRM"", ""Australian Consortium for Political and Social Research, Inc. (ACSPRI"", ""National Opinion Research Center (NORC"", ""National Opinion Research Center (NORC"", ""National Opinion Research Center (NORC"", ""National Opinion Research Center (NORC"", ""National Opinion Research Center (NORC""]";2018-11-20 - 2022-05-05;;"[""Schweiz (CH)"", ""Chile (CL)"", ""Tschechische Republik (CZ)"", ""Deutschland (DE)"", ""Dänemark (DK)"", ""Finnland (FI)"", ""Kroatien (HR)"", ""Italien (IT)"", ""Japan (JP)"", ""Neuseeland (NZ)"", ""Philippinen (PH)"", ""Russische Föderation (RU)"", ""Slowenien (SI)"", ""Thailand (TH)"", ""Südafrika (ZA)"", ""Bulgarien (BG)"", ""Island (IS)"", ""Israel (IL)"", ""Litauen (LT)"", ""Suriname (SR)"", ""Taiwan (TW)"", ""Österreich (AT)"", ""Frankreich (FR)"", ""Norwegen (NO)"", ""Schweden (SE)"", ""Venezuela, Bolivarische Republik (VE)"", ""Australien (AU)"", ""Vereinigte Staaten von Amerika (US)""]";"[""Schweiz"", ""Chile"", ""Tschechische Republik"", ""Deutschland"", ""Dänemark"", ""Finnland"", ""Kroatien"", ""Italien"", ""Japan"", ""Neuseeland"", ""Philippinen"", ""Russische Föderation"", ""Slowenien"", ""Thailand"", ""Südafrika"", ""Bulgarien"", ""Island"", ""Israel"", ""Litauen"", ""Suriname"", ""Taiwan"", ""Österreich"", ""Frankreich"", ""Norwegen"", ""Schweden"", ""Venezuela, Bolivarische Republik"", ""Australien"", ""Vereinigte Staaten von Amerika""]";"&bull;   Persönliches Interview : Computerunterstützte Befragung (CAPI/CAMI)
&bull;   Persönliches Interview : Papier-und-Bleistift (PAPI)
&bull;   Telefonisches Interview
&bull;   Webbasiertes Interview
&bull;   Selbstausgefüllter Fragebogen: Papier
&bull;   Selbstausgefüllter Fragebogen: Webbasiert (CAWI);
";;"&bull;   Wahrscheinlichkeitsauswahl: Einfache Zufallsauswahl
&bull;   Wahrscheinlichkeitsauswahl: Mehrstufige Zufallsauswahl;
";;;"[""doi:10.4232/1.14009""]";;;;;;;, 2022-10-14,  https://doi.org/doi:10.4232/1.14009;"Steinmetz, S., Sapin, M., Joye, D., Gonzalez, R., Hamplová, D., Krej?í, J., Wolf, C., . . . Morgan, S. L. (2022). International Social Survey Programme: Social Inequality V - ISSP 2019 (ZA7600; Version )  [Data set]. GESIS, Köln. https://doi.org/doi:10.4232/1.14009";"(ZA7600; Version )  [Data set]. GESIS, Köln. https://doi.org/doi:10.4232/1.14009";;;;;;"[""Switzerland (CH)"", ""Chile (CL)"", ""Czech Republic (CZ)"", ""Germany (DE)"", ""Denmark (DK)"", ""Finland (FI)"", ""Croatia (HR)"", ""Italy (IT)"", ""Japan (JP)"", ""New Zealand (NZ)"", ""Philippines (PH)"", ""Russian Federation (RU)"", ""Slovenia (SI)"", ""Thailand (TH)"", ""South Africa (ZA)"", ""Bulgaria (BG)"", ""Iceland (IS)"", ""Israel (IL)"", ""Lithuania (LT)"", ""Suriname (SR)"", ""Taiwan (TW)"", ""Austria (AT)"", ""France (FR)"", ""Norway (NO)"", ""Sweden (SE)"", ""Venezuela, Bolivarian Republic of (VE)"", ""Australia (AU)"", ""United States of America (US)""]";"[""Switzerland"", ""Chile"", ""Czech Republic"", ""Germany"", ""Denmark"", ""Finland"", ""Croatia"", ""Italy"", ""Japan"", ""New Zealand"", ""Philippines"", ""Russian Federation"", ""Slovenia"", ""Thailand"", ""South Africa"", ""Bulgaria"", ""Iceland"", ""Israel"", ""Lithuania"", ""Suriname"", ""Taiwan"", ""Austria"", ""France"", ""Norway"", ""Sweden"", ""Venezuela, Bolivarian Republic of"", ""Australia"", ""United States of America""]";"&bull;   Face-to-face interview: Computer-assisted (CAPI/CAMI)
&bull;   Face-to-face interview: Paper-and-pencil (PAPI)
&bull;   Telephone interview
&bull;   Web-based interview
&bull;   Self-administered questionnaire: Paper
&bull;   Self-administered questionnaire: Web-based (CAWI);
";;;;"(ZA7600; Version ) [Data set]. GESIS, Cologne. https://doi.org/doi:10.4232/1.14009";"&bull;   Probability: Simple random
&bull;   Probability: Multistage;
";"Steinmetz, S., Sapin, M., Joye, D., Gonzalez, R., Hamplová, D., Krej?í, J., Wolf, C., . . . Morgan, S. L. (2022). International Social Survey Programme: Social Inequality V - ISSP 2019 (ZA7600; Version ) [Data set]. GESIS, Cologne. https://doi.org/doi:10.4232/1.14009";"[""Face-to-face interview: Computer-assisted (CAPI/CAMI)"", ""Face-to-face interview: Paper-and-pencil (PAPI)"", ""Telephone interview"", ""Web-based interview"", ""Self-administered questionnaire: Paper"", ""Self-administered questionnaire: Web-based (CAWI)""]";;GESIS-Datenarchiv;GESIS-DBK;0;1;1;10;;[];;;;"[{""label"": ""ZA7600_cdb.pdf  (Variablenreport) 2.3 MB"", ""label_en"": ""ZA7600_cdb.pdf  (Variable Report) 2.3 MB"", ""url"": ""https://access.gesis.org/dbk/73336"", ""secured"": ""false""}]";"[{""label"": ""ZA7600_bq.pdf  (Fragebogen) 868.57 KB"", ""label_en"": ""ZA7600_bq.pdf  (Questionnaire) 868.57 KB"", ""url"": ""https://access.gesis.org/dbk/70641"", ""secured"": ""false""}, {""label"": ""ZA7600_q_all.zip  (Fragebogen) 64.51 MB"", ""label_en"": ""ZA7600_q_all.zip  (Questionnaire) 64.51 MB"", ""url"": ""https://access.gesis.org/dbk/70639"", ""secured"": ""false""}, {""label"": ""ZA7600_q_at.pdf Österreich (Fragebogen) 653.14 KB"", ""label_en"": ""ZA7600_q_at.pdf Austria (Questionnaire) 653.14 KB"", ""url"": ""https://access.gesis.org/dbk/73308"", ""secured"": ""false""}, {""label"": ""ZA7600_q_au.pdf Australien (Fragebogen) 5.21 MB"", ""label_en"": ""ZA7600_q_au.pdf Australia (Questionnaire) 5.21 MB"", ""url"": ""https://access.gesis.org/dbk/73309"", ""secured"": ""false""}, {""label"": ""ZA7600_q_bg.pdf Bulgarien (Fragebogen) 1.41 MB"", ""label_en"": ""ZA7600_q_bg.pdf Bulgaria (Questionnaire) 1.41 MB"", ""url"": ""https://access.gesis.org/dbk/71538"", ""secured"": ""false""}, {""label"": ""ZA7600_q_ch.pdf Schweiz (Fragebogen) 18.75 MB"", ""label_en"": ""ZA7600_q_ch.pdf Switzerland (Questionnaire) 18.75 MB"", ""url"": ""https://access.gesis.org/dbk/70589"", ""secured"": ""false""}, {""label"": ""ZA7600_q_cl.pdf Chile (Fragebogen) 217.44 KB"", ""label_en"": ""ZA7600_q_cl.pdf Chile (Questionnaire) 217.44 KB"", ""url"": ""https://access.gesis.org/dbk/70590"", ""secured"": ""false""}, {""label"": ""ZA7600_q_cz.pdf Tschechische Republik (Fragebogen) 737.57 KB"", ""label_en"": ""ZA7600_q_cz.pdf Czech Republic (Questionnaire) 737.57 KB"", ""url"": ""https://access.gesis.org/dbk/70591"", ""secured"": ""false""}, {""label"": ""ZA7600_q_de.pdf Deutschland (Fragebogen) 388.59 KB"", ""label_en"": ""ZA7600_q_de.pdf Germany (Questionnaire) 388.59 KB"", ""url"": ""https://access.gesis.org/dbk/70592"", ""secured"": ""false""}, {""label"": ""ZA7600_q_dk.pdf Dänemark (Fragebogen) 3.23 MB"", ""label_en"": ""ZA7600_q_dk.pdf Denmark (Questionnaire) 3.23 MB"", ""url"": ""https://access.gesis.org/dbk/70593"", ""secured"": ""false""}, {""label"": ""ZA7600_q_fi-fi.pdf Finnland (Finnisch) (Fragebogen) 1.01 MB"", ""label_en"": ""ZA7600_q_fi-fi.pdf Finland (Finnish) (Questionnaire) 1.01 MB"", ""url"": ""https://access.gesis.org/dbk/70594"", ""secured"": ""false""}, {""label"": ""ZA7600_q_fi-sv.pdf Finnland (Schwedisch) (Fragebogen) 1.04 MB"", ""label_en"": ""ZA7600_q_fi-sv.pdf Finland (Swedish) (Questionnaire) 1.04 MB"", ""url"": ""https://access.gesis.org/dbk/75813"", ""secured"": ""false""}, {""label"": ""ZA7600_q_fr.pdf Frankreich (Fragebogen) 1.04 MB"", ""label_en"": ""ZA7600_q_fr.pdf France (Questionnaire) 1.04 MB"", ""url"": ""https://access.gesis.org/dbk/73310"", ""secured"": ""false""}, {""label"": ""ZA7600_q_gb.pdf Großbritannien (Fragebogen) 2.82 MB"", ""label_en"": ""ZA7600_q_gb.pdf Great Britain (Questionnaire) 2.82 MB"", ""url"": ""https://access.gesis.org/dbk/71539"", ""secured"": ""false""}, {""label"": ""ZA7600_q_hr.pdf Kroatien (Fragebogen) 1.36 MB"", ""label_en"": ""ZA7600_q_hr.pdf Croatia (Questionnaire) 1.36 MB"", ""url"": ""https://access.gesis.org/dbk/70596"", ""secured"": ""false""}, {""label"": ""ZA7600_q_il-ar.pdf Israel (Arabisch) (Fragebogen) 500.98 KB"", ""label_en"": ""ZA7600_q_il-ar.pdf Israel (Arabic) (Questionnaire) 500.98 KB"", ""url"": ""https://access.gesis.org/dbk/71540"", ""secured"": ""false""}, {""label"": ""ZA7600_q_il-he.pdf Israel (Hebräisch) (Fragebogen) 583.24 KB"", ""label_en"": ""ZA7600_q_il-he.pdf Israel (Hebrew) (Questionnaire) 583.24 KB"", ""url"": ""https://access.gesis.org/dbk/71541"", ""secured"": ""false""}, {""label"": ""ZA7600_q_is-is.pdf Island (Isländisch) (Fragebogen) 463.63 KB"", ""label_en"": ""ZA7600_q_is-is.pdf Iceland (Icelandic) (Questionnaire) 463.63 KB"", ""url"": ""https://access.gesis.org/dbk/71543"", ""secured"": ""false""}, {""label"": ""ZA7600_q_it.pdf Italien (Fragebogen) 1.04 MB"", ""label_en"": ""ZA7600_q_it.pdf Italy (Questionnaire) 1.04 MB"", ""url"": ""https://access.gesis.org/dbk/70597"", ""secured"": ""false""}, {""label"": ""ZA7600_q_jp.pdf Japan (Fragebogen) 894.38 KB"", ""label_en"": ""ZA7600_q_jp.pdf Japan (Questionnaire) 894.38 KB"", ""url"": ""https://access.gesis.org/dbk/70598"", ""secured"": ""false""}, {""label"": ""ZA7600_q_lt.pdf Litauen (Fragebogen) 618.37 KB"", ""label_en"": ""ZA7600_q_lt.pdf Lithuania (Questionnaire) 618.37 KB"", ""url"": ""https://access.gesis.org/dbk/71544"", ""secured"": ""false""}, {""label"": ""ZA7600_q_no.pdf Norwegen (Fragebogen) 363.78 KB"", ""label_en"": ""ZA7600_q_no.pdf Norway (Questionnaire) 363.78 KB"", ""url"": ""https://access.gesis.org/dbk/73311"", ""secured"": ""false""}, {""label"": ""ZA7600_q_nz.pdf Neuseeland (Fragebogen) 810.06 KB"", ""label_en"": ""ZA7600_q_nz.pdf New Zealand (Questionnaire) 810.06 KB"", ""url"": ""https://access.gesis.org/dbk/70599"", ""secured"": ""false""}, {""label"": ""ZA7600_q_ph-bik.pdf Philippinen (Bikolano) (Fragebogen) 1.84 MB"", ""label_en"": ""ZA7600_q_ph-bik.pdf Philippines (Bicolano) (Questionnaire) 1.84 MB"", ""url"": ""https://access.gesis.org/dbk/70600"", ""secured"": ""false""}, {""label"": ""ZA7600_q_ph-cbk.pdf Philippinen (Chabacano) (Fragebogen) 1.6 MB"", ""label_en"": ""ZA7600_q_ph-cbk.pdf Philippines (Chabacano) (Questionnaire) 1.6 MB"", ""url"": ""https://access.gesis.org/dbk/70601"", ""secured"": ""false""}, {""label"": ""ZA7600_q_ph-ceb.pdf hilippinen (Cebuano) (Fragebogen) 1.95 MB"", ""label_en"": ""ZA7600_q_ph-ceb.pdf Philippines (Cebuano) (Questionnaire) 1.95 MB"", ""url"": ""https://access.gesis.org/dbk/70602"", ""secured"": ""false""}, {""label"": ""ZA7600_q_ph-fil.pdf Philippinen (Filipino) (Fragebogen) 1.88 MB"", ""label_en"": ""ZA7600_q_ph-fil.pdf Philippines (Filipino) (Questionnaire) 1.88 MB"", ""url"": ""https://access.gesis.org/dbk/70603"", ""secured"": ""false""}, {""label"": ""ZA7600_q_ph-hil.pdf Philippinen (Hiligaynon) (Fragebogen) 1.91 MB"", ""label_en"": ""ZA7600_q_ph-hil.pdf Philippines (Hiligaynon) (Questionnaire) 1.91 MB"", ""url"": ""https://access.gesis.org/dbk/70604"", ""secured"": ""false""}, {""label"": ""ZA7600_q_ph-ilo.pdf Philippinen (Ilokano) (Fragebogen) 1.88 MB"", ""label_en"": ""ZA7600_q_ph-ilo.pdf Philippines (Iluko) (Questionnaire) 1.88 MB"", ""url"": ""https://access.gesis.org/dbk/70605"", ""secured"": ""false""}, {""label"": ""ZA7600_q_ph-mdh.pdf Philippinen (Maguindanao) (Fragebogen) 1.97 MB"", ""label_en"": ""ZA7600_q_ph-mdh.pdf Philippines (Maguindanao) (Questionnaire) 1.97 MB"", ""url"": ""https://access.gesis.org/dbk/70606"", ""secured"": ""false""}, {""label"": ""ZA7600_q_ph-mrw.pdf Philippinen (Maranao) (Fragebogen) 1.97 MB"", ""label_en"": ""ZA7600_q_ph-mrw.pdf Philippines (Maranao) (Questionnaire) 1.97 MB"", ""url"": ""https://access.gesis.org/dbk/70607"", ""secured"": ""false""}, {""label"": ""ZA7600_q_ph-msb.pdf Philippinen (Masbatenyo) (Fragebogen) 1.88 MB"", ""label_en"": ""ZA7600_q_ph-msb.pdf Philippines (Masbateño) (Questionnaire) 1.88 MB"", ""url"": ""https://access.gesis.org/dbk/70608"", ""secured"": ""false""}, {""label"": ""ZA7600_q_ph-srv.pdf Philippinen (Southern Sorsogon) (Fragebogen) 1.7 MB"", ""label_en"": ""ZA7600_q_ph-srv.pdf Philippines (Southern Sorsogon) (Questionnaire) 1.7 MB"", ""url"": ""https://access.gesis.org/dbk/70609"", ""secured"": ""false""}, {""label"": ""ZA7600_q_ph-tsg.pdf Philippinen (Tausug) (Fragebogen) 1.81 MB"", ""label_en"": ""ZA7600_q_ph-tsg.pdf Philippines (Tausug) (Questionnaire) 1.81 MB"", ""url"": ""https://access.gesis.org/dbk/70610"", ""secured"": ""false""}, {""label"": ""ZA7600_q_ph-war.pdf Philippinen (Wáray-Wáray) (Fragebogen) 1.81 MB"", ""label_en"": ""ZA7600_q_ph-war.pdf Philippines (Waray) (Questionnaire) 1.81 MB"", ""url"": ""https://access.gesis.org/dbk/70611"", ""secured"": ""false""}, {""label"": ""ZA7600_q_ru.pdf Russland (Fragebogen) 793.8 KB"", ""label_en"": ""ZA7600_q_ru.pdf Russia (Questionnaire) 793.8 KB"", ""url"": ""https://access.gesis.org/dbk/70612"", ""secured"": ""false""}, {""label"": ""ZA7600_q_se.pdf Schweden (Fragebogen) 702.15 KB"", ""label_en"": ""ZA7600_q_se.pdf Sweden (Questionnaire) 702.15 KB"", ""url"": ""https://access.gesis.org/dbk/73312"", ""secured"": ""false""}, {""label"": ""ZA7600_q_si.pdf Slowenien (Fragebogen) 1.21 MB"", ""label_en"": ""ZA7600_q_si.pdf Slovenia (Questionnaire) 1.21 MB"", ""url"": ""https://access.gesis.org/dbk/70613"", ""secured"": ""false""}, {""label"": ""ZA7600_q_sr.pdf Suriname (Fragebogen) 1.01 MB"", ""label_en"": ""ZA7600_q_sr.pdf Suriname (Questionnaire) 1.01 MB"", ""url"": ""https://access.gesis.org/dbk/71545"", ""secured"": ""false""}, {""label"": ""ZA7600_q_th.pdf Thailand (Fragebogen) 681.35 KB"", ""label_en"": ""ZA7600_q_th.pdf Thailand (Questionnaire) 681.35 KB"", ""url"": ""https://access.gesis.org/dbk/70614"", ""secured"": ""false""}, {""label"": ""ZA7600_q_tw.pdf Taiwan (Fragebogen) 579.19 KB"", ""label_en"": ""ZA7600_q_tw.pdf Taiwan (Questionnaire) 579.19 KB"", ""url"": ""https://access.gesis.org/dbk/71546"", ""secured"": ""false""}, {""label"": ""ZA7600_q_us-en.pdf USA (Englisch) (Fragebogen) 246.21 KB"", ""label_en"": ""ZA7600_q_us-en.pdf USA (English) (Questionnaire) 246.21 KB"", ""url"": ""https://access.gesis.org/dbk/73313"", ""secured"": ""false""}, {""label"": ""ZA7600_q_us-es.pdf USA (Spanisch) (Fragebogen) 245.7 KB"", ""label_en"": ""ZA7600_q_us-es.pdf USA (Spanish) (Questionnaire) 245.7 KB"", ""url"": ""https://access.gesis.org/dbk/73314"", ""secured"": ""false""}, {""label"": ""ZA7600_q_ve.pdf Venezuela (Fragebogen) 409.86 KB"", ""label_en"": ""ZA7600_q_ve.pdf Venezuela (Questionnaire) 409.86 KB"", ""url"": ""https://access.gesis.org/dbk/73315"", ""secured"": ""false""}, {""label"": ""ZA7600_q_za-af.pdf Südafrika (Afrikaans) (Fragebogen) 477.54 KB"", ""label_en"": ""ZA7600_q_za-af.pdf South Africa (Afrikaans) (Questionnaire) 477.54 KB"", ""url"": ""https://access.gesis.org/dbk/70615"", ""secured"": ""false""}, {""label"": ""ZA7600_q_za-en.pdf Südafrika (Englisch) (Fragebogen) 463.45 KB"", ""label_en"": ""ZA7600_q_za-en.pdf South Africa (English) (Questionnaire) 463.45 KB"", ""url"": ""https://access.gesis.org/dbk/70616"", ""secured"": ""false""}, {""label"": ""ZA7600_q_za-tn.pdf Südafrika (Tswana) (Fragebogen) 465.66 KB"", ""label_en"": ""ZA7600_q_za-tn.pdf South Africa (Tswana) (Questionnaire) 465.66 KB"", ""url"": ""https://access.gesis.org/dbk/70617"", ""secured"": ""false""}, {""label"": ""ZA7600_q_za-ts.pdf Südafrika (Tsonga) (Fragebogen) 486.96 KB"", ""label_en"": ""ZA7600_q_za-ts.pdf South Africa (Tsonga) (Questionnaire) 486.96 KB"", ""url"": ""https://access.gesis.org/dbk/70618"", ""secured"": ""false""}, {""label"": ""ZA7600_q_za-ve.pdf Südafrika (Venda) (Fragebogen) 502.54 KB"", ""label_en"": ""ZA7600_q_za-ve.pdf South Africa (Venda) (Questionnaire) 502.54 KB"", ""url"": ""https://access.gesis.org/dbk/70619"", ""secured"": ""false""}, {""label"": ""ZA7600_q_za-xh.pdf Südafrika (Xhosa) (Fragebogen) 473.92 KB"", ""label_en"": ""ZA7600_q_za-xh.pdf South Africa (Xhosa) (Questionnaire) 473.92 KB"", ""url"": ""https://access.gesis.org/dbk/70620"", ""secured"": ""false""}, {""label"": ""ZA7600_q_za-zu.pdf Südafrika (Zulu) (Fragebogen) 466.57 KB"", ""label_en"": ""ZA7600_q_za-zu.pdf South Africa (Zulu) (Questionnaire) 466.57 KB"", ""url"": ""https://access.gesis.org/dbk/70621"", ""secured"": ""false""}]";;;;;"[""Querschnitt""]";;;"[""Cross-section""]";"[""Wahrscheinlichkeitsauswahl: Einfache Zufallsauswahl"", ""Wahrscheinlichkeitsauswahl: Mehrstufige Zufallsauswahl""]";"<table id=""version_table""><thead><tr><th>Versionsnummer</th><th>Datum, Name, DOI</th></tr></thead><tbody><tr><td></td><td>2022-10-14  (aktuelle Version) <a href=""https://doi.org/doi:10.4232/1.14009"">https://doi.org/doi:10.4232/1.14009</a></td></tr></tbody></table>";"<table id=""version_table""><thead><tr><th>Version number</th><th>Date, Name, DOI</th></tr></thead><tbody><tr><td></td><td>2022-10-14  (current version) <a href=""https://doi.org/doi:10.4232/1.14009"">https://doi.org/doi:10.4232/1.14009</a></td></tr><tbody></table>";"[""Probability: Simple random"", ""Probability: Multistage""]";;;International Social Survey Programme: Social Inequality V - ISSP 2019;;;;;;;;;;ZA7600;"[""Steinmetz, Stephanie - FORS, c/o University of Lausanne, Switzerland"", ""Sapin, Marlène - FORS, c/o University of Lausanne, Switzerland"", ""Joye, Dominique - FORS, c/o University of Lausanne, Switzerland"", ""Gonzalez, Ricardo - Centro de Estudios Públicos (CEP"", ""Hamplová, Dana - Institute of Sociology of the Czech Academy of Sciences, Prague, Czech Republic"", ""Krej?í, Jind?ich - Institute of Sociology of the Czech Academy of Sciences, Prague, Czech Republic"", ""Wolf, Christof - GESIS Leibniz Institute for the Social Sciences, Mannheim, Germany"", ""Scholz, Evi - GESIS Leibniz Institute for the Social Sciences, Mannheim, Germany"", ""Jutz, Regina - GESIS Leibniz Institute for the Social Sciences, Mannheim, Germany"", ""Hochman, Oshrat - GESIS Leibniz Institute for the Social Sciences, Mannheim, Germany"", ""Clement, Sanne L. - Department of Political Science, Aalborg University, Aalborg, Denmark"", ""Melin, Harri - University of Tampere/ Finnish Social Science Data Archive, Finland"", ""Borg, Sami - University of Tampere/ Finnish Social Science Data Archive, Finland"", ""Marinovi? Jerolimov, Dinka - Institute for Social Research, Zagreb, Croatia"", ""Pedrazzani, Andrea - Department of Social and Political Sciences, University of Milan, Italy"", ""Vegetti, Federico - Department of Social and Political Sciences, University of Milan, Italy"", ""Kobayashi, Toshiyuki - NHK (Japan Broadcasting Corporation"", ""Murata, Hiroko - NHK (Japan Broadcasting Corporation"", ""Milne, Barry - The University of Auckland, New Zealand"", ""Randow, Martin von - The University of Auckland, New Zealand"", ""Guerrero, Linda Luz - Social Weather Stations, Quezon City, Philippines"", ""Labucay, Iremae - Social Weather Stations, Quezon City, Philippines"", ""Karaeva, Olga - Levada Center, Moscow, Russia"", ""Hafner Fink, Mitja - University of Ljubljana, Faculty of Social Science, Ljubljana, Slovenia"", ""Malnar, Brina - University of Ljubljana, Faculty of Social Science, Ljubljana, Slovenia"", ""Bureekul, Thawilwadee - King Prajadhipok’s Institute, Bangkok, Thailand"", ""Sangmahamad, Ratchawadee - King Prajadhipok’s Institute, Bangkok, Thailand"", ""Udompong, Lertporn - King Prajadhipok’s Institute, Bangkok, Thailand"", ""Struwig, Jare - Human Sciences Research Council (HSRC"", ""Roberts, Benjamin - Human Sciences Research Council (HSRC"", ""Ngungu, Mercy - Human Sciences Research Council (HSRC"", ""Gordon, Steven - Human Sciences Research Council (HSRC"", ""Dimova, Lilia - Institute of Philosophy and Sociology at BAS (IPS-BAS"", ""Chengelova, Emilia - Institute of Philosophy and Sociology at BAS (IPS-BAS"", ""Phillips, Miranda - National Centre for Social Research (NatCen"", ""Jónsdóttir, Guðbjörg A. - Social Science Research Institute, University of Iceland, Reykjavik, Iceland"", ""Ólafsdóttir, Sigrún - Social Science Research Institute, University of Iceland, Reykjavik, Iceland"", ""Bernburg, Jón G. - Social Science Research Institute, University of Iceland, Reykjavik, Iceland"", ""Tryggvadóttir, Guðný B. - Social Science Research Institute, University of Iceland, Reykjavik, Iceland"", ""Lewin-Epstein, Noah - B.I. and Lucille Cohen Institute for public opinion, Tel-Aviv, Israel"", ""Krupavi?ius, Algis - Vytautas Magnus University, Kaunas, Lithuania"", ""Sno, Tamira - Anton de Kom University of Suriname, Paramaribo, Suriname"", ""Ganzeboom, Harry - VU Amsterdam, Netherlands"", ""Fu, Yang-chih - Institute of Sociology, Academia Sinica, Taipei City, Taiwan"", ""Höllinger, Franz - Institut für Soziologie, Universität Graz, Austria"", ""Hadler, Markus - Institut für Soziologie, Universität Graz, Austria"", ""Aschauer, Wolfgang - Fachbereich Soziologie und Kulturwissenschaften, Universität Salzburg, Austria"", ""Eder, Anja - Institut für Soziologie, Universität Graz, Austria"", ""Bacher, Johann - Institut für Soziologie, Johannes Kepler Universität Linz, Austria"", ""Prandner, Dimitri - Institut für Soziologie, Johannes Kepler Universität Linz, Austria"", ""Gonthier, Frédéric - Sciences Po Grenoble - Université Grenoble Alpes - Pacte -  CNRS, France"", ""Zmerli, Sonja - Sciences Po Grenoble - Université Grenoble Alpes - Pacte -  CNRS, France"", ""Bréchon, Pierre - Sciences Po Grenoble - Université Grenoble Alpes - Pacte -  CNRS, France"", ""Astor, Sandrine - Sciences Po Grenoble - Université Grenoble Alpes - Pacte -  CNRS, France"", ""Zolotoukhine, Erik - Sciences Po Grenoble - Université Grenoble Alpes - Pacte -  CNRS, France"", ""Skjåk, Knut Kalgraff - Norwegian Social Science Data Services, Bergen, Norway"", ""Edlund, Jonas - Department of Sociology, Umeå University, Sweden"", ""Briceño-León, Roberto - Laboratorio de Ciencias Sociales (LACSO"", ""McEachern, Steven - ANU Centre for Social Research and Methods (ANUCSRM"", ""Gray, Matthew - ANU Centre for Social Research and Methods (ANUCSRM"", ""Evans, Ann - ANU Centre for Social Research and Methods (ANUCSRM"", ""Zammit, Adam - Australian Consortium for Political and Social Research, Inc. (ACSPRI"", ""Davern, Michael - National Opinion Research Center (NORC"", ""Bautista, Rene - National Opinion Research Center (NORC"", ""Smith, Tom W. - National Opinion Research Center (NORC"", ""Freese, Jeremy - National Opinion Research Center (NORC"", ""Morgan, Stephen L. - National Opinion Research Center (NORC""]";"[""CH"", ""CL"", ""CZ"", ""DE"", ""DK"", ""FI"", ""HR"", ""IT"", ""JP"", ""NZ"", ""PH"", ""RU"", ""SI"", ""TH"", ""ZA"", ""BG"", ""IS"", ""IL"", ""LT"", ""SR"", ""TW"", ""AT"", ""FR"", ""NO"", ""SE"", ""VE"", ""AU"", ""US""]";[];0;44975;"[""""]";"[""tional Social Survey Programme (ISSP)"", ""Module Topic: Social Inequality""]";"[""""]";"[""2022-10-14""]";A;Daten und Dokumente sind für die akademische Forschung und Lehre freigegeben.;Data and documents are released for academic research and teaching.;"[""Das International Social Survey Programme (ISSP) ist ein internationales Kooperationsprogramm, das jährlich eine Umfrage zu sozialwissenschaftlich relevanten Themen durchführt. Seit 1985 stellt das ISSP internationale Datensätze bereit, die internationale und kulturübergreifende sozialwissenschaftliche Forschung über Zeit ermöglichen."", ""Die ISSP-Module zu sozialer Ungleichheit befassen sich hauptsächlich mit Themen wie Einstellungen zu Einkommensungleichheit, Ansichten zu Verdienst und Einkommen, Legitimation von Ungleichheit, beruflicher Aufstieg durch familiären Hintergrund und Netzwerke, soziale Spaltungen und Konflikte zwischen Gruppen sowie die aktuelle und frühere soziale Position.""]";"[""tern"", ""SP -""]";N;"[""2019-02-04 - 2019-07-31, Schweiz"", ""2019-04-26 - 2019-06-03, Chile"", ""2019-04-25 - 2019-07-14, Tschechische Republik"", ""2020-07-30 - 2020-09-30, Deutschland"", ""2019-10-08 - 2019-12-02, Dänemark"", ""2019-09-13 - 2019-12-31, Finnland"", ""2019-05-11 - 2019-06-18, Kroatien"", ""2019-10-07 - 2019-12-18, Italien"", ""2019-11-16 - 2019-11-24, Japan"", ""2020-01-28 - 2020-10-03, Neuseeland"", ""2019-04-27 - 2019-05-11, Philippinen"", ""2019-01-25 - 2019-01-31, Russland"", ""2019-10-01 - 2020-01-24, Slowenien"", ""2019-06-02 - 2019-07-30, Thailand"", ""2018-11-20 - 2019-04-10, Südafrika"", ""2021-05-03 - 2021-05-30, Bulgarien"", ""2019-07-06 - 2019-10-27, Großbritannien"", ""2020-07-13 - 2021-02-03, Island"", ""2021-02-27 - 2021-05-10, Israel"", ""2021-12-01 - 2021-12-21, Litauen"", ""2019-11-01 - 2020-04-22, Suriname"", ""2019-06-30 - 2020-02-25, Taiwan"", ""2021-04-23 - 2021-08-16, Österreich"", ""2021-03-18 - 2021-04-23, Frankreich"", ""2020-02-28 - 2020-06-10, Norwegen"", ""2019-11-04 - 2020-01-07, Schweden"", ""2022-04-20 - 2022-05-05, Venezuela"", ""2019-05-16 - 2020-04-29, Australien"", ""2020-12-01 - 2021-05-03, USA""]";info:eu-repo/semantics/restrictedAccess;colectica;14.10.2022 02:00;International Social Survey Programme: Social Inequality V - ISSP 2019;"Importance of different opportunities for getting ahead (wealthy family, well-educated parents, good education, hard work, knowing the right people, political connections, giving bribes, person´s race and religion, gender); estimation of actual and reasonable earnings for occupational groups: doctor in general practice, chairman of a large national corporation, shop assistant, unskilled worker in a factory, cabinet minister in the national government; concerns about inequality: income differences are too large in respondent´s country; feeling angry about differences in wealth between the rich and the poor (10 point scale); rating the fairness of income distribution in the country.

Social policy and redistribution: responsibility of the government to reduce income differences, the government should provide a decent standard of living for the unemployed; Reducing inequality by market actors: responsibility of private companies to reduce the differences in pay between their employees; market actor with the greatest responsibility for reducing differences in income (private companies, government, trade-unions, high-income individuals themselves, low-income individuals themselves, income differences do not need to be reduced); government inefficacy: most politicians in the country do not care about reducing the differences in income between people with high incomes and people with low incomes; rating of the government´s success in reducing the differences in income; opinion on taxation (people with high incomes should pay a larger share of their income in taxes than those with low incomes, the same share, or a smaller share); general rating of taxes in the country as much too high, too high, about right, too low, or much too low; market inequality in social services (just or unjust that people with higher incomes can buy better health care/ better education for their children than people with lower incomes); perceptions of global inequality (present economic differences between rich and poor countries are too large, people in wealthy countries should make an additional tax contribution to help people in poor countries, people from poor countries should be allowed to work in wealthy countries). 

Social conflict: rating of social conflicts between different social groups (poor people and rich people, the working class and die middle class, management and workers, young people and older people, people born in the country and people from other countries who have come to live in the country). 

Subjective social class / class mobility: Top-Bottom self-placement; Top-Bottom placement of the family the respondent grew up in; Top-Bottom self-placement in 10 years; subjective social class.

Pay criteria: importance of different pay criteria (how much responsibility goes with the job, the number of years spent in education and training, whether the person has children to support, how well he or she does the job). 

Characterisation of the actual and the preferred type of society of the country, measured by classification on pyramid diagrams (image of society). 

Lived experience of inequality: frequency of contact with people who are a lot poorer than the respondent; frequency of contact with people who are a lot richer than the respondent. 

Economic insecurity: difficulties to make ends meet from total household´s income currently and during the next 12 months; frequency of how often a meal is skipped because there is not enough money for food. 

Social trust (people can be trusted vs. can´t be too careful in dealing with people). 

Background questions: Objective social mobility: father’s and mother´s employment relationship in respondent´s youth; main occupation of father and mother in respondent´s youth.

Optional variables:
Lay explanations of inequality (workers would not bother to get skills and qualifications unless they were paid extra for having them, large differences in income are necessary for country´s prosperity, inequality continues because it benefits the rich and powerful, inequality continues to exist because ordinary people don´t join together to get rid of it). 

Perceptions of global inequality: rating of differences in wealth between rich and poor countries as fair or unfair. 

Objective social mobility: father´s and mother´s type of job when the respondent was (14-15-16) years; type of job the respondent has now in his current or last job; type of job the spouse/ partner has now in the current or last job.

Demography: sex; year of birth; age; years of full-time schooling; highest completed degree of education (country-specific); highest completed degree of education (derived from country specific degree); work: currently, formerly, or never in paid work; hours worked weekly; employment relationship; supervision of other employees; number of other employees supervised; type of organisation (for profit/ non-profit, public/ private); occupation (ISCO 2008); main status; living in steady partnership; trade union membership; religious affiliation (country-specific); groups of religious affiliation (derived from country specific religion); frequency of attendance of religious services; top-bottom self-placement; participation in the last general election; party the respondent voted for in the last general election (country-specific); left-right placement of party the respondent voted for in last general election by expert judgment on party positions; self-assessed affiliation with one or two particular ethnic groups (country-specific); number of persons in the household (household size); household composition: number of adults in the household; number of children above school entry age in the household; number of children below school age in the household; personal income (country-specific); household income (country-specific); legal partnership status; migration background: father´s country of birth; mother´s country of birth; place of living: urban - rural; region (country-specific). 

Information on spouse/partner: work: currently, formerly, or never in paid work; hours worked weekly; employment relationship; supervision of other employees; occupation (ISCO 2008); main status. 

Additionally coded: Respondent ID; case substitution flag; flag variable indicating partially completed cases; date of interview (year, month, day); language of the interview; weight; administration mode of data-collection; country (ISO 3166); country/ sample (ISO 3166); country (Prefix ISO 3166).";[];"[""[]""]";;[];"[""The International Social Survey Programme (ISSP) is a continuing annual program of cross-national survey collaboration, covering a wide range of topics important for social science research. Since 1985 the ISSP provides international data sets, enabling cross-cultural and cross-temporal research."", ""ISSP Social Inequality modules mainly deal with issues, such as attitudes towards income inequality, views on earnings and incomes, legitimation of inequality, career advancement by means of family background and networks, social cleavages and conflict among groups, and the current and past social position.""]";"[""2019-02-04 - 2019-07-31, Switzerland"", ""2019-04-26 - 2019-06-03, Chile"", ""2019-04-25 - 2019-07-14, Czech Republic"", ""2020-07-30 - 2020-09-30, Germany"", ""2019-10-08 - 2019-12-02, Denmark"", ""2019-09-13 - 2019-12-31, Finland"", ""2019-05-11 - 2019-06-18, Croatia"", ""2019-10-07 - 2019-12-18, Italy"", ""2019-11-16 - 2019-11-24, Japan"", ""2020-01-28 - 2020-10-03, New Zealand"", ""2019-04-27 - 2019-05-11, Philippines"", ""2019-01-25 - 2019-01-31, Russia"", ""2019-10-01 - 2020-01-24, Slovenia"", ""2019-06-02 - 2019-07-30, Thailand"", ""2018-11-20 - 2019-04-10, South Africa"", ""2021-05-03 - 2021-05-30, Bulgaria"", ""2019-07-06 - 2019-10-27, Great Britain"", ""2020-07-13 - 2021-02-03, Iceland"", ""2021-02-27 - 2021-05-10, Israel"", ""2021-12-01 - 2021-12-21, Lithuania"", ""2019-11-01 - 2020-04-22, Suriname"", ""2019-06-30 - 2020-02-25, Taiwan"", ""2021-04-23 - 2021-08-16, Austria"", ""2021-03-18 - 2021-04-23, France"", ""2020-02-28 - 2020-06-10, Norway"", ""2019-11-04 - 2020-01-07, Sweden"", ""2022-04-20 - 2022-05-05, Venezuela"", ""2019-05-16 - 2020-04-29, Australia"", ""2020-12-01 - 2021-05-03, USA""]";"[""tional Social Survey Programme (ISSP)"", ""Module Topic: Social Inequality""]";[];"[""wrldissp2006_logo200.jpg"", ""wrldissp2006_logo200.jpg""]";"[""Individuum""]";"[""Numerisch""]";"[""Persönliches Interview : Computerunterstützte Befragung (CAPI/CAMI)"", ""Persönliches Interview : Papier-und-Bleistift (PAPI)"", ""Telefonisches Interview"", ""Webbasiertes Interview"", ""Selbstausgefüllter Fragebogen: Papier"", ""Selbstausgefüllter Fragebogen: Webbasiert (CAWI)""]";"[""Individual""]";"[""Numeric""]";"[""ISSP Research Group -  - ""]";"[{""label"": ""ZA7600_v3-0-0.sav.zip SPSS (Datensatz) 4.4 MB"", ""label_en"": ""ZA7600_v3-0-0.sav.zip SPSS (Dataset) 4.4 MB"", ""url"": ""https://access.gesis.org/dbk/73335"", ""secured"": ""true"", ""format"": """", ""filesize"": ""4611332""}, {""label"": ""ZA7600_v3-0-0.dta.zip Stata (Datensatz) 3.81 MB"", ""label_en"": ""ZA7600_v3-0-0.dta.zip Stata (Dataset) 3.81 MB"", ""url"": ""https://access.gesis.org/dbk/73334"", ""secured"": ""true"", ""format"": """", ""filesize"": ""3990845""}]";"[{""label"": ""ZA7600_TechnicalReport_tw.pdf Taiwan (sonstiges) 355.64 KB"", ""label_en"": ""ZA7600_TechnicalReport_tw.pdf Taiwan (Other Document) 355.64 KB"", ""url"": ""https://access.gesis.org/dbk/71553"", ""secured"": ""false""}, {""label"": ""ZA7600_TechnicalReport_sr.pdf Suriname (sonstiges) 355.68 KB"", ""label_en"": ""ZA7600_TechnicalReport_sr.pdf Suriname (Other Document) 355.68 KB"", ""url"": ""https://access.gesis.org/dbk/71552"", ""secured"": ""false""}, {""label"": ""ZA7600_TechnicalReport_lt.pdf Litauen (sonstiges) 451.6 KB"", ""label_en"": ""ZA7600_TechnicalReport_lt.pdf Lithuania (Other Document) 451.6 KB"", ""url"": ""https://access.gesis.org/dbk/71551"", ""secured"": ""false""}, {""label"": ""ZA7600_TechnicalReport_is.pdf Island (sonstiges) 339.47 KB"", ""label_en"": ""ZA7600_TechnicalReport_is.pdf Iceland (Other Document) 339.47 KB"", ""url"": ""https://access.gesis.org/dbk/71550"", ""secured"": ""false""}, {""label"": ""ZA7600_TechnicalReport_il.pdf Israel (sonstiges) 343.8 KB"", ""label_en"": ""ZA7600_TechnicalReport_il.pdf Israel (Other Document) 343.8 KB"", ""url"": ""https://access.gesis.org/dbk/71549"", ""secured"": ""false""}, {""label"": ""ZA7600_TechnicalReport_gb.pdf Großbritannien (sonstiges) 357.83 KB"", ""label_en"": ""ZA7600_TechnicalReport_gb.pdf Great Britain (Other Document) 357.83 KB"", ""url"": ""https://access.gesis.org/dbk/71548"", ""secured"": ""false""}, {""label"": ""ZA7600_TechnicalReport_bg.pdf Bulgarien (Bericht) 347.02 KB"", ""label_en"": ""ZA7600_TechnicalReport_bg.pdf Bulgaria (Report) 347.02 KB"", ""url"": ""https://access.gesis.org/dbk/71547"", ""secured"": ""false""}, {""label"": ""ZA7600_characteristics_tw.pdf Taiwan (sonstiges) 27.44 KB"", ""label_en"": ""ZA7600_characteristics_tw.pdf Taiwan (Other Document) 27.44 KB"", ""url"": ""https://access.gesis.org/dbk/71537"", ""secured"": ""false""}, {""label"": ""ZA7600_characteristics_sr.pdf Suriname (sonstiges) 60.54 KB"", ""label_en"": ""ZA7600_characteristics_sr.pdf Suriname (Other Document) 60.54 KB"", ""url"": ""https://access.gesis.org/dbk/71536"", ""secured"": ""false""}, {""label"": ""ZA7600_characteristics_lt.pdf Litauen (sonstiges) 114.32 KB"", ""label_en"": ""ZA7600_characteristics_lt.pdf Lithuania (Other Document) 114.32 KB"", ""url"": ""https://access.gesis.org/dbk/71535"", ""secured"": ""false""}, {""label"": ""ZA7600_characteristics_is.pdf Island (sonstiges) 147.01 KB"", ""label_en"": ""ZA7600_characteristics_is.pdf Iceland (Other Document) 147.01 KB"", ""url"": ""https://access.gesis.org/dbk/71534"", ""secured"": ""false""}, {""label"": ""ZA7600_characteristics_il.pdf Israel (sonstiges) 65.87 KB"", ""label_en"": ""ZA7600_characteristics_il.pdf Israel (Other Document) 65.87 KB"", ""url"": ""https://access.gesis.org/dbk/71533"", ""secured"": ""false""}, {""label"": ""ZA7600_characteristics_gb.pdf Großbritannien (sonstiges) 54.95 KB"", ""label_en"": ""ZA7600_characteristics_gb.pdf Great Britain (Other Document) 54.95 KB"", ""url"": ""https://access.gesis.org/dbk/71532"", ""secured"": ""false""}, {""label"": ""ZA7600_characteristics_bg.pdf Bulgarien (sonstiges) 111.76 KB"", ""label_en"": ""ZA7600_characteristics_bg.pdf Bulgaria (Other Document) 111.76 KB"", ""url"": ""https://access.gesis.org/dbk/71531"", ""secured"": ""false""}, {""label"": ""ZA7600_backgroundvar_tw.pdf Taiwan (sonstiges) 907.61 KB"", ""label_en"": ""ZA7600_backgroundvar_tw.pdf Taiwan (Other Document) 907.61 KB"", ""url"": ""https://access.gesis.org/dbk/71530"", ""secured"": ""false""}, {""label"": ""ZA7600_backgroundvar_sr.pdf Suriname (sonstiges) 714.33 KB"", ""label_en"": ""ZA7600_backgroundvar_sr.pdf Suriname (Other Document) 714.33 KB"", ""url"": ""https://access.gesis.org/dbk/71529"", ""secured"": ""false""}, {""label"": ""ZA7600_backgroundvar_lt.pdf Litauen (sonstiges) 833.19 KB"", ""label_en"": ""ZA7600_backgroundvar_lt.pdf Lithuania (Other Document) 833.19 KB"", ""url"": ""https://access.gesis.org/dbk/71528"", ""secured"": ""false""}, {""label"": ""ZA7600_backgroundvar_is.pdf Island (sonstiges) 734.86 KB"", ""label_en"": ""ZA7600_backgroundvar_is.pdf Iceland (Other Document) 734.86 KB"", ""url"": ""https://access.gesis.org/dbk/71527"", ""secured"": ""false""}, {""label"": ""ZA7600_backgroundvar_il.pdf Israel (sonstiges) 940.72 KB"", ""label_en"": ""ZA7600_backgroundvar_il.pdf Israel (Other Document) 940.72 KB"", ""url"": ""https://access.gesis.org/dbk/71526"", ""secured"": ""false""}, {""label"": ""ZA7600_backgroundvar_gb.pdf Großbritannien (sonstiges) 848.88 KB"", ""label_en"": ""ZA7600_backgroundvar_gb.pdf Great Britain (Other Document) 848.88 KB"", ""url"": ""https://access.gesis.org/dbk/71525"", ""secured"": ""false""}, {""label"": ""ZA7600_backgroundvar_bg.pdf Bulgarien (sonstiges) 1.25 MB"", ""label_en"": ""ZA7600_backgroundvar_bg.pdf Bulgaria (Other Document) 1.25 MB"", ""url"": ""https://access.gesis.org/dbk/71524"", ""secured"": ""false""}, {""label"": ""ZA7600_TechnicalReport_all.zip  (sonstiges) 7.68 MB"", ""label_en"": ""ZA7600_TechnicalReport_all.zip  (Other Document) 7.68 MB"", ""url"": ""https://access.gesis.org/dbk/70640"", ""secured"": ""false""}, {""label"": ""ZA7600_characteristics_all.zip  (sonstiges) 2.74 MB"", ""label_en"": ""ZA7600_characteristics_all.zip  (Other Document) 2.74 MB"", ""url"": ""https://access.gesis.org/dbk/70638"", ""secured"": ""false""}, {""label"": ""ZA7600_backgroundvar_all.zip  (sonstiges) 18.97 MB"", ""label_en"": ""ZA7600_backgroundvar_all.zip  (Other Document) 18.97 MB"", ""url"": ""https://access.gesis.org/dbk/70637"", ""secured"": ""false""}, {""label"": ""ZA7600_TechnicalReport_za.pdf Südafrika (sonstiges) 312.95 KB"", ""label_en"": ""ZA7600_TechnicalReport_za.pdf South Africa (Other Document) 312.95 KB"", ""url"": ""https://access.gesis.org/dbk/70636"", ""secured"": ""false""}, {""label"": ""ZA7600_TechnicalReport_th.pdf Thailand (sonstiges) 374.15 KB"", ""label_en"": ""ZA7600_TechnicalReport_th.pdf Thailand (Other Document) 374.15 KB"", ""url"": ""https://access.gesis.org/dbk/70635"", ""secured"": ""false""}, {""label"": ""ZA7600_TechnicalReport_si.pdf Slowenien (sonstiges) 364.85 KB"", ""label_en"": ""ZA7600_TechnicalReport_si.pdf Slovenia (Other Document) 364.85 KB"", ""url"": ""https://access.gesis.org/dbk/70634"", ""secured"": ""false""}, {""label"": ""ZA7600_TechnicalReport_ru.pdf Russland (sonstiges) 1.59 MB"", ""label_en"": ""ZA7600_TechnicalReport_ru.pdf Russia (Other Document) 1.59 MB"", ""url"": ""https://access.gesis.org/dbk/70633"", ""secured"": ""false""}, {""label"": ""ZA7600_TechnicalReport_ph.pdf Philippinen (sonstiges) 361.48 KB"", ""label_en"": ""ZA7600_TechnicalReport_ph.pdf Philippines (Other Document) 361.48 KB"", ""url"": ""https://access.gesis.org/dbk/70632"", ""secured"": ""false""}, {""label"": ""ZA7600_TechnicalReport_nz.pdf Neuseeland (sonstiges) 888.42 KB"", ""label_en"": ""ZA7600_TechnicalReport_nz.pdf New Zealand (Other Document) 888.42 KB"", ""url"": ""https://access.gesis.org/dbk/70631"", ""secured"": ""false""}, {""label"": ""ZA7600_TechnicalReport_jp.pdf Japan (sonstiges) 363.12 KB"", ""label_en"": ""ZA7600_TechnicalReport_jp.pdf Japan (Other Document) 363.12 KB"", ""url"": ""https://access.gesis.org/dbk/70630"", ""secured"": ""false""}, {""label"": ""ZA7600_TechnicalReport_it.pdf Italien (sonstiges) 348.49 KB"", ""label_en"": ""ZA7600_TechnicalReport_it.pdf Italy (Other Document) 348.49 KB"", ""url"": ""https://access.gesis.org/dbk/70629"", ""secured"": ""false""}, {""label"": ""ZA7600_TechnicalReport_hr.pdf Kroatien (sonstiges) 375.47 KB"", ""label_en"": ""ZA7600_TechnicalReport_hr.pdf Croatia (Other Document) 375.47 KB"", ""url"": ""https://access.gesis.org/dbk/70628"", ""secured"": ""false""}, {""label"": ""ZA7600_TechnicalReport_fi.pdf Finnland (sonstiges) 355.67 KB"", ""label_en"": ""ZA7600_TechnicalReport_fi.pdf Finland (Other Document) 355.67 KB"", ""url"": ""https://access.gesis.org/dbk/70627"", ""secured"": ""false""}, {""label"": ""ZA7600_TechnicalReport_dk.pdf Dänemark (sonstiges) 985.7 KB"", ""label_en"": ""ZA7600_TechnicalReport_dk.pdf Denmark (Other Document) 985.7 KB"", ""url"": ""https://access.gesis.org/dbk/70626"", ""secured"": ""false""}, {""label"": ""ZA7600_TechnicalReport_de.pdf Deutschland (sonstiges) 438.66 KB"", ""label_en"": ""ZA7600_TechnicalReport_de.pdf Germany (Other Document) 438.66 KB"", ""url"": ""https://access.gesis.org/dbk/70625"", ""secured"": ""false""}, {""label"": ""ZA7600_TechnicalReport_cz.pdf Tschechische Republik (sonstiges) 488.24 KB"", ""label_en"": ""ZA7600_TechnicalReport_cz.pdf Czech Republic (Other Document) 488.24 KB"", ""url"": ""https://access.gesis.org/dbk/70624"", ""secured"": ""false""}, {""label"": ""ZA7600_TechnicalReport_cl.pdf Chile (sonstiges) 376.61 KB"", ""label_en"": ""ZA7600_TechnicalReport_cl.pdf Chile (Other Document) 376.61 KB"", ""url"": ""https://access.gesis.org/dbk/70623"", ""secured"": ""false""}, {""label"": ""ZA7600_TechnicalReport_ch.pdf Schweiz (sonstiges) 1.21 MB"", ""label_en"": ""ZA7600_TechnicalReport_ch.pdf Switzerland (Other Document) 1.21 MB"", ""url"": ""https://access.gesis.org/dbk/70622"", ""secured"": ""false""}, {""label"": ""ZA7600_characteristics_za.pdf Südafrika (sonstiges) 162.91 KB"", ""label_en"": ""ZA7600_characteristics_za.pdf South Africa (Other Document) 162.91 KB"", ""url"": ""https://access.gesis.org/dbk/70588"", ""secured"": ""false""}, {""label"": ""ZA7600_characteristics_th.pdf Thailand (sonstiges) 59.88 KB"", ""label_en"": ""ZA7600_characteristics_th.pdf Thailand (Other Document) 59.88 KB"", ""url"": ""https://access.gesis.org/dbk/70587"", ""secured"": ""false""}, {""label"": ""ZA7600_characteristics_si.pdf Slowenien (sonstiges) 243.32 KB"", ""label_en"": ""ZA7600_characteristics_si.pdf Slovenia (Other Document) 243.32 KB"", ""url"": ""https://access.gesis.org/dbk/70586"", ""secured"": ""false""}, {""label"": ""ZA7600_characteristics_ru.pdf Russland (sonstiges) 72.8 KB"", ""label_en"": ""ZA7600_characteristics_ru.pdf Russia (Other Document) 72.8 KB"", ""url"": ""https://access.gesis.org/dbk/70585"", ""secured"": ""false""}, {""label"": ""ZA7600_characteristics_ph.pdf Philippinen (sonstiges) 156.4 KB"", ""label_en"": ""ZA7600_characteristics_ph.pdf Philippines (Other Document) 156.4 KB"", ""url"": ""https://access.gesis.org/dbk/70584"", ""secured"": ""false""}, {""label"": ""ZA7600_characteristics_nz.pdf Neuseeland (sonstiges) 206.95 KB"", ""label_en"": ""ZA7600_characteristics_nz.pdf New Zealand (Other Document) 206.95 KB"", ""url"": ""https://access.gesis.org/dbk/70583"", ""secured"": ""false""}, {""label"": ""ZA7600_characteristics_jp.pdf Japan (sonstiges) 175.72 KB"", ""label_en"": ""ZA7600_characteristics_jp.pdf Japan (Other Document) 175.72 KB"", ""url"": ""https://access.gesis.org/dbk/70582"", ""secured"": ""false""}, {""label"": ""ZA7600_characteristics_it.pdf Italien (sonstiges) 129.31 KB"", ""label_en"": ""ZA7600_characteristics_it.pdf Italy (Other Document) 129.31 KB"", ""url"": ""https://access.gesis.org/dbk/70581"", ""secured"": ""false""}, {""label"": ""ZA7600_characteristics_hr.pdf Kroatien (sonstiges) 75.41 KB"", ""label_en"": ""ZA7600_characteristics_hr.pdf Croatia (Other Document) 75.41 KB"", ""url"": ""https://access.gesis.org/dbk/70580"", ""secured"": ""false""}, {""label"": ""ZA7600_characteristics_fi.pdf Finnland (sonstiges) 149.23 KB"", ""label_en"": ""ZA7600_characteristics_fi.pdf Finland (Other Document) 149.23 KB"", ""url"": ""https://access.gesis.org/dbk/70579"", ""secured"": ""false""}, {""label"": ""ZA7600_characteristics_dk.pdf Dänemark (sonstiges) 56 KB"", ""label_en"": ""ZA7600_characteristics_dk.pdf Denmark (Other Document) 56 KB"", ""url"": ""https://access.gesis.org/dbk/70578"", ""secured"": ""false""}, {""label"": ""ZA7600_characteristics_de.pdf Deutschland (sonstiges) 107.94 KB"", ""label_en"": ""ZA7600_characteristics_de.pdf Germany (Other Document) 107.94 KB"", ""url"": ""https://access.gesis.org/dbk/70577"", ""secured"": ""false""}, {""label"": ""ZA7600_characteristics_cz.pdf Tschechische Republik (sonstiges) 73.63 KB"", ""label_en"": ""ZA7600_characteristics_cz.pdf Czech Republic (Other Document) 73.63 KB"", ""url"": ""https://access.gesis.org/dbk/70576"", ""secured"": ""false""}, {""label"": ""ZA7600_characteristics_cl.pdf Chile (sonstiges) 139.81 KB"", ""label_en"": ""ZA7600_characteristics_cl.pdf Chile (Other Document) 139.81 KB"", ""url"": ""https://access.gesis.org/dbk/70575"", ""secured"": ""false""}, {""label"": ""ZA7600_characteristics_ch.pdf Schweiz (sonstiges) 26.92 KB"", ""label_en"": ""ZA7600_characteristics_ch.pdf Switzerland (Other Document) 26.92 KB"", ""url"": ""https://access.gesis.org/dbk/70574"", ""secured"": ""false""}, {""label"": ""ZA7600_backgroundvar_za.pdf Südafrika (sonstiges) 736.39 KB"", ""label_en"": ""ZA7600_backgroundvar_za.pdf South Africa (Other Document) 736.39 KB"", ""url"": ""https://access.gesis.org/dbk/70573"", ""secured"": ""false""}, {""label"": ""ZA7600_backgroundvar_th.pdf Thailand (sonstiges) 652.3 KB"", ""label_en"": ""ZA7600_backgroundvar_th.pdf Thailand (Other Document) 652.3 KB"", ""url"": ""https://access.gesis.org/dbk/70572"", ""secured"": ""false""}, {""label"": ""ZA7600_backgroundvar_si.pdf Slowenien (sonstiges) 700.83 KB"", ""label_en"": ""ZA7600_backgroundvar_si.pdf Slovenia (Other Document) 700.83 KB"", ""url"": ""https://access.gesis.org/dbk/70571"", ""secured"": ""false""}, {""label"": ""ZA7600_backgroundvar_ru.pdf Russland (sonstiges) 847.98 KB"", ""label_en"": ""ZA7600_backgroundvar_ru.pdf Russia (Other Document) 847.98 KB"", ""url"": ""https://access.gesis.org/dbk/70570"", ""secured"": ""false""}, {""label"": ""ZA7600_backgroundvar_ph.pdf Philippinen (sonstiges) 699.39 KB"", ""label_en"": ""ZA7600_backgroundvar_ph.pdf Philippines (Other Document) 699.39 KB"", ""url"": ""https://access.gesis.org/dbk/70569"", ""secured"": ""false""}, {""label"": ""ZA7600_backgroundvar_nz.pdf Neuseeland (sonstiges) 578.85 KB"", ""label_en"": ""ZA7600_backgroundvar_nz.pdf New Zealand (Other Document) 578.85 KB"", ""url"": ""https://access.gesis.org/dbk/70568"", ""secured"": ""false""}, {""label"": ""ZA7600_backgroundvar_jp.pdf Japan (sonstiges) 642.47 KB"", ""label_en"": ""ZA7600_backgroundvar_jp.pdf Japan (Other Document) 642.47 KB"", ""url"": ""https://access.gesis.org/dbk/70567"", ""secured"": ""false""}, {""label"": ""ZA7600_backgroundvar_it.pdf Italien (sonstiges) 590.91 KB"", ""label_en"": ""ZA7600_backgroundvar_it.pdf Italy (Other Document) 590.91 KB"", ""url"": ""https://access.gesis.org/dbk/70566"", ""secured"": ""false""}, {""label"": ""ZA7600_backgroundvar_hr.pdf Kroatien (sonstiges) 732.37 KB"", ""label_en"": ""ZA7600_backgroundvar_hr.pdf Croatia (Other Document) 732.37 KB"", ""url"": ""https://access.gesis.org/dbk/70565"", ""secured"": ""false""}, {""label"": ""ZA7600_backgroundvar_fi.pdf Finnland (sonstiges) 763.73 KB"", ""label_en"": ""ZA7600_backgroundvar_fi.pdf Finland (Other Document) 763.73 KB"", ""url"": ""https://access.gesis.org/dbk/70564"", ""secured"": ""false""}, {""label"": ""ZA7600_backgroundvar_dk.pdf Dänemark (sonstiges) 579.71 KB"", ""label_en"": ""ZA7600_backgroundvar_dk.pdf Denmark (Other Document) 579.71 KB"", ""url"": ""https://access.gesis.org/dbk/70563"", ""secured"": ""false""}, {""label"": ""ZA7600_backgroundvar_de.pdf Deutschland (sonstiges) 689.38 KB"", ""label_en"": ""ZA7600_backgroundvar_de.pdf Germany (Other Document) 689.38 KB"", ""url"": ""https://access.gesis.org/dbk/70562"", ""secured"": ""false""}, {""label"": ""ZA7600_backgroundvar_cz.pdf Tschechische Republik (sonstiges) 805.59 KB"", ""label_en"": ""ZA7600_backgroundvar_cz.pdf Czech Republic (Other Document) 805.59 KB"", ""url"": ""https://access.gesis.org/dbk/70561"", ""secured"": ""false""}, {""label"": ""ZA7600_backgroundvar_cl.pdf Chile (sonstiges) 580.83 KB"", ""label_en"": ""ZA7600_backgroundvar_cl.pdf Chile (Other Document) 580.83 KB"", ""url"": ""https://access.gesis.org/dbk/70560"", ""secured"": ""false""}, {""label"": ""ZA7600_backgroundvar_ch.pdf Schweiz (sonstiges) 1 MB"", ""label_en"": ""ZA7600_backgroundvar_ch.pdf Switzerland (Other Document) 1 MB"", ""url"": ""https://access.gesis.org/dbk/70559"", ""secured"": ""false""}, {""label"": ""ZA7600_backgroundvar_at.pdf Österreich (sonstiges) 653.14 KB"", ""label_en"": ""ZA7600_backgroundvar_at.pdf Austria (Other Document) 653.14 KB"", ""url"": ""https://access.gesis.org/dbk/73294"", ""secured"": ""false""}, {""label"": ""ZA7600_backgroundvar_au.pdf Australien (sonstiges) 580.09 KB"", ""label_en"": ""ZA7600_backgroundvar_au.pdf Australia (Other Document) 580.09 KB"", ""url"": ""https://access.gesis.org/dbk/73295"", ""secured"": ""false""}, {""label"": ""ZA7600_backgroundvar_fr.pdf Frankreich (sonstiges) 676.43 KB"", ""label_en"": ""ZA7600_backgroundvar_fr.pdf France (Other Document) 676.43 KB"", ""url"": ""https://access.gesis.org/dbk/73296"", ""secured"": ""false""}, {""label"": ""ZA7600_backgroundvar_no.pdf Norwegen (sonstiges) 697.65 KB"", ""label_en"": ""ZA7600_backgroundvar_no.pdf Norway (Other Document) 697.65 KB"", ""url"": ""https://access.gesis.org/dbk/73297"", ""secured"": ""false""}, {""label"": ""ZA7600_backgroundvar_se.pdf Schweden (sonstiges) 544.57 KB"", ""label_en"": ""ZA7600_backgroundvar_se.pdf Sweden (Other Document) 544.57 KB"", ""url"": ""https://access.gesis.org/dbk/73298"", ""secured"": ""false""}, {""label"": ""ZA7600_backgroundvar_us.pdf USA (sonstiges) 738.89 KB"", ""label_en"": ""ZA7600_backgroundvar_us.pdf USA (Other Document) 738.89 KB"", ""url"": ""https://access.gesis.org/dbk/73299"", ""secured"": ""false""}, {""label"": ""ZA7600_backgroundvar_ve.pdf Venezuela (sonstiges) 663.31 KB"", ""label_en"": ""ZA7600_backgroundvar_ve.pdf Venezuela (Other Document) 663.31 KB"", ""url"": ""https://access.gesis.org/dbk/73300"", ""secured"": ""false""}, {""label"": ""ZA7600_characteristics_at.pdf Österreich (sonstiges) 55.97 KB"", ""label_en"": ""ZA7600_characteristics_at.pdf Austria (Other Document) 55.97 KB"", ""url"": ""https://access.gesis.org/dbk/73301"", ""secured"": ""false""}, {""label"": ""ZA7600_characteristics_au.pdf Australien (sonstiges) 62.14 KB"", ""label_en"": ""ZA7600_characteristics_au.pdf Australia (Other Document) 62.14 KB"", ""url"": ""https://access.gesis.org/dbk/73302"", ""secured"": ""false""}, {""label"": ""ZA7600_characteristics_fr.pdf Frankreich (sonstiges) 54.4 KB"", ""label_en"": ""ZA7600_characteristics_fr.pdf France (Other Document) 54.4 KB"", ""url"": ""https://access.gesis.org/dbk/73303"", ""secured"": ""false""}, {""label"": ""ZA7600_characteristics_no.pdf Norwegen (sonstiges) 120.38 KB"", ""label_en"": ""ZA7600_characteristics_no.pdf Norway (Other Document) 120.38 KB"", ""url"": ""https://access.gesis.org/dbk/73304"", ""secured"": ""false""}, {""label"": ""ZA7600_characteristics_se.pdf Schweden (sonstiges) 126.28 KB"", ""label_en"": ""ZA7600_characteristics_se.pdf Sweden (Other Document) 126.28 KB"", ""url"": ""https://access.gesis.org/dbk/73305"", ""secured"": ""false""}, {""label"": ""ZA7600_characteristics_us.pdf USA (sonstiges) 50.26 KB"", ""label_en"": ""ZA7600_characteristics_us.pdf USA (Other Document) 50.26 KB"", ""url"": ""https://access.gesis.org/dbk/73306"", ""secured"": ""false""}, {""label"": ""ZA7600_characteristics_ve.pdf Venezuela (sonstiges) 22.52 KB"", ""label_en"": ""ZA7600_characteristics_ve.pdf Venezuela (Other Document) 22.52 KB"", ""url"": ""https://access.gesis.org/dbk/73307"", ""secured"": ""false""}, {""label"": ""ZA7600_TechnicalReport_at.pdf Österreich (sonstiges) 360.17 KB"", ""label_en"": ""ZA7600_TechnicalReport_at.pdf Austria (Other Document) 360.17 KB"", ""url"": ""https://access.gesis.org/dbk/73316"", ""secured"": ""false""}, {""label"": ""ZA7600_TechnicalReport_au.pdf Australien (sonstiges) 358.85 KB"", ""label_en"": ""ZA7600_TechnicalReport_au.pdf Australia (Other Document) 358.85 KB"", ""url"": ""https://access.gesis.org/dbk/73317"", ""secured"": ""false""}, {""label"": ""ZA7600_TechnicalReport_fr.pdf Frankreich (sonstiges) 363.62 KB"", ""label_en"": ""ZA7600_TechnicalReport_fr.pdf France (Other Document) 363.62 KB"", ""url"": ""https://access.gesis.org/dbk/73318"", ""secured"": ""false""}, {""label"": ""ZA7600_TechnicalReport_no.pdf Norwegen (sonstiges) 340.62 KB"", ""label_en"": ""ZA7600_TechnicalReport_no.pdf Norway (Other Document) 340.62 KB"", ""url"": ""https://access.gesis.org/dbk/73319"", ""secured"": ""false""}, {""label"": ""ZA7600_TechnicalReport_se.pdf Schweden (sonstiges) 339.26 KB"", ""label_en"": ""ZA7600_TechnicalReport_se.pdf Sweden (Other Document) 339.26 KB"", ""url"": ""https://access.gesis.org/dbk/73320"", ""secured"": ""false""}, {""label"": ""ZA7600_TechnicalReport_us.pdf USA (sonstiges) 346.1 KB"", ""label_en"": ""ZA7600_TechnicalReport_us.pdf USA (Other Document) 346.1 KB"", ""url"": ""https://access.gesis.org/dbk/73321"", ""secured"": ""false""}, {""label"": ""ZA7600_TechnicalReport_ve.pdf Venezuela (sonstiges) 356.84 KB"", ""label_en"": ""ZA7600_TechnicalReport_ve.pdf Venezuela (Other Document) 356.84 KB"", ""url"": ""https://access.gesis.org/dbk/73322"", ""secured"": ""false""}, {""label"": ""ZA7600_mr.pdf  (Methodenbericht) 164.16 KB"", ""label_en"": ""ZA7600_mr.pdf  (Method Report) 164.16 KB"", ""url"": ""https://access.gesis.org/dbk/73902"", ""secured"": ""false""}, {""label"": ""ZA7600_overview.pdf  (sonstiges) 212.75 KB"", ""label_en"": ""ZA7600_overview.pdf  (Other Document) 212.75 KB"", ""url"": ""https://access.gesis.org/dbk/73907"", ""secured"": ""false""}]";"["""", """"]";Das International Social Survey Programme (ISSP) ist ein länderübergreifendes, fortlaufendes Umfrageprogramm, das jährlich Erhebungen zu Themen durchführt, die für die Sozialwissenschaften wichtig sind. Das Programm begann 1984 mit vier Gründungsmitgliedern - Australien, Deutschland, Großbritannien und den Vereinigten Staaten - und ist inzwischen auf fast 50 Mitgliedsländer aus aller Welt angewachsen. Da die Umfragen auf Replikationen ausgelegt sind, können die Daten sowohl für länder- als auch für zeitübergreifende Vergleiche genutzt werden. Jedes ISSP-Modul konzentriert sich auf ein bestimmtes Thema, das in regelmäßigen Zeitabständen wiederholt wird. Details zur Durchführung der nationalen ISSP-Umfragen entnehmen Sie bitte der Dokumentation. Die vorliegende Studie konzentriert sich auf Fragen zu sozialer Ungleichheit.;;;The International Social Survey Programme (ISSP) is a continuous programme of cross-national collaboration running annual surveys on topics important for the social sciences. The programme started in 1984 with four founding members - Australia, Germany, Great Britain, and the United States – and has now grown to almost 50 member countries from all over the world. As the surveys are designed for replication, they can be used for both, cross-national and cross-time comparisons. Each ISSP module focuses on a specific topic, which is repeated in regular time intervals. Please, consult the documentation for details on how the national ISSP surveys are fielded. The present study focuses on questions about social inequality.;[];
GLES Panel 2016-2021, Wellen 1-21;GLES Panel 2016-2021, Wellen 1-21;ZA6838;2023;2023;2023;research_data;dbk;https://dbk.gesis.org/dbksearch/SDESC2.asp?no=6838&db=D;;"[""Debus, Marc"", ""Faas, Thorsten"", ""Roßteutscher, Sigrid"", ""Schmitt-Beck, Rüdiger"", ""Schoen, Harald"", ""Weßels, Bernhard"", ""Wolf, Christof""]";"[""GLES -  - "", ""Schoen, Harald -  - "", ""Roßmann, Joss -  - "", ""Bauer, Irina -  - "", ""Bucher, Hannah -  - "", ""Chalupa, Julia -  - "", ""Gärtner, Lea -  - "", ""Kratz, Agatha -  - "", ""Kühn, Marie -  - "", ""Marquardt, Jan -  - "", ""Preißinger, Maria -  - "", ""Wuttke, Alexander -  - "", ""Kaukal, Malte -  - "", ""Stroppe, Anne-Kathrin -  - "", ""Jungmann, Nils -  - ""]";GESIS;DebusFaasRoßteutscher;"[""Universität Mannheim"", ""Freie Universität Berlin"", ""Universität Frankfurt"", ""Universität Mannheim"", ""Universität Mannheim"", ""Wissenschaftszentrum Berlin für Sozialforschung"", ""GESIS – Leibniz-Institut für Sozialwissenschaften""]";2016-10-06 - 2021-03-12;;"[""Deutschland (DE)""]";"[""Deutschland""]";"&bull;   Persönliches Interview : Computerunterstützte Befragung (CAPI/CAMI)
&bull;   Selbstausgefüllter Fragebogen: Papier
&bull;   Selbstausgefüllter Fragebogen: Webbasiert (CAWI);
";;"&bull;   Nicht-Wahrscheinlichkeitsauswahl: Quotenstichprobe
&bull;   Wahrscheinlichkeitsauswahl: Disproportional geschichtete Zufallsauswahl;
";;;"[""doi:10.4232/1.14114""]";;;;;;;, 2023-05-04,  https://doi.org/doi:10.4232/1.14114;"Debus, M., Faas, T., Roßteutscher, S., Schmitt-Beck, R., Schoen, H., Weßels, B., & Wolf, C. (2023). GLES Panel 2016-2021, Wellen 1-21 (ZA6838; Version )  [Data set]. GESIS, Köln. https://doi.org/doi:10.4232/1.14114";"(ZA6838; Version )  [Data set]. GESIS, Köln. https://doi.org/doi:10.4232/1.14114";;;;;;"[""Germany (DE)""]";"[""Germany""]";"&bull;   Face-to-face interview: Computer-assisted (CAPI/CAMI)
&bull;   Self-administered questionnaire: Paper
&bull;   Self-administered questionnaire: Web-based (CAWI);
";;;;"(ZA6838; Version ) [Data set]. GESIS, Cologne. https://doi.org/doi:10.4232/1.14114";"&bull;   Non-probability: Quota
&bull;   Probability: Stratified: Disproportional;
";"Debus, M., Faas, T., Roßteutscher, S., Schmitt-Beck, R., Schoen, H., Weßels, B., & Wolf, C. (2023). GLES Panel 2016-2021, Waves 1-21 (ZA6838; Version ) [Data set]. GESIS, Cologne. https://doi.org/doi:10.4232/1.14114";"[""Face-to-face interview: Computer-assisted (CAPI/CAMI)"", ""Self-administered questionnaire: Paper"", ""Self-administered questionnaire: Web-based (CAWI)""]";;GESIS-Datenarchiv;GESIS-DBK;0;1;1;10;;[];;;;;"[{""label"": ""ZA6838_Bildschirmansichten.zip  (Fragebogen) 126.42 MB"", ""label_en"": ""ZA6838_Bildschirmansichten.zip  (Questionnaire) 126.42 MB"", ""url"": ""https://access.gesis.org/dbk/67606"", ""secured"": ""false""}, {""label"": ""ZA6838_fb_Kumulation.pdf  (Fragebogen) 1.59 MB"", ""label_en"": ""ZA6838_fb_Kumulation.pdf  (Questionnaire) 1.59 MB"", ""url"": ""https://access.gesis.org/dbk/79344"", ""secured"": ""false""}, {""label"": ""ZA6838_fb_einzelne_Wellen.zip  (Fragebogen) 15.07 MB"", ""label_en"": ""ZA6838_fb_einzelne_Wellen.zip  (Questionnaire) 15.07 MB"", ""url"": ""https://access.gesis.org/dbk/67608"", ""secured"": ""false""}]";;;;;"[""Längsschnitt: Panel""]";;;"[""Longitudinal: Panel""]";"[""Nicht-Wahrscheinlichkeitsauswahl: Quotenstichprobe"", ""Wahrscheinlichkeitsauswahl: Disproportional geschichtete Zufallsauswahl""]";"<table id=""version_table""><thead><tr><th>Versionsnummer</th><th>Datum, Name, DOI</th></tr></thead><tbody><tr><td></td><td>2023-05-04  (aktuelle Version) <a href=""https://doi.org/doi:10.4232/1.14114"">https://doi.org/doi:10.4232/1.14114</a></td></tr></tbody></table>";"<table id=""version_table""><thead><tr><th>Version number</th><th>Date, Name, DOI</th></tr></thead><tbody><tr><td></td><td>2023-05-04  (current version) <a href=""https://doi.org/doi:10.4232/1.14114"">https://doi.org/doi:10.4232/1.14114</a></td></tr><tbody></table>";"[""Non-probability: Quota"", ""Probability: Stratified: Disproportional""]";;;GLES Panel 2016-2021, Waves 1-21;;;;;;;;;;ZA6838;"[""Debus, Marc - Universität Mannheim"", ""Faas, Thorsten - Freie Universität Berlin"", ""Roßteutscher, Sigrid - Universität Frankfurt"", ""Schmitt-Beck, Rüdiger - Universität Mannheim"", ""Schoen, Harald - Universität Mannheim"", ""Weßels, Bernhard - Wissenschaftszentrum Berlin für Sozialforschung"", ""Wolf, Christof - GESIS – Leibniz-Institut für Sozialwissenschaften""]";"[""DE""]";[];0;37558;"[""""]";"[""Longitudinal Election Study (GLES)""]";"[""""]";"[""2023-05-04""]";A;Daten und Dokumente sind für die akademische Forschung und Lehre freigegeben.;Data and documents are released for academic research and teaching.;"[""Die German Longitudinal Election Study (GLES) ist das zentrale Infrastrukturprojekt in Deutschland für die kontinuierliche Erhebung und Bereitstellung von qualitativ hochwertigen Daten für die nationale und internationale Wahlforschung. Die methodisch vielfältigen Umfragen der GLES ermöglichen die Untersuchung der politischen Einstellungen und Verhaltensweisen der Wählerinnen und Wähler sowie der Kandidatinnen und Kandidaten. Die GLES wird seit Bestehen in enger Kooperation zwischen der Deutschen Gesellschaft für Wahlforschung (DGfW) und GESIS – Leibniz-Institut für Sozialwissenschaften durchgeführt.\n""]";"[""rman""]";N;;info:eu-repo/semantics/restrictedAccess;colectica;04.05.2023 02:00;GLES Panel 2016-2021, Waves 1-21;;[];"[""[]""]";;[];"[""The  German Longitudinal Election Study (GLES) is the central infrastructure project in Germany for the continuous collection and provision of high-quality data for national and international election research. The methodologically diverse surveys of the GLES enable the research of political attitudes and behavior of voters and candidates. Since its inception, the GLES has been conducted in close cooperation between the German Society for Electoral Research (DGfW) and GESIS – Leibniz Institute for the Social Sciences.""]";;"[""Longitudinal Election Study (GLES)""]";[];"[""GLES_Signet.jpg""]";"[""Individuum""]";"[""Numerisch"", ""Text""]";"[""Persönliches Interview : Computerunterstützte Befragung (CAPI/CAMI)"", ""Selbstausgefüllter Fragebogen: Papier"", ""Selbstausgefüllter Fragebogen: Webbasiert (CAWI)""]";"[""Individual""]";"[""Numeric"", ""Text""]";"[""GLES -  - "", ""Schoen, Harald -  - "", ""Roßmann, Joss -  - "", ""Bauer, Irina -  - "", ""Bucher, Hannah -  - "", ""Chalupa, Julia -  - "", ""Gärtner, Lea -  - "", ""Kratz, Agatha -  - "", ""Kühn, Marie -  - "", ""Marquardt, Jan -  - "", ""Preißinger, Maria -  - "", ""Wuttke, Alexander -  - "", ""Kaukal, Malte -  - "", ""Stroppe, Anne-Kathrin -  - "", ""Jungmann, Nils -  - ""]";"[{""label"": ""ZA6838_Datenzugang_SampleB.pdf deutsch (Nutzungsvertrag) 80.3 KB"", ""label_en"": ""ZA6838_Datenzugang_SampleB.pdf German (User Contract) 80.3 KB"", ""url"": ""https://access.gesis.org/dbk/80244"", ""secured"": ""false"", ""format"": """", ""filesize"": ""82224""}, {""label"": ""ZA6838_data_access_sampleB.pdf englisch (Nutzungsvertrag) 77.85 KB"", ""label_en"": ""ZA6838_data_access_sampleB.pdf English (User Contract) 77.85 KB"", ""url"": ""https://access.gesis.org/dbk/80243"", ""secured"": ""false"", ""format"": """", ""filesize"": ""79719""}, {""label"": ""ZA6838_v6-0-0.sav.zip SPSS (Datensatz) 78.07 MB"", ""label_en"": ""ZA6838_v6-0-0.sav.zip SPSS (Dataset) 78.07 MB"", ""url"": ""https://access.gesis.org/dbk/74196"", ""secured"": ""true"", ""format"": """", ""filesize"": ""81858068""}, {""label"": ""ZA6838_v6-0-0.dta.zip Stata (Datensatz) 81.61 MB"", ""label_en"": ""ZA6838_v6-0-0.dta.zip Stata (Dataset) 81.61 MB"", ""url"": ""https://access.gesis.org/dbk/74195"", ""secured"": ""true"", ""format"": """", ""filesize"": ""85572933""}, {""label"": ""ZA6838_openended_alleWellen_v6-0-0.csv.zip  (Datensatz) 5.99 MB"", ""label_en"": ""ZA6838_openended_alleWellen_v6-0-0.csv.zip  (Dataset) 5.99 MB"", ""url"": ""https://access.gesis.org/dbk/74194"", ""secured"": ""true"", ""format"": """", ""filesize"": ""6280173""}]";"[{""label"": ""ZA6838_wr_wa2_sA.pdf  (Bericht) 730.67 KB"", ""label_en"": ""ZA6838_wr_wa2_sA.pdf  (Report) 730.67 KB"", ""url"": ""https://access.gesis.org/dbk/70767"", ""secured"": ""false""}, {""label"": ""ZA6838_wr_w13_sB.pdf  (Bericht) 1.03 MB"", ""label_en"": ""ZA6838_wr_w13_sB.pdf  (Report) 1.03 MB"", ""url"": ""https://access.gesis.org/dbk/70043"", ""secured"": ""false""}, {""label"": ""ZA6838_wr_w13_sA.pdf  (Bericht) 1 MB"", ""label_en"": ""ZA6838_wr_w13_sA.pdf  (Report) 1 MB"", ""url"": ""https://access.gesis.org/dbk/70042"", ""secured"": ""false""}, {""label"": ""ZA6838_wr_w12_sB.pdf  (Bericht) 1.69 MB"", ""label_en"": ""ZA6838_wr_w12_sB.pdf  (Report) 1.69 MB"", ""url"": ""https://access.gesis.org/dbk/70041"", ""secured"": ""false""}, {""label"": ""ZA6838_wr_w12_sA.pdf  (Bericht) 1.03 MB"", ""label_en"": ""ZA6838_wr_w12_sA.pdf  (Report) 1.03 MB"", ""url"": ""https://access.gesis.org/dbk/70040"", ""secured"": ""false""}, {""label"": ""ZA6838_wr_w11_sB.pdf  (Bericht) 1.31 MB"", ""label_en"": ""ZA6838_wr_w11_sB.pdf  (Report) 1.31 MB"", ""url"": ""https://access.gesis.org/dbk/69280"", ""secured"": ""false""}, {""label"": ""ZA6838_wr_w11_sA.pdf  (Bericht) 1.34 MB"", ""label_en"": ""ZA6838_wr_w11_sA.pdf  (Report) 1.34 MB"", ""url"": ""https://access.gesis.org/dbk/69279"", ""secured"": ""false""}, {""label"": ""ZA6838_wr_w15_sA.pdf  (Bericht) 1.23 MB"", ""label_en"": ""ZA6838_wr_w15_sA.pdf  (Report) 1.23 MB"", ""url"": ""https://access.gesis.org/dbk/71111"", ""secured"": ""false""}, {""label"": ""ZA6838_wr_w14_sB.pdf  (Bericht) 902.63 KB"", ""label_en"": ""ZA6838_wr_w14_sB.pdf  (Report) 902.63 KB"", ""url"": ""https://access.gesis.org/dbk/71110"", ""secured"": ""false""}, {""label"": ""ZA6838_wr_w14_sA.pdf  (Bericht) 1.22 MB"", ""label_en"": ""ZA6838_wr_w14_sA.pdf  (Report) 1.22 MB"", ""url"": ""https://access.gesis.org/dbk/71109"", ""secured"": ""false""}, {""label"": ""Link_ZA6800ff_GLES2017_Doku_insgesamt.zip.txt Codepläne für GLES 2017 insgesamt (Code-/Spaltenplan) 704.54 KB"", ""label_en"": ""Link_ZA6800ff_GLES2017_Doku_insgesamt.zip.txt codeplans for GLES 2017 as a whole (Codeplan) 704.54 KB"", ""url"": ""https://access.gesis.org/dbk/67605"", ""secured"": ""false""}, {""label"": ""ZA6838_sd.pdf  (Studienbeschreibung) 528.88 KB"", ""label_en"": ""ZA6838_sd.pdf  (Study Description) 528.88 KB"", ""url"": ""https://access.gesis.org/dbk/67610"", ""secured"": ""false""}, {""label"": ""ZA6838_item_overview.xlsx  (Tabelle) 176.51 KB"", ""label_en"": ""ZA6838_item_overview.xlsx  (Table) 176.51 KB"", ""url"": ""https://access.gesis.org/dbk/70761"", ""secured"": ""false""}, {""label"": ""ZA6838_wr_w10_sA.pdf  (Bericht) 1.01 MB"", ""label_en"": ""ZA6838_wr_w10_sA.pdf  (Report) 1.01 MB"", ""url"": ""https://access.gesis.org/dbk/67613"", ""secured"": ""false""}, {""label"": ""ZA6838_wr_w10_sB.pdf  (Bericht) 2.25 MB"", ""label_en"": ""ZA6838_wr_w10_sB.pdf  (Report) 2.25 MB"", ""url"": ""https://access.gesis.org/dbk/67614"", ""secured"": ""false""}, {""label"": ""Link_ZA6823_wichtigstes_politisches_Problem.pdf.txt  (sonstiges) 87.9 KB"", ""label_en"": ""Link_ZA6823_wichtigstes_politisches_Problem.pdf.txt  (Other Document) 87.9 KB"", ""url"": ""https://access.gesis.org/dbk/75247"", ""secured"": ""false""}]";"["""", """", """", """", """"]";;;;;"[""ZA6838_w12_sA_v6-0-0.sav"", ""ZA6838_Zeitvariablen_w12_sA_v6-0-0.sav"", ""ZA6838_Zeitvariablen_w17_sA_v6-0-0.sav"", ""ZA6838_w10_sA_v6-0-0.sav"", ""ZA6838_Zeitvariablen_w19_sA_v6-0-0.sav"", ""ZA6838_Zeitvariablen_w1to9_sA_v6-0-0.sav"", ""ZA6838_w13_sA_v6-0-0.sav"", ""ZA6838_w17_sA_v6-0-0.sav"", ""ZA6838_w14_sA_v6-0-0.sav"", ""ZA6838_w19_sA_v6-0-0.sav"", ""ZA6838_Zeitvariablen_w15_sA_v6-0-0.sav"", ""ZA6838_w15_sA_v6-0-0.sav"", ""ZA6838_Zeitvariablen_w21_sA_v6-0-0.sav"", ""ZA6838_w20_sA_v6-0-0.sav"", ""ZA6838_w11_sA_v6-0-0.sav"", ""ZA6838_w16_sA_v6-0-0.sav"", ""ZA6838_w18_sA_v6-0-0.sav"", ""ZA6838_Zeitvariablen_w14_sA_v6-0-0.sav"", ""ZA6838_wa2_sA_v6-0-0.sav"", ""ZA6838_w1to9_sA_v6-0-0.sav"", ""ZA6838_Zeitvariablen_w16_sA_v6-0-0.sav"", ""ZA6838_Zeitvariablen_w10_sA_v6-0-0.sav"", ""ZA6838_Zeitvariablen_w18_sA_v6-0-0.sav"", ""ZA6838_Zeitvariablen_w20_sA_v6-0-0.sav"", ""ZA6838_Zeitvariablen_w11_sA_v6-0-0.sav"", ""ZA6838_Zeitvariablen_w13_sA_v6-0-0.sav"", ""ZA6838_w21_sA_v6-0-0.sav""]";
European Parliament Election Study 2024, Voter Study;European Parliament Election Study 2024, Voter Study;ZA8868;2024;2024;2024;research_data;dbk;https://dbk.gesis.org/dbksearch/SDESC2.asp?no=8868&db=D;;"[""Popa, Sebastian A."", ""Hobolt, Sara B."", ""van der Brug, Wouter"", ""Katsanidou, Alexia"", ""Gattermann, Katjana"", ""Sorace, Miriam"", ""Toygür, Ilke"", ""de Vreese, Claes""]";;GESIS;PopaHoboltvan der Brug;"[""Newcastle University"", ""London School of Economics and Political Science"", ""University of Amsterdam"", ""GESIS - Leibniz Institut für Sozialwissenschaften"", ""University of Amsterdam"", ""University of Reading"", ""IE University"", ""University of Amsterdam""]";2024-06-10 - 2024-06-30;;"[""Österreich (AT)"", ""Belgien (BE)"", ""Bulgarien (BG)"", ""Kroatien (HR)"", ""Zypern (CY)"", ""Tschechische Republik (CZ)"", ""Dänemark (DK)"", ""Estland (EE)"", ""Finnland (FI)"", ""Frankreich (FR)"", ""Deutschland (DE)"", ""Griechenland (GR)"", ""Ungarn (HU)"", ""Irland (IE)"", ""Italien (IT)"", ""Lettland (LV)"", ""Litauen (LT)"", ""Luxemburg (LU)"", ""Malta (MT)"", ""Niederlande (NL)"", ""Polen (PL)"", ""Portugal (PT)"", ""Rumänien (RO)"", ""Slowakei (SK)"", ""Slowenien (SI)"", ""Spanien (ES)"", ""Schweden (SE)""]";"[""Österreich"", ""Belgien"", ""Bulgarien"", ""Kroatien"", ""Zypern"", ""Tschechische Republik"", ""Dänemark"", ""Estland"", ""Finnland"", ""Frankreich"", ""Deutschland"", ""Griechenland"", ""Ungarn"", ""Irland"", ""Italien"", ""Lettland"", ""Litauen"", ""Luxemburg"", ""Malta"", ""Niederlande"", ""Polen"", ""Portugal"", ""Rumänien"", ""Slowakei"", ""Slowenien"", ""Spanien"", ""Schweden""]";"&bull;   Selbstausgefüllter Fragebogen: Webbasiert (CAWI)
&bull;   Andere;
";;"&bull;   Nicht-Wahrscheinlichkeitsauswahl: Quotenstichprobe;
";;;"[""doi:10.4232/1.14409""]";;;;;;;, 2024-11-04,  https://doi.org/doi:10.4232/1.14409;"Popa, S. A., Hobolt, S. B., Van der Brug, W., Katsanidou, A., Gattermann, K., Sorace, M., Toygür, I., . . . De Vreese, C. (2024). European Parliament Election Study 2024, Voter Study (ZA8868; Version )  [Data set]. GESIS, Köln. https://doi.org/doi:10.4232/1.14409";"(ZA8868; Version )  [Data set]. GESIS, Köln. https://doi.org/doi:10.4232/1.14409";;;;;;"[""Austria (AT)"", ""Belgium (BE)"", ""Bulgaria (BG)"", ""Croatia (HR)"", ""Cyprus (CY)"", ""Czech Republic (CZ)"", ""Denmark (DK)"", ""Estonia (EE)"", ""Finland (FI)"", ""France (FR)"", ""Germany (DE)"", ""Greece (GR)"", ""Hungary (HU)"", ""Ireland (IE)"", ""Italy (IT)"", ""Latvia (LV)"", ""Lithuania (LT)"", ""Luxembourg (LU)"", ""Malta (MT)"", ""Netherlands (NL)"", ""Poland (PL)"", ""Portugal (PT)"", ""Romania (RO)"", ""Slovakia (SK)"", ""Slovenia (SI)"", ""Spain (ES)"", ""Sweden (SE)""]";"[""Austria"", ""Belgium"", ""Bulgaria"", ""Croatia"", ""Cyprus"", ""Czech Republic"", ""Denmark"", ""Estonia"", ""Finland"", ""France"", ""Germany"", ""Greece"", ""Hungary"", ""Ireland"", ""Italy"", ""Latvia"", ""Lithuania"", ""Luxembourg"", ""Malta"", ""Netherlands"", ""Poland"", ""Portugal"", ""Romania"", ""Slovakia"", ""Slovenia"", ""Spain"", ""Sweden""]";"&bull;   Self-administered questionnaire: Web-based (CAWI)
&bull;   Other;
";;;;"(ZA8868; Version ) [Data set]. GESIS, Cologne. https://doi.org/doi:10.4232/1.14409";"&bull;   Non-probability: Quota;
";"Popa, S. A., Hobolt, S. B., Van der Brug, W., Katsanidou, A., Gattermann, K., Sorace, M., Toygür, I., . . . De Vreese, C. (2024). European Parliament Election Study 2024, Voter Study (ZA8868; Version ) [Data set]. GESIS, Cologne. https://doi.org/doi:10.4232/1.14409";"[""Self-administered questionnaire: Web-based (CAWI)"", ""Other""]";;GESIS-Datenarchiv;GESIS-DBK;0;1;1;10;;[];;;;"[{""label"": ""ZA8868_release_notes.pdf  (Codebuch) 1.07 MB"", ""label_en"": ""ZA8868_release_notes.pdf  (Codebook) 1.07 MB"", ""url"": ""https://access.gesis.org/dbk/78034"", ""secured"": ""false""}]";"[{""label"": ""ZA8868_q_all_countries.xlsx  (Fragebogen) 309.4 KB"", ""label_en"": ""ZA8868_q_all_countries.xlsx  (Questionnaire) 309.4 KB"", ""url"": ""https://access.gesis.org/dbk/78032"", ""secured"": ""false""}, {""label"": ""ZA8868_q_master.pdf  (Fragebogen) 245.06 KB"", ""label_en"": ""ZA8868_q_master.pdf  (Questionnaire) 245.06 KB"", ""url"": ""https://access.gesis.org/dbk/78033"", ""secured"": ""false""}]";;;;;"[""Querschnitt""]";;;"[""Cross-section""]";"[""Nicht-Wahrscheinlichkeitsauswahl: Quotenstichprobe""]";"<table id=""version_table""><thead><tr><th>Versionsnummer</th><th>Datum, Name, DOI</th></tr></thead><tbody><tr><td></td><td>2024-11-04  (aktuelle Version) <a href=""https://doi.org/doi:10.4232/1.14409"">https://doi.org/doi:10.4232/1.14409</a></td></tr></tbody></table>";"<table id=""version_table""><thead><tr><th>Version number</th><th>Date, Name, DOI</th></tr></thead><tbody><tr><td></td><td>2024-11-04  (current version) <a href=""https://doi.org/doi:10.4232/1.14409"">https://doi.org/doi:10.4232/1.14409</a></td></tr><tbody></table>";"[""Non-probability: Quota""]";;;European Parliament Election Study 2024, Voter Study;;;;;;;;;;ZA8868;"[""Popa, Sebastian A. - Newcastle University"", ""Hobolt, Sara B. - London School of Economics and Political Science"", ""van der Brug, Wouter - University of Amsterdam"", ""Katsanidou, Alexia - GESIS - Leibniz Institut für Sozialwissenschaften"", ""Gattermann, Katjana - University of Amsterdam"", ""Sorace, Miriam - University of Reading"", ""Toygür, Ilke - IE University"", ""de Vreese, Claes - University of Amsterdam""]";"[""AT"", ""BE"", ""BG"", ""HR"", ""CY"", ""CZ"", ""DK"", ""EE"", ""FI"", ""FR"", ""DE"", ""GR"", ""HU"", ""IE"", ""IT"", ""LV"", ""LT"", ""LU"", ""MT"", ""NL"", ""PL"", ""PT"", ""RO"", ""SK"", ""SI"", ""ES"", ""SE""]";[];0;25904;"[""""]";"[""n Election Studies"", ""ommunity Data""]";"[""""]";"[""2024-11-04""]";A;Daten und Dokumente sind für die akademische Forschung und Lehre freigegeben.;Data and documents are released for academic research and teaching.;"[""Die Europäischen Wahlstudien (European Election Studies - EES) befassen sich mit dem Wahlverhalten bei den Wahlen zum Europäischen Parlament. Mit Umfragen und anderen Datenerhebungsmethoden werden Themen wie die Entwicklung der politischen Gemeinschaft in der Europäischen Union, die Wahrnehmung und Bewertung des politischen Systems der EU durch die Bürger, deren Präferenzen über EU-Politiken usw. abgebildet. Neben den seit 1979 durchgeführten Wählerumfragen umfasst das EES-Programm auch Umfragen zur politischen Elite, Medienstudien und das Euromanifestos-Projekt, welches Parteiprogramme inhaltlich kodiert. Die Daten bieten umfangreiche Möglichkeiten für vergleichende und längsschnittliche Analysen in den EU-Mitgliedstaaten. "", ""GESIS Community Data umfasst deutsche und internationalen Forschungsdaten, die speziell für Sekundäranalysen und die akademische Lehre aufbereitet wurden. Dabei handelt es sich um Studien, die GESIS von der wissenschaftlichen Gemeinschaft übergeben und bei uns im Sinne des Open-Science-Gedankens aufbereitet werden. Unser Angebot wird kontinuierlich erweitert und umfasst Daten aus sechs Jahrzehnten sozialwissenschaftlicher Forschung.""]";"[""rope"", ""SIS ""]";N;;info:eu-repo/semantics/restrictedAccess;colectica;04.11.2024 01:00;European Parliament Election Study 2024, Voter Study;;[];"[""[]""]";;[];"[""The European Election Studies (EES) offer data about electoral behaviour in European Parliament elections. Collecting survey data as well as a variety of other data types, they cover topics such as the evolution of a political community in the European Union, citizens´ perceptions of and preferences about the EU political regime, and the evaluation of its political performance. Besides ´voter surveys´ conducted since 1979, the EES program comprises political elite surveys, media studies and the Euromanifestos project, which is content-coding Party Manifestos. The EES offer extensive opportunities for comparative and longitudinal analyses across the EU member states.\n"", ""GESIS Community Data contains German and international research data that have been specially prepared for secondary analysis and academic teaching. These are studies that have been donated to GESIS by the scientific community and are processed by us in the spirit of open science. The collection constantly expands and contains data from six decades of social science research.""]";;"[""n Election Studies"", ""ommunity Data""]";[];"["""", """"]";"[""Individuum""]";;"[""Selbstausgefüllter Fragebogen: Webbasiert (CAWI)"", ""Andere""]";"[""Individual""]";;;"[{""label"": ""ZA8868_v1-0-0.csv  (Datensatz) 14.69 MB"", ""label_en"": ""ZA8868_v1-0-0.csv  (Dataset) 14.69 MB"", ""url"": ""https://access.gesis.org/dbk/78035"", ""secured"": ""true"", ""format"": """", ""filesize"": ""15398827""}, {""label"": ""ZA8868_v1-0-0.dta  (Datensatz) 13.14 MB"", ""label_en"": ""ZA8868_v1-0-0.dta  (Dataset) 13.14 MB"", ""url"": ""https://access.gesis.org/dbk/78036"", ""secured"": ""true"", ""format"": """", ""filesize"": ""13778931""}, {""label"": ""ZA8868_v1-0-0.sav  (Datensatz) 42.49 MB"", ""label_en"": ""ZA8868_v1-0-0.sav  (Dataset) 42.49 MB"", ""url"": ""https://access.gesis.org/dbk/78037"", ""secured"": ""true"", ""format"": """", ""filesize"": ""44556820""}]";"[{""label"": ""ZA8868_NUTS2021_Codes.xlsx  (Code-/Spaltenplan) 115.21 KB"", ""label_en"": ""ZA8868_NUTS2021_Codes.xlsx  (Codeplan) 115.21 KB"", ""url"": ""https://access.gesis.org/dbk/78030"", ""secured"": ""false""}, {""label"": ""ZA8868_mr.pdf  (Methodenbericht) 8.25 MB"", ""label_en"": ""ZA8868_mr.pdf  (Method Report) 8.25 MB"", ""url"": ""https://access.gesis.org/dbk/78029"", ""secured"": ""false""}, {""label"": ""ZA8868_Party_Codes.csv  (Code-/Spaltenplan) 100.87 KB"", ""label_en"": ""ZA8868_Party_Codes.csv  (Codeplan) 100.87 KB"", ""url"": ""https://access.gesis.org/dbk/78031"", ""secured"": ""false""}]";"["""", """", """"]";;;;"The 2024 European Election Study (EES) Voter Study is a post-election study conducted in all 27 European Union member states after the elections to the European Parliament were held between June 6 and 9, 2024.
As in the previous EES 2019 round, data was predominantly collected via online interviews sampled from access panel databases. In each member state, a minimum of 1,000 interviews were conducted (with the exception of Cyprus, Luxembourg and Malta, where 500 interviews were envisaged).

As in previous EES rounds, the questionnaire includes core traditional items included in previous EES voter studies (1989 - 2019), thus allowing for over-time as well as cross-national analysis. The study covers items on electoral behavior, such as questions on turnout and vote choice at the European and previous national elections, party preferences, propensity to vote questions, government approval, general political attitudes, interest in politics, demographics such as gender, age, education, religion etc.
 Innovations in the EES 2024 include questions about disinformation in the media regarding the EP election, military assistance to Ukraine, and democratic governance. The question on attitudes on the environment was replaced with a question on attitudes on climate change. To capture the debates on feminism, a well-tested question on gender roles was included. As in the case of the EES Study 2014 and 2019 Voter Studies, a number of the political attitude questions have the same wording as, and can hence be linked with, the Chapel Hill Expert Survey. An additional innovation is the offer of NUTS III-level regional information, which, after anonymization checks, will be offered at a later stage.  ";"[""ZA8868_v1-0-0.sav""]";
Allgemeine Bevölkerungsumfrage der Sozialwissenschaften ALLBUScompact 2023;Allgemeine Bevölkerungsumfrage der Sozialwissenschaften ALLBUScompact 2023;ZA8831;2025;2025;2025;research_data;dbk;https://dbk.gesis.org/dbksearch/SDESC2.asp?no=8831&db=D;"Trenderhebung zur gesellschaftlichen Dauerbeobachtung von Einstellungen, Verhalten und sozialem Wandel in Deutschland.
Die Schwerpunkte dieser Untersuchung sind für 2023:

1.) Lebensstil und Persönlichkeit
2.) Soziale Ungleichheit
3.) Religion und Weltanschauung
4.) Ethnozentrismus und Minoritäten
5.) Politik
6.) Sonstiges
7.) ALLBUS-Demographie
8.) Daten zum Interview (Paradaten)
9.) Ergänzungen und abgeleitete Variablen

Themen:

1.) Lebensstil und Persönlichkeit: Internetnutzung: Häufigkeit und Geräte, Häufigkeit der Lektüre von Büchern / eBooks; Wichtigkeit von Lebensbereichen: Familie und Kinder, Beruf und Arbeit, Freizeit und Erholung, Freunde und Bekannte, Verwandtschaft, Religion und Kirche, Politik und öffentliches Leben, Nachbarschaft; sozialer Pessimismus und Zukunftsorientierung (Anomia), interpersonales Vertrauen, subjektive Lebenszufriedenheit, Selbsteinschätzung allgemeiner Gesundheitszustand.

2.) Soziale Ungleichheit: Subjektive Schichteinstufung, gerechter Anteil am Lebensstandard, Zugangschancenungleichheit Bildung, wahrgenommene Voraussetzungen für gesellschaftlichen Erfolg und Aufstieg, Einstellungen zur sozialen Ungleichheit und zum Wohlfahrtsstaat, Bewertung der eigenen sozialen Sicherung, Einstellung zur Ausweitung oder Kürzung von Sozialleistungen, Einstellungen zu Gerechtigkeitskonzepten.

3.) Religion und Weltanschauung:
Individuelle Religiosität und religionsbezogene Einstellungen: 
Glaube und Lebenssinn (Kosmologien, Sinn des Lebens), Selbsteinstufung der Religiosität und der Spiritualität, Häufigkeit von Meditation, religiöse Indifferenz, persönliche religiöse Erfahrung, Bewertung von alternativen Glaubensformen und Paraglaube, Gottesglaube, Glaubensinhalte, Fundamentalismus.
Religionszugehörigkeit, religiöse Praxis und Riten: 
aktuelle und frühere Konfession bzw. Religionszugehörigkeit, Kirchenaustritt (Zeitpunkt und Motivation), Kirchgangshäufigkeit, Häufigkeit des Besuchs eines anderen Gotteshauses, Gebetshäufigkeit, Wunsch nach religiöser Beerdigung, kirchliche bzw. religiöse Trauung, eigene religiöse Erziehung, religiöse Erziehung der eigenen Kinder, Taufe der eigenen Kinder.
Wertorientierungen:
Values and Life Goals Inventory (VaLiGo): Reichtum, Gemeinschaft, Hedonismus, Toleranz, Traditionen, Unabhängigkeit, Leistung, Konformität, Stimulation; Risikovermeidung; individuelle Wertorientierungen (Klages): Gesetz und Ordnung respektieren, hoher Lebensstandard, Macht und Einfluss, Phantasie und Kreativität entwickeln, Sicherheit, Randgruppen helfen, eigene Bedürfnisse durchsetzen, Fleiß und Ehrgeiz, Toleranz, politisches Engagement, Hedonismus, Gottesglaube, Leistung im Beruf, Selbstverwirklichung; Postmaterialismus (Inglehart): Wichtigkeit von Ruhe und Ordnung, Bürgereinfluss, Inflationsbekämpfung und freier Meinungsäußerung; 
Moralische Einstellungen: 
Bewertung von abweichenden Verhaltensweisen, Bewertung von assistierten Reproduktionstechnologien, Einstellungen zur Sterbehilfe.

4.) Ethnozentrismus und Minoritäten: Einstellungen zum Zuzug verschiedener Personengruppen, Einstellungen zu Ausländern, Kontakte zu Ausländern; Stolz, ein Deutscher zu sein; Wahrnehmung der Konsequenzen von Zuwanderung; Wichtigkeit verschiedener Einbürgerungsvoraussetzungen; soziale Distanz zu verschiedenen Migrantengruppen; Befürwortung von Islamunterricht an Schulen; Meinung zum Bau von Moscheen in Deutschland; Einstellungen zum Islam in Deutschland (Islamophobie); wahrgenommene Risiken und Chancen durch Flüchtlinge. 

5.) Politik: Beteiligungsbereitschaft bezüglich verschiedener Formen politischer Partizipation, Vertrauen in öffentliche Einrichtungen und Organisationen: (Gesundheitswesen, Bundesverfassungsgericht, Bundestag, Stadt- und Gemeindeverwaltung, evangelische und katholische Kirche, Justiz, Fernsehen, Zeitungswesen, Universitäten, Bundesregierung, Polizei, Parteien, Europäische Kommission, Europäisches Parlament), politische Selbstwirksamkeit, Wahlbeteiligung ist Bürgerpflicht (Wahlnorm), Demokratieverständnis und Zufriedenheit mit der Demokratie in Deutschland, Zufriedenheit mit der Bundesregierung; Populismusskala: Abgeordnete nur dem Volk verpflichtet, Politiker reden zu viel und handeln zu wenig, einfache Bürger sind bessere Volksvertreter, politischer Kompromiss ist Verrat von Prinzipien, Volk sollte politische Entscheidungen treffen, Volk ist sich einig was politisch passieren muss, Politiker vertreten nur die Reichen; politisches Interesse, Selbsteinstufung auf einem Links-Rechts-Kontinuum; Verbundenheit mit Gemeinde, Bundesland, Bundesrepublik, EU; Einstellungen zur Wiedervereinigung: Vorteile überwiegend für Westen oder Osten, wechselseitige Fremdheit der Bürger, Einstellung zum Umgang mit individueller Stasi-Vergangenheit, Einschätzung des Sozialismus als Idee; Meinung über den Klimawandel und seine Ursachen, Wahlabsicht (Sonntagsfrage).

6.) Sonstiges: Beurteilung der derzeitigen und zukünftigen Wirtschaftslage in Deutschland, Beurteilung der eigenen derzeitigen und zukünftigen wirtschaftlichen Situation, Einstellung zur Erwerbstätigkeit von Vätern und Müttern.

7.) ALLBUS-Demographie:
Angaben zur befragten Person: Geburtsjahr, Alter, Geschlecht, Familienstand, Staatsbürgerschaft (Nationalität), Anzahl der Staatsbürgerschaften, Herkunft, allgemeiner Schulabschluss, berufliche Ausbildung, Erwerbsstatus, Angaben zum gegenwärtigen bzw. früheren Beruf, Zugehörigkeit zum öffentlichen Dienst, wöchentliche Arbeitsdauer (Haupt- und Nebenerwerb), berufliche Aufsichtsfunktion, Furcht vor Verlust des Arbeitsplatzes, Dauer von Arbeitslosigkeit, Status der Nichterwerbstätigkeit, Zeitpunkt der Aufgabe hauptberuflicher Erwerbstätigkeit, jetzige oder frühere Gewerkschaftsmitgliedschaft, Mitgliedschaft in einer politischen Partei, monatliches Nettoeinkommen.
Wohnort (Selbstbeschreibung), Wohndauer in Deutschland, Wohnform.
Angaben zum Ehepartner: Geburtsjahr, Alter, allgemeiner Schulabschluss, berufliche Ausbildung, Erwerbstätigkeit (incl. Nichterwerbsstatus), Angaben zum gegenwärtigen Beruf, Zugehörigkeit zum öffentlichen Dienst.
Angaben zum nichtehelichen Lebenspartner: Geburtsjahr, Alter, allgemeiner Schulabschluss, berufliche Ausbildung, Erwerbstätigkeit (incl. Nichterwerbsstatus), Angaben zum gegenwärtigen Beruf, Zugehörigkeit zum öffentlichen Dienst, gemeinsamer Haushalt mit befragter Person.
Angaben zu den Eltern: Herkunftsland, Zusammenleben mit Eltern im Alter von 15 Jahren, allgemeiner Schulabschluss, berufliche Ausbildung, Angaben zum Beruf.
Haushaltsbeschreibung: Haushaltsgröße, Haushaltseinkommen, Anzahl von über 17-jährigen Haushaltspersonen (reduzierte Haushaltsgröße).
Angaben zu den einzelnen Haushaltspersonen (Haushaltsliste): Verwandtschaftsverhältnis zur befragten Person, Geschlecht, Geburtsjahr, Alter, Familienstand.
Angaben zu Kindern außerhalb des Haushalts: Zahl der Kinder außer Haus, Geschlecht, Geburtsjahr, Alter.

8.) Daten zum Interview (Paradaten): Studiennummer, Digital Object Identifier, Release, Identifikationsnummer des Befragten, Erhebungsmodus, Zahl der Kontaktversuche, Anteil beantworteter Fragen, Datum Interviewbeginn und –ende, Interviewdauer, Anwesenheit weiterer Personen während des Interviews, Eingriff anderer Personen in die Beantwortung des Fragebogens, Mitverfolgen des Interviews am Bildschirm (CAPI), Unterbrechung der Bearbeitung des Fragebogens (MAIL, CAWI), verwendetes Endgerät (CAWI).
Angaben zum/zur Interviewer/in: Geschlecht, Alter, Schulabschluss, Identifikationsnummer, Dauer der Interviewertätigkeit.

9.) Ergänzungen und abgeleitete Variablen: Postmaterialismus-Index (nach Inglehart), Berufsvercodung gemäß ISCO (International Standard Classification of Occupations) 1988 und 2008, SIOPS (nach Ganzeboom), ISEI (nach Ganzeboom), Sozioökonomische Gruppe (ESeG), ISCED (International Standard Classification of Education) 1997 und 2011, Lebensformen und Familiensituation, Pro-Kopf-Einkommen, Äquivalenzeinkommen (modifizierte OECD-Skala), Transformationsgewicht für Auswertungen auf Haushaltsebene, Ost-West-Gewicht für gesamtdeutsche Auswertungen.
";"[""Ackermann, Kathrin"", ""Auspurg, Katrin"", ""Bühler, Christoph"", ""Carol, Sarah"", ""Friehs, Maria-Therese"", ""Hillmert, Steffen"", ""Tausendpfund, Markus""]";"[""GESIS - Leibniz Institute for the Social Sciences -  - ""]";GESIS;AckermannAuspurgBühler;"[""Universität Siegen"", ""LMU München"", ""Universität Hannover"", ""University College Dublin"", ""FernUniversität in Hagen"", ""Universität Tübingen"", ""FernUniversität in Hagen""]";2023-04 - 2023-09;;"[""Deutschland (DE)""]";"[""Deutschland""]";"&bull;   Persönliches Interview : Computerunterstützte Befragung (CAPI/CAMI)
&bull;   Selbstausgefüllter Fragebogen: Webbasiert (CAWI)
&bull;   Selbstausgefüllter Fragebogen: Papier;
";;"&bull;   Wahrscheinlichkeitsauswahl: Disproportional geschichtete Zufallsauswahl
&bull;   Wahrscheinlichkeitsauswahl: Mehrstufige Zufallsauswahl;
";;;"[""doi:10.4232/1.14545""]";;;;;;;, 2025-07-30,  https://doi.org/doi:10.4232/1.14545;"Ackermann, K., Auspurg, K., Bühler, C., Carol, S., Friehs, M., Hillmert, S., & Tausendpfund, M. (2025). Allgemeine Bevölkerungsumfrage der Sozialwissenschaften ALLBUScompact 2023 (ZA8831; Version )  [Data set]. GESIS, Köln. https://doi.org/doi:10.4232/1.14545";"(ZA8831; Version )  [Data set]. GESIS, Köln. https://doi.org/doi:10.4232/1.14545";;;;;;"[""Germany (DE)""]";"[""Germany""]";"&bull;   Face-to-face interview: Computer-assisted (CAPI/CAMI)
&bull;   Self-administered questionnaire: Web-based (CAWI)
&bull;   Self-administered questionnaire: Paper;
";;;;"(ZA8831; Version ) [Data set]. GESIS, Cologne. https://doi.org/doi:10.4232/1.14545";"&bull;   Probability: Stratified: Disproportional
&bull;   Probability: Multistage;
";"Ackermann, K., Auspurg, K., Bühler, C., Carol, S., Friehs, M., Hillmert, S., & Tausendpfund, M. (2025). German General Social Survey ALLBUScompact 2023 (ZA8831; Version ) [Data set]. GESIS, Cologne. https://doi.org/doi:10.4232/1.14545";"[""Face-to-face interview: Computer-assisted (CAPI/CAMI)"", ""Self-administered questionnaire: Web-based (CAWI)"", ""Self-administered questionnaire: Paper""]";;GESIS-Datenarchiv;GESIS-DBK;0;1;1;10;;[];;;;"[{""label"": ""ZA8831_cdb_Supplement_Alter.pdf  (Codebuch) 2.09 MB"", ""label_en"": ""ZA8831_cdb_Supplement_Alter.pdf  (Codebook) 2.09 MB"", ""url"": ""https://access.gesis.org/dbk/78528"", ""secured"": ""false""}, {""label"": ""ZA8831_cdb.pdf  (Codebuch) 5.57 MB"", ""label_en"": ""ZA8831_cdb.pdf  (Codebook) 5.57 MB"", ""url"": ""https://access.gesis.org/dbk/78527"", ""secured"": ""false""}, {""label"": ""ZA8831_cdb_Supplement_Erhebungsgebiet.pdf  (Codebuch) 1.58 MB"", ""label_en"": ""ZA8831_cdb_Supplement_Erhebungsgebiet.pdf  (Codebook) 1.58 MB"", ""url"": ""https://access.gesis.org/dbk/78529"", ""secured"": ""false""}, {""label"": ""ZA8831_cdb_Supplement_Geschlecht.pdf  (Codebuch) 1.84 MB"", ""label_en"": ""ZA8831_cdb_Supplement_Geschlecht.pdf  (Codebook) 1.84 MB"", ""url"": ""https://access.gesis.org/dbk/78530"", ""secured"": ""false""}, {""label"": ""ZA8831_cdb_Supplement_Konfession.pdf  (Codebuch) 2.19 MB"", ""label_en"": ""ZA8831_cdb_Supplement_Konfession.pdf  (Codebook) 2.19 MB"", ""url"": ""https://access.gesis.org/dbk/78531"", ""secured"": ""false""}]";"[{""label"": ""Link_ZA8830_fb_CAPI.pdf.txt  (Fragebogen) 2.28 MB"", ""label_en"": ""Link_ZA8830_fb_CAPI.pdf.txt  (Questionnaire) 2.28 MB"", ""url"": ""https://access.gesis.org/dbk/77958"", ""secured"": ""false""}, {""label"": ""Link_ZA8830_fb_CAWI.pdf.txt  (Fragebogen) 11.85 MB"", ""label_en"": ""Link_ZA8830_fb_CAWI.pdf.txt  (Questionnaire) 11.85 MB"", ""url"": ""https://access.gesis.org/dbk/77959"", ""secured"": ""false""}, {""label"": ""Link_ZA8830_fb_postalisch_SplitA.pdf.txt  (Fragebogen) 1.18 MB"", ""label_en"": ""Link_ZA8830_fb_postalisch_SplitA.pdf.txt  (Questionnaire) 1.18 MB"", ""url"": ""https://access.gesis.org/dbk/77960"", ""secured"": ""false""}, {""label"": ""Link_ZA8830_fb_postalisch_SplitB.pdf.txt  (Fragebogen) 1.19 MB"", ""label_en"": ""Link_ZA8830_fb_postalisch_SplitB.pdf.txt  (Questionnaire) 1.19 MB"", ""url"": ""https://access.gesis.org/dbk/77961"", ""secured"": ""false""}]";;;;;"[""Querschnitt""]";;;"[""Cross-section""]";"[""Wahrscheinlichkeitsauswahl: Disproportional geschichtete Zufallsauswahl"", ""Wahrscheinlichkeitsauswahl: Mehrstufige Zufallsauswahl""]";"<table id=""version_table""><thead><tr><th>Versionsnummer</th><th>Datum, Name, DOI</th></tr></thead><tbody><tr><td></td><td>2025-07-30  (aktuelle Version) <a href=""https://doi.org/doi:10.4232/1.14545"">https://doi.org/doi:10.4232/1.14545</a></td></tr></tbody></table>";"<table id=""version_table""><thead><tr><th>Version number</th><th>Date, Name, DOI</th></tr></thead><tbody><tr><td></td><td>2025-07-30  (current version) <a href=""https://doi.org/doi:10.4232/1.14545"">https://doi.org/doi:10.4232/1.14545</a></td></tr><tbody></table>";"[""Probability: Stratified: Disproportional"", ""Probability: Multistage""]";;;German General Social Survey ALLBUScompact 2023;;;;;;;;;;ZA8831;"[""Ackermann, Kathrin - Universität Siegen"", ""Auspurg, Katrin - LMU München"", ""Bühler, Christoph - Universität Hannover"", ""Carol, Sarah - University College Dublin"", ""Friehs, Maria-Therese - FernUniversität in Hagen"", ""Hillmert, Steffen - Universität Tübingen"", ""Tausendpfund, Markus - FernUniversität in Hagen""]";"[""DE""]";[];0;5246;"[""""]";"[""""]";"[""""]";"[""2025-07-30""]";A;Daten und Dokumente sind für die akademische Forschung und Lehre freigegeben.;Data and documents are released for academic research and teaching.;"[""Mit der Allgemeinen Bevölkerungsumfrage der Sozialwissenschaften (ALLBUS) werden aktuelle Daten über Einstellungen, Verhaltensweisen und Sozialstruktur der Bevölkerung in der Bundesrepublik Deutschland erhoben. Seit 1980 wird alle zwei Jahre ein repräsentativer Querschnitt der Bevölkerung mit einem teils konstanten, teils variablen Fragenprogramm befragt. Die Daten stehen unmittelbar nach ihrer benutzergerechten Aufbereitung und Dokumentation allen Interessenten für Forschung und Lehre zur Verfügung.""]";"[""LBUS""]";N;;info:eu-repo/semantics/restrictedAccess;colectica;30.07.2025 02:00;German General Social Survey ALLBUScompact 2023;"Social monitoring of trends in attitudes, behavior, and societal change in the Federal Republic of Germany. The main topics in 2023 are:

1.) Lifestyle and personality
2.) Social inequality
3.) Religion and world view
4.) Ethnocentrism and minorities
5.) Political attitudes
6.) Other topics 
7.) ALLBUS-Demography
8.) Data on the interview (paradata)
9.) Added value

Topics:

1.) Lifestyle and Personality: Internet use: frequency and type of device; frequency of reading books / e-books; importance of life aspects: family and children, work and occupation, free time and recreation, friends and acquaintances, relatives, religion and church, politics and public life, neighbours; social pessimism and orientation towards the future (anomia), interpersonal trust, overall life satisfaction, self-assessment of overall health.

2.) Social Inequality: Self-assessment of social class, fair share in standard of living, assessment of access to education, perceived prerequisites for success in society, attitudes towards social inequality and the welfare state, evaluation of personal social security; stance on extension or reduction in social services; attitudes towards different ideas of social justice.

3.) Religion and world view: 
Individual religiousness and attitudes towards religion: 
religious belief and reason for being (religious cosmology,  meaning of life), self-assessment of religiousness and spirituality, frequency of meditation, religious indifference, religious experiences in personal life, attitude towards alternative forms of belief and parabelief, belief in God; belief in a life after death; belief in heaven, hell, and miracles; belief in reincarnation; religious fundamentalism.
Religious affiliation, religious rites and practices: 
present and former denominational membership or other religious affiliation; leaving the church (reasons and when), frequency of church attendance or of visiting a house of worship, frequency of prayer; wish for religious funeral, married in church or according to religion, importance of religion in parental home, importance of religion in raising own children, baptism of children. 
Value orientations:
Values and Life Goals Inventory (VaLiGo): wealth, experiencing community, hedonism, tolerance, tradition, self-reliance, achievement, conformity, stimulation, risk avoidance; individual value orientations (Klages): respect law and order, high standard of living, have power and influence, fantasy and creativity, security, help marginalized social groups, ability to assert oneself, industry and ambition, tolerance, political engagement, hedonism, faith in God, occupational achievement, self-realization; materialism / postmaterialism (Inglehart): importance of law and order, fighting rising prices, free expression of opinions and influence on governmental decisions; 
Moral attitudes: 
moral assessment of deviant acts; attitude towards techniques of reproductive medicine; attitudes towards assisted suicide.

4.) Ethnocentrism and minorities: Attitude towards the influx of various groups of immigrants, attitudes towards the foreigners living in Germany, contacts with foreigners, pride in being a German, perceived consequences of presence of foreigners in Germany, ranking of citizenship requirements, social distance to ethnic minorities and foreigners, support for the teaching of Islam in public schools; support for the building of mosques in Germany, attitudes towards Islam (Islamophobia), perceived risks and chances with respect to refugees.

5.) Politics: Willingness to engage in different forms of political participation, confidence in public institutions and organizations (public health service, federal constitutional court, federal parliament (Bundestag), city or municipal administration, churches, judiciary, television, newspapers, universities, federal government, the police, political parties, European Commission, European Parliament), political efficacy, participation in the vote as a civic duty, understanding of democracy and satisfaction with democracy in Germany, satisfaction with the performance of the federal government; populism scale: members of parliament must only be bound to the will of the people, politicians talk too much and do too little, ordinary citizens would make better representatives than professional politicians, political compromise is a betrayal of principles, the people should make the important political decisions, the people agree on what needs to happen politically, politicians only care about the rich and powerful; political interest, self-placement on left-right continuum; identification with own community, the federal state, the Federal Republic of Germany and the EU; attitudes relating to the process of German unification: unification was better for East / West, strangeness of citizens in the other part of Germany, attitudes towards the Stasi-past of individuals, evaluation of socialism as an idea; opinion on climate change and its causes, voting intention (Sonntagsfrage).

6.) Other topics: Assessment of the present and future economic situation in Germany, assessment of present and future personal economic situation, attitudes towards working fathers and mothers.

7.) ALLBUS-Demography: 
Details about the respondent: year of birth, age, gender, marital status, citizenship (nationality), number of citizenships, geographical origin, school education, vocational training, employment status, details about current or former occupation, affiliation to public service, working hours per week (primary and secondary job), supervisory functions, fear of unemployment, length of unemployment, status of non-employment, date of termination of full-time employment, current or former membership in a trade union, membership in a political party, respondent´s net monthly income. 
Place of residence (self-description), duration of residence in Germany, type of dwelling. 
Details about respondent´s current spouse: year of birth, age, school education, vocational training, employment status, details about current occupation, affiliation to public service, status of non-employment. 
Details about respondent´s steady partner: year of birth, age, school education, vocational training, employment status, details about current occupation, affiliation to public service, status of non-employment, common household with respondent. 
Details about respondent´s parents: country of origin, cohabitation with respondent as adolescent, school education of mother and father, vocational training of mother and father, details about both parents´ occupation. 
Description of household: size of household, net monthly household income, number of persons older than 17 in household (reduced size of household). 
Details about household members: family relation to respondent, gender, year of birth, age, marital status. 
Details about children not living in the household: number of children not living in the household, gender, year of birth, age.

8.) Data on the interview (paradata): Study number, digital object identifier, release, respondent id, mode of data collection, number of contacts, percentage of questions completed, date of beginning and end of interview, duration of interview, presence of other persons during the interview, interference of other persons in the course of the interview, respondent followed interview on screen (CAPI), pauses during completion of survey (MAIL, CAWI), type of device (CAWI)
Details about the interviewer: gender; age; school education; identification number; length of experience as an interviewer.

9.) Added value: Inglehart-Index, International Standard Classification of Occupations (ISCO) 1988 and 2008; Standard International Occupational Prestige Scale (SIOPS, according to Ganzeboom), International Socio-economic Index of Occupational Status (ISEI, according to Ganzeboom), European Socio-Economic Groups (ESeG), International Standard Classification of Education (ISCED) 1997 and 2011, living arrangement and family situation, per capita income, equivalised income (OECD-modified scale), transformation weight for analyses on household level, east-west design weight.
";[];"[""[]""]";;[];"[""The German General Social Survey (ALLBUS) collects up-to-date data on attitudes, behavior, and social structure in Germany. Every two years since 1980 a representative cross section of the population is surveyed using both constant and variable questions. The ALLBUS data become available to interested parties for research and teaching as soon as they are processed and documented. ""]";;"[""""]";[];"[""allbus2-logo.jpg""]";"[""Individuum""]";;"[""Persönliches Interview : Computerunterstützte Befragung (CAPI/CAMI)"", ""Selbstausgefüllter Fragebogen: Webbasiert (CAWI)"", ""Selbstausgefüllter Fragebogen: Papier""]";"[""Individual""]";;"[""GESIS - Leibniz Institute for the Social Sciences -  - ""]";"[{""label"": ""ZA8831_v1-3-0.sav  (Datensatz) 4.63 MB"", ""label_en"": ""ZA8831_v1-3-0.sav  (Dataset) 4.63 MB"", ""url"": ""https://access.gesis.org/dbk/79365"", ""secured"": ""true"", ""format"": """", ""filesize"": ""4856065""}, {""label"": ""ZA8831_v1-3-0.dta.zip  (Datensatz) 1.14 MB"", ""label_en"": ""ZA8831_v1-3-0.dta.zip  (Dataset) 1.14 MB"", ""url"": ""https://access.gesis.org/dbk/79364"", ""secured"": ""true"", ""format"": """", ""filesize"": ""1194996""}]";"[{""label"": ""Link_ZA8830_mb-Kurzversion.pdf.txt  (Methodenbericht) 122.83 KB"", ""label_en"": ""Link_ZA8830_mb-Kurzversion.pdf.txt  (Method Report) 122.83 KB"", ""url"": ""https://access.gesis.org/dbk/77962"", ""secured"": ""false""}]";"["""", """"]";"Die Allgemeine Bevölkerungsumfrage der Sozialwissenschaften (ALLBUS) ist eine Trenderhebung, in der seit 1980 alle zwei Jahre eine Zufallsstichprobe der deutschen Bevölkerung befragt wird. Das primäre Ziel des Umfrageprogramms ist die Beobachtung von Einstellungen, Verhalten und sozialen Wandel in Deutschland. Jede ALLBUS-Querschnittserhebung besteht aus ein oder zwei Schwerpunktmodulen zu wechselnden Themen. Diese werden ergänzt durch weitere inhaltliche Fragen und ein Kernmodul mit detaillierten demografischen Informationen. Zudem werden Zusatzinformation zum Interview und den Interviewern bereitgestellt. Die Schwerpunktmodule folgen in der Regel einem 10-jährigen Replikationszyklus, viele Einzelindikatoren und Itembatterien werden aber auch in kürzeren Abständen repliziert.

ALLBUScompact ist die zum Download verfügbare Version des ALLBUS Scientific-Use-Files.

Das Schwerpunktmodul von ALLBUS 2023 befasst sich mit ´Religion und Weltanschauung´. Weiterer Schwerpunkt der Erhebung war die Replikation von Fragen aus einem breiten Themenspektrum. Repliziert wurden u.a. Fragen zu Lebensstil und Persönlichkeit, Politik, Ethnozentrismus und Minoritäten und sozialer Ungleichheit. 

ALLBUS 2023 wurde in einem Mixed-Mode Design durchgeführt (CAPI (Computer-Assisted Personal Interview), MAIL (postalischer Selbstausfüller) und CAWI (Computer-Assisted Web Interview)).";;;"ALLBUS (GGSS - the German General Social Survey) is a biennial trend survey based on random samples of the German population. Established in 1980, its mission is to monitor attitudes, behavior, and social change in Germany. Each ALLBUS cross-sectional survey consists of one or two main question modules covering changing topics, a range of supplementary questions and a core module providing detailed demographic information. Additionally, data on the interview and the interviewers are provided as well. Key topics generally follow a 10-year replication cycle, many individual indicators and item batteries are replicated at shorter intervals.

ALLBUScompact is the downloadable version of the ALLBUS scientific-use-file. 

The main question module of ALLBUS 2023 is ´Religion and World View.´ Another focus of the survey was the replication of questions from a broad range of topics. This included questions on lifestyle and personality, political attitudes, ethnocentrism and minorities as well as on social inequality.

ALLBUS 2023 was conducted in a mixed-mode design (CAPI (computer-assisted personal interview), MAIL (postal self-completion) and CAWI (computer-assisted web interview)).";[];
International Social Survey Programme: Work Orientations IV - ISSP 2015;International Social Survey Programme: Work Orientations IV - ISSP 2015;ZA6770;2017;2017;2017;research_data;dbk;https://dbk.gesis.org/dbksearch/SDESC2.asp?no=6770&db=D;"Arbeitszentralität (ein Job ist nur eine Möglichkeit, Geld zu verdienen vs. bezahlte Arbeit genießen, auch wenn das Geld nicht benötigt wird); Wichtigkeit ausgewählter Anforderungen an eines Arbeitsplatz wie z.B. Arbeitsplatzsicherheit, hohes Einkommen, etc. (Arbeitswerte); Work-Life-Balance: Bereitschaft zur Aufgabe gute Beschäftigungsmöglichkeiten zugunsten der Familie; Bereitschaft zum Verbleib in einem Job, der für die Familie nicht zufriedenstellend ist; Konflikte und soziale Ausgrenzung: Diskriminierungserfahrung im Arbeitsumfeld, z.B. bei der Stellenbewerbung; wichtigster Grund für die Diskriminierung; erfahrene Belästigung am Arbeitsplatz durch Vorgesetzte oder Mitarbeiter (z.B. Mobbing, physischer oder psychischer Missbrauch); Solidarität und Konflikte in Bezug auf Gewerkschaften (Arbeiter brauchen starke Gewerkschaften, um ihre Interessen zu schützen  vs. starke Gewerkschaften sind schlecht für die Wirtschaft des Landes); präferiertes Arbeitsverhältnis (Vollzeit, Teilzeit, weniger als 10 Stunden pro Woche, keine bezahlte Arbeit); derzeitiger Erwerbsstatus; Präferenz für mehr Arbeit (und Geld) oder für Arbeitszeitverkürzung (länger arbeiten und mehr Geld verdienen, dieselbe Anzahl von Stunden arbeiten und dasselbe Geld verdienen oder weniger arbeiten und weniger Geld verdienen); Merkmale des eigenen Arbeitsplatzes (soziale Dimension); subjektives Erleben des Berufs: Häufigkeit schwerer körperlicher Arbeit und anstrengender Arbeit; nicht-Standard Beschäftigung: Häufigkeit der Arbeit zu Hause während der üblichen Arbeitszeiten und von Wochenendarbeit; Flexibilität des  Arbeitsplatzes in Bezug auf Zeiten des Arbeitsbeginns und des Arbeitsendes; nicht-Standard Beschäftigung: übliche Arbeitszeiten im Hauptjob; Job- und Arbeitnehmerflexibilität: Organisation der täglichen Arbeit (freie Entscheidung, Entscheidung innerhalb bestimmter Grenzen, keine freie Entscheidung); Work-Life-Balance: Schwierigkeiten, während der Arbeitszeit eine Stunde frei zu nehmen zur Erledigung persönlicher oder familiärer Angelegenheiten; Arbeitsanforderungen beinträchtigen das Familienleben bzw. Anforderungen des Familienlebens beeinträchtigen den Job; Humankapital: Nützlichkeit der Fähigkeiten aus früheren Berufserfahrungen für den jetzigen Job; Fortbildung in den letzten zwölf Monaten zur Verbesserung der beruflichen Fähigkeiten; Beurteilung der Beziehungen zwischen Unternehmensführung und Mitarbeitern und zwischen Arbeitskollegen (Arbeitsklima); Wirkung der Arbeit: Arbeitszufriedenheit in der Haupttätigkeit; Identifikation mit dem Unternehmen oder der Organisation; berufliche Bindung (Wechsel der derzeitigen Art der Arbeit für etwas anderes, stolz auf die derzeitige Art der Arbeit); Arbeitsmarktfähigkeit/ neuer Arbeitsplatz: erwartete Schwierigkeiten bei der Suche nach einem guten neuen Arbeitsplatz; Wahrscheinlichkeit der Arbeitssuche in den nächsten zwölf Monaten; Besorgnis über möglichen Arbeitsplatzverlust; Arbeits- und Arbeitnehmerflexibilität: akzeptierte Zugeständnisse zur Vermeidung von Arbeitslosigkeit (Akzeptanz eines Arbeitsplatzes, der neue Kompetenzen erfordert, Annahme einer niedriger bezahlten Stelle, Annahme von Zeitarbeitsverhältnissen, längere Anfahrtswege zur Arbeit, Umzug innerhalb des Landes, Umzug in ein anderes Land); Existenz eines Nebenjobs zusätzlich zum Hauptjob; Verdienst aus diesem Nebenjob bzw. diesen Nebenjobs insgesamt im Vergleich zum Hauptjob. 

Befragte, die derzeit nicht beschäftigt sind, wurden gefragt: jemals für einen Zeitraum von einem Jahr oder mehr gearbeitet; Monat und Jahr der Beendigung des letzten Arbeitsverhältnisses; Arbeitszufriedenheit in der letzten Arbeitsstelle; Hauptgrund für das Ende der letzten Beschäftigung; Interesse an einer Erwerbstätigkeit; erwartete Schwierigkeiten bei der Suche nach einem neuen Arbeitsplatz; Besorgnis keinen  Job zu finden; akzeptierte Zugeständnisse, um einen Job zu bekommen (Annahme eines Arbeitsplatzes, der neue Fähigkeiten erfordert, Annahme einer niedriger bezahlten Position, Annahme von Zeitarbeitsverhältnissen, längere Anfahrtswege zur Arbeit, Umzug innerhalb des Landes, Umzug in ein anderes Land); Arbeitssuche in den letzten zwölf Monaten und Fortbildung zur Verbesserung der eigenen beruflichen Fähigkeiten; derzeit auf der Suche nach einem Job; wichtigste Einnahmequelle; Besorgnis  über den möglichen Verlust dieser Einnahmequelle.

Optional: Jüngster beruflicher Werdegang: jemals bezahlter Job in den letzten fünf Jahren; erlebte ausgewählte Veränderungen im Berufsleben (Arbeitslosigkeit für einen Zeitraum von mehr als drei Monaten, Arbeitgeberwechsel, Berufswechsel, eigenes Unternehmen gestartet/ Selbständigkeit, zusätzliche Arbeitsaufnahme); Selbsteinschätzung der aktuellen finanziellen Situation; Veränderung der aktuellen Finanzlage im Vergleich zu vor fünf Jahren; erwartete finanzielle Situation in fünf Jahren; Einstellung zur Seniorenarbeit (gut für die Wirtschaft des Landes, Beschäftigte über 60 Jahre nehmen Jüngeren die Arbeitsplätze weg).

Optionale Hintergrundvariable: Selbsteinschätzung der körperlichen und geistigen Gesundheit.

Zusätzliche obligatorische Hintergrundvariable: Alter des jüngsten Kindes im Haushalt.

Demographie: Geschlecht; Alter; Geburtsjahr; Jahre der Schulbildung; Bildung (länderspezifisch); höchster Abschluss; Erwerbsstatus; Wochenarbeitszeit; Arbeitsverhältnis; Zahl der Beschäftigten (Unternehmensgröße); Weisungsbefugnis; Anzahl der Mitarbeiter für die Weisungsbefugnis besteht; Art des Unternehmens: Profit vs. Non-Profit und öffentlich vs. privat; Beruf (ISCO-08); Hauptbeschäftigungsstatus; Zusammenleben mit einem Partner; Gewerkschaftsmitgliedschaft; Religionszugehörigkeit oder Konfession (länderspezifisch); Konfessionsgruppen; Kirchgangshäufigkeit; Oben-Unten-Selbsteinstufung; Wahlbeteiligung bei der letzten allgemeinen Wahl und gewählte länderspezifische Partei; Links-Rechts-Einstufung der gewählten Partei; Selbsteinschätzung der Zugehörigkeit zu einer ethnischen Gruppe 1 und 2 (länderspezifisch); Anzahl der Kinder; Anzahl der Kleinkinder; Haushaltsgröße; Einkommen des Befragten (länderspezifisch); Familieneinkommen (länderspezifisch); Geburtsland von Vater und Mutter; Familienstand; Urbanisierungsgrad; Region (länderspezifisch). 

Angaben zum Ehepartner bzw. Partner hinsichtlich: Erwerbsstatus; Wochenarbeitszeit; Arbeitsverhältnis; Weisungsbefugnis; Beruf (ISCO-08); Hauptbeschäftigungsstatus. 

Zusätzlich verkodet wurde: Befragten-ID; Interviewdatum (Jahr, Monat, Tag); Case substitution flag; Erhebungsmethode; Gewicht.";"[""Carton, Ann"", ""Vanderkelen, Françoise"", ""Gonzalez, Ricardo"", ""Marinovi? Jerolimov, Dinka"", ""Ve?erník, Ji?í"", ""Lund Clement, Sanne"", ""Andersen, Johannes"", ""Shamshiri-Petersen, Ditte"", ""Andersen, Jørgen G."", ""Frederiksen, Morten"", ""Severin, Majbritt C."", ""Holt, Steffen"", ""Nielsen, Alex S."", ""Borregaard, Nicolaj"", ""Melin, Harri"", ""Blom, Raimo"", ""Gonthier, Frédéric"", ""Forsé, Michel"", ""Clery, Liz"", ""Phillips, Miranda"", ""Jónsdóttir, Guðbjörg A."", ""Einarsson, Hafsteinn"", ""Lewin-Epstein, Noah"", ""Aramaki, Hiroshi"", ""Murata, Hiroko"", ""Niklass, Mareks"", ""Krupavi?ius, Algis"", ""Boxall, Peter"", ""Humpage, Louise"", ""McMillan, Kate"", ""Milne, Barry"", ""Randow, Martin von"", ""Kolsrud, Kirstine"", ""Skjåk, Knut K."", ""Social Weather Stations, Quezon City, Philippines"", ""Khakhulina, Ludmila"", ""Hafner-Fink, Mitja"", ""Malnar, Brina"", ""Struwig, Jare"", ""Riedewald, Regien"", ""Edlund, Jonas"", ""FORS, c/o University of Lausanne, Switzerland"", ""Fu, Yang-chih"", ""Briceño-León, Roberto"", ""Bacher, Johann"", ""Höllinger, Franz"", ""Verwiebe, Roland"", ""Evans, Ann"", ""Blunsdon, Betsy"", ""Li, Lulu"", ""Wolf, Christof"", ""Roosalu, Triin"", ""Kazjulja, Margarita"", ""Kall, Kairit"", ""Méndez Lago, Mónica"", ""Tsuladze, Lia"", ""Kolosi, Tamás"", ""Deshmukh, Yashwant R."", ""Morones, César"", ""Moran, Mauricio"", ""Palacios, Felipe"", ""Zieli?ski, Marcin W."", ""Jerzy?ski, Tomasz"", ""Bahna, Miloslav"", ""Smith, Tom W."", ""Davern, Michael"", ""Freese, Jeremy"", ""Hout, Michael""]";"[""ISSP Research Group -  - ""]";GESIS Data Archive;CartonVanderkelenGonzalez;"[""Vlaamse Overheid, Studiedienst van de Vlaamse Regering (Research Centre of the Flemish Government"", ""Walloon Institute of Assessment, Forecasting and Statistics (IWEPS"", ""Centro de Estudios Públicos (CEP"", ""Institute for Social Research, Zagreb, Croatia"", ""Institute of Sociology, Academy of Sciences of the Czech Republic, Praha, Czech Republic"", ""Department of Political Science, Aalborg University, Denmark"", ""Department of Political Science, Aalborg University, Denmark"", ""Department of Political Science, Aalborg University, Denmark"", ""Department of Political Science, Aalborg University, Denmark"", ""Department of Political Science, Aalborg University, Denmark"", ""Department of Political Science, Aalborg University, Denmark"", ""Department of Political Science, Aalborg University, Denmark"", ""Department of Political Science, Aalborg University, Denmark"", ""Department of Political Science, Aalborg University, Denmark"", ""University of Tampere, Finland"", ""University of Tampere, Finland"", ""PACTE, Institut d´Etudes Politiques de Grenoble, Domaine Universitaire, Grenoble, France"", ""Centre Maurice Halbwachs, Paris, France"", ""National Centre for Social Research (NatCen"", ""National Centre for Social Research (NatCen"", ""Social Science Research Institute, University of Iceland, Reykjavík, Iceland"", ""Social Science Research Institute, University of Iceland, Reykjavík, Iceland"", ""B.I. and Lucille Cohen, Institute for public opinion research, Tel Aviv, Israel"", ""NHK Broadcasting Culture Research Institute, Tokyo, Japan"", ""NHK Broadcasting Culture Research Institute, Tokyo, Japan"", ""Advanced Social and Political Research Institute (ASPRI"", ""Institute of Public Policy and Administration, Kaunas University of Technology, Lithuania"", ""Auckland Business School, University of Auckland, New Zealand"", ""Department of Sociology, University of Auckland, New Zealand"", ""School of History, Philosophy, Political Science and International Relations, Victoria University Wellington, New Zealand"", ""Centre of Methods and Policy Application in the Social Sciences (COMPASS"", ""Centre of Methods and Policy Application in the Social Sciences (COMPASS"", ""Norwegian Social Science Data Services (NSD"", ""Norwegian Social Science Data Services (NSD"", """", ""Levada-Center, Moscow, Russia"", ""Public Opinion and Mass Communication Research Centre (CJMMK"", ""Public Opinion and Mass Communication Research Centre (CJMMK"", ""Human Sciences Research Council, Pretoria, South Africa"", ""Anton de Kom University of Suriname, Paramaribo, Suriname"", ""Department of Sociology, Umea University, Sweden"", """", ""Institute of Sociology, Academia Sinica, Taipei City, Taiwan"", ""Laboratorio de Ciencias Sociales (LACSO"", ""Institute of Sociology, Johannes Kepler University Linz, Austria"", ""University of Graz, Austria"", ""Institute of Sociology, University of Vienna, Austria"", ""Australian National University, Canberra, Australia"", ""Australian Consortium for Social and Political Research Inc. (ACSPRI"", ""Renmin University of China, Beijing, China"", ""GESIS Leibniz-Institut für Sozialwissenschaften, Germany"", ""Institute of International and Social Studies, Tallinn University, Tallinn, Estonia"", ""Institute of International and Social Studies, Tallinn University, Tallinn, Estonia"", ""Institute of International and Social Studies, Tallinn University, Tallinn, Estonia"", ""Centro de Investigaciones Sociológicas (CIS"", ""Center for Social Sciences (CSS"", ""TÁRKI Social Research Institute, Budapest, Hungary"", ""CVoter News Services Pvt. Ltd., Noida, India"", ""Institute of Marketing and Opinion (IMO"", ""Institute of Marketing and Opinion (IMO"", ""Institute of Marketing and Opinion (IMO"", ""The Robert B. Zajonc Institute for Social Studies, University of Warsaw (ISS UW"", ""The Robert B. Zajonc Institute for Social Studies, University of Warsaw (ISS UW"", ""Institute for Sociology, Slovak Academy of Sciences, Bratislava, Slovakia"", ""National Opinion Research Center (NORC"", ""National Opinion Research Center (NORC"", ""Northwestern University, Evanston, USA"", ""New York University, New York, USA""]";2015-01-19 - 2017-04-06;;"[""Belgien (BE)"", ""Chile (CL)"", ""Kroatien (HR)"", ""Tschechische Republik (CZ)"", ""Dänemark (DK)"", ""Finnland (FI)"", ""Frankreich (FR)"", ""Island (IS)"", ""Israel (IL)"", ""Japan (JP)"", ""Litauen (LT)"", ""Lettland (LV)"", ""Neuseeland (NZ)"", ""Norwegen (NO)"", ""Philippinen (PH)"", ""Russische Föderation (RU)"", ""Slowenien (SI)"", ""Südafrika (ZA)"", ""Suriname (SR)"", ""Schweden (SE)"", ""Schweiz (CH)"", ""Taiwan (TW)"", ""Venezuela, Bolivarische Republik (VE)"", ""Österreich (AT)"", ""Australien (AU)"", ""China (CN)"", ""Deutschland (DE)"", ""Estland (EE)"", ""Spanien (ES)"", ""Georgien (GE)"", ""Ungarn (HU)"", ""Indien (IN)"", ""Mexiko (MX)"", ""Polen (PL)"", ""Slowakei (SK)"", ""Vereinigte Staaten von Amerika (US)""]";"[""Belgien"", ""Chile"", ""Kroatien"", ""Tschechische Republik"", ""Dänemark"", ""Finnland"", ""Frankreich"", ""Island"", ""Israel"", ""Japan"", ""Litauen"", ""Lettland"", ""Neuseeland"", ""Norwegen"", ""Philippinen"", ""Russische Föderation"", ""Slowenien"", ""Südafrika"", ""Suriname"", ""Schweden"", ""Schweiz"", ""Taiwan"", ""Venezuela, Bolivarische Republik"", ""Österreich"", ""Australien"", ""China"", ""Deutschland"", ""Estland"", ""Spanien"", ""Georgien"", ""Ungarn"", ""Indien"", ""Mexiko"", ""Polen"", ""Slowakei"", ""Vereinigte Staaten von Amerika""]";"&bull;   Persönliches Interview : Computerunterstützte Befragung (CAPI/CAMI)
&bull;   Persönliches Interview : Papier-und-Bleistift (PAPI)
&bull;   Telefonisches Interview
&bull;   Selbstausgefüllter Fragebogen: Papier
&bull;   Selbstausgefüllter Fragebogen: Webbasiert (CAWI)
&bull;   Selbstausgefüllter Fragebogen: Computerunterstützt (CASI);
";;"&bull;   Wahrscheinlichkeitsauswahl: Einfache Zufallsauswahl
&bull;   Wahrscheinlichkeitsauswahl: Systematische Zufallsauswahl
&bull;   Wahrscheinlichkeitsauswahl: Geschichtete Zufallsauswahl
&bull;   Wahrscheinlichkeitsauswahl: Proportional geschichtete Zufallsauswahl
&bull;   Wahrscheinlichkeitsauswahl: Disproportional geschichtete Zufallsauswahl
&bull;   Wahrscheinlichkeitsauswahl: Mehrstufige Zufallsauswahl;
";;;"[""doi:10.4232/1.12848""]";;;;;;;, 2017-08-30,  https://doi.org/doi:10.4232/1.12848;"Carton, A., Vanderkelen, F., Gonzalez, R., Marinovi? Jerolimov, D., Ve?erník, J., Lund Clement, S., Andersen, J., . . . Hout, M. (2017). International Social Survey Programme: Work Orientations IV - ISSP 2015 (ZA6770; Version )  [Data set]. GESIS, Köln. https://doi.org/doi:10.4232/1.12848";"(ZA6770; Version )  [Data set]. GESIS, Köln. https://doi.org/doi:10.4232/1.12848";;;;;;"[""Belgium (BE)"", ""Chile (CL)"", ""Croatia (HR)"", ""Czech Republic (CZ)"", ""Denmark (DK)"", ""Finland (FI)"", ""France (FR)"", ""Iceland (IS)"", ""Israel (IL)"", ""Japan (JP)"", ""Lithuania (LT)"", ""Latvia (LV)"", ""New Zealand (NZ)"", ""Norway (NO)"", ""Philippines (PH)"", ""Russian Federation (RU)"", ""Slovenia (SI)"", ""South Africa (ZA)"", ""Suriname (SR)"", ""Sweden (SE)"", ""Switzerland (CH)"", ""Taiwan (TW)"", ""Venezuela, Bolivarian Republic of (VE)"", ""Austria (AT)"", ""Australia (AU)"", ""China (CN)"", ""Germany (DE)"", ""Estonia (EE)"", ""Spain (ES)"", ""Georgia (GE)"", ""Hungary (HU)"", ""India (IN)"", ""Mexico (MX)"", ""Poland (PL)"", ""Slovakia (SK)"", ""United States of America (US)""]";"[""Belgium"", ""Chile"", ""Croatia"", ""Czech Republic"", ""Denmark"", ""Finland"", ""France"", ""Iceland"", ""Israel"", ""Japan"", ""Lithuania"", ""Latvia"", ""New Zealand"", ""Norway"", ""Philippines"", ""Russian Federation"", ""Slovenia"", ""South Africa"", ""Suriname"", ""Sweden"", ""Switzerland"", ""Taiwan"", ""Venezuela, Bolivarian Republic of"", ""Austria"", ""Australia"", ""China"", ""Germany"", ""Estonia"", ""Spain"", ""Georgia"", ""Hungary"", ""India"", ""Mexico"", ""Poland"", ""Slovakia"", ""United States of America""]";"&bull;   Face-to-face interview: Computer-assisted (CAPI/CAMI)
&bull;   Face-to-face interview: Paper-and-pencil (PAPI)
&bull;   Telephone interview
&bull;   Self-administered questionnaire: Paper
&bull;   Self-administered questionnaire: Web-based (CAWI)
&bull;   Self-administered questionnaire: Computer-assisted (CASI);
";;;;"(ZA6770; Version ) [Data set]. GESIS, Cologne. https://doi.org/doi:10.4232/1.12848";"&bull;   Probability: Simple random
&bull;   Probability: Systematic random
&bull;   Probability: Stratified
&bull;   Probability: Stratified: Proportional
&bull;   Probability: Stratified: Disproportional
&bull;   Probability: Multistage;
";"Carton, A., Vanderkelen, F., Gonzalez, R., Marinovi? Jerolimov, D., Ve?erník, J., Lund Clement, S., Andersen, J., . . . Hout, M. (2017). International Social Survey Programme: Work Orientations IV - ISSP 2015 (ZA6770; Version ) [Data set]. GESIS, Cologne. https://doi.org/doi:10.4232/1.12848";"[""Face-to-face interview: Computer-assisted (CAPI/CAMI)"", ""Face-to-face interview: Paper-and-pencil (PAPI)"", ""Telephone interview"", ""Self-administered questionnaire: Paper"", ""Self-administered questionnaire: Web-based (CAWI)"", ""Self-administered questionnaire: Computer-assisted (CASI)""]";;GESIS-Datenarchiv;GESIS-DBK;0;1;1;10;;[];;;;"[{""label"": ""ZA6770_cdb.pdf  (Codebuch) 6.77 MB"", ""label_en"": ""ZA6770_cdb.pdf  (Codebook) 6.77 MB"", ""url"": ""https://access.gesis.org/dbk/62773"", ""secured"": ""false""}]";"[{""label"": ""ZA6770_bq.pdf Master (Fragebogen) 320.2 KB"", ""label_en"": ""ZA6770_bq.pdf Master (Questionnaire) 320.2 KB"", ""url"": ""https://access.gesis.org/dbk/61794"", ""secured"": ""false""}, {""label"": ""ZA6770_q_all.zip Alle Länder (Fragebogen) 51.29 MB"", ""label_en"": ""ZA6770_q_all.zip All countries (Questionnaire) 51.29 MB"", ""url"": ""https://access.gesis.org/dbk/61820"", ""secured"": ""false""}, {""label"": ""ZA6770_q_at.pdf Österreich (Fragebogen) 784.86 KB"", ""label_en"": ""ZA6770_q_at.pdf Austria (Questionnaire) 784.86 KB"", ""url"": ""https://access.gesis.org/dbk/62530"", ""secured"": ""false""}, {""label"": ""ZA6770_q_au.pdf Australien (Fragebogen) 5.18 MB"", ""label_en"": ""ZA6770_q_au.pdf Australia (Questionnaire) 5.18 MB"", ""url"": ""https://access.gesis.org/dbk/62531"", ""secured"": ""false""}, {""label"": ""ZA6770_q_be-fr.pdf Belgien (Französisch) (Fragebogen) 1.71 MB"", ""label_en"": ""ZA6770_q_be-fr.pdf Belgium (French) (Questionnaire) 1.71 MB"", ""url"": ""https://access.gesis.org/dbk/61821"", ""secured"": ""false""}, {""label"": ""ZA6770_q_be-nl.pdf Belgien (Flämisch) (Fragebogen) 1.67 MB"", ""label_en"": ""ZA6770_q_be-nl.pdf Belgium (Flemish) (Questionnaire) 1.67 MB"", ""url"": ""https://access.gesis.org/dbk/61822"", ""secured"": ""false""}, {""label"": ""ZA6770_q_ch.pdf Schweiz (Fragebogen) 484.84 KB"", ""label_en"": ""ZA6770_q_ch.pdf Switzerland (Questionnaire) 484.84 KB"", ""url"": ""https://access.gesis.org/dbk/61823"", ""secured"": ""false""}, {""label"": ""ZA6770_q_cl.pdf Chile (Fragebogen) 175.94 KB"", ""label_en"": ""ZA6770_q_cl.pdf Chile (Questionnaire) 175.94 KB"", ""url"": ""https://access.gesis.org/dbk/61824"", ""secured"": ""false""}, {""label"": ""ZA6770_q_cn.pdf China (Fragebogen) 1.24 MB"", ""label_en"": ""ZA6770_q_cn.pdf China (Questionnaire) 1.24 MB"", ""url"": ""https://access.gesis.org/dbk/62532"", ""secured"": ""false""}, {""label"": ""ZA6770_q_cz.pdf Tschechische Republik (Fragebogen) 734.33 KB"", ""label_en"": ""ZA6770_q_cz.pdf Czech Republic (Questionnaire) 734.33 KB"", ""url"": ""https://access.gesis.org/dbk/61825"", ""secured"": ""false""}, {""label"": ""ZA6770_q_de.pdf Deutschland (Fragebogen) 560.14 KB"", ""label_en"": ""ZA6770_q_de.pdf Germany (Questionnaire) 560.14 KB"", ""url"": ""https://access.gesis.org/dbk/62533"", ""secured"": ""false""}, {""label"": ""ZA6770_q_dk.pdf Dänemark (Fragebogen) 3.07 MB"", ""label_en"": ""ZA6770_q_dk.pdf Denmark (Questionnaire) 3.07 MB"", ""url"": ""https://access.gesis.org/dbk/61826"", ""secured"": ""false""}, {""label"": ""ZA6770_q_ee-et.pdf Estland (Estnisch) (Fragebogen) 1009.64 KB"", ""label_en"": ""ZA6770_q_ee-et.pdf Estonia (Estonian) (Questionnaire) 1009.64 KB"", ""url"": ""https://access.gesis.org/dbk/75949"", ""secured"": ""false""}, {""label"": ""ZA6770_q_ee-ru.pdf Estland (Russisch) (Fragebogen) 1 MB"", ""label_en"": ""ZA6770_q_ee-ru.pdf Estonia (Russian) (Questionnaire) 1 MB"", ""url"": ""https://access.gesis.org/dbk/62535"", ""secured"": ""false""}, {""label"": ""ZA6770_q_es.pdf Spanien (Fragebogen) 341.54 KB"", ""label_en"": ""ZA6770_q_es.pdf Spain (Questionnaire) 341.54 KB"", ""url"": ""https://access.gesis.org/dbk/62536"", ""secured"": ""false""}, {""label"": ""ZA6770_q_fi-fi.pdf Finnland (Finnisch) (Fragebogen) 989.44 KB"", ""label_en"": ""ZA6770_q_fi-fi.pdf Finland (Finnish) (Questionnaire) 989.44 KB"", ""url"": ""https://access.gesis.org/dbk/61827"", ""secured"": ""false""}, {""label"": ""ZA6770_q_fi-sv.pdf Finnland (Schwedisch) (Fragebogen) 943.84 KB"", ""label_en"": ""ZA6770_q_fi-sv.pdf Finland (Swedish) (Questionnaire) 943.84 KB"", ""url"": ""https://access.gesis.org/dbk/75950"", ""secured"": ""false""}, {""label"": ""ZA6770_q_fr.pdf Frankreich (Fragebogen) 409.14 KB"", ""label_en"": ""ZA6770_q_fr.pdf France (Questionnaire) 409.14 KB"", ""url"": ""https://access.gesis.org/dbk/61829"", ""secured"": ""false""}, {""label"": ""ZA6770_q_gb.pdf Vereinigtes Königreich (Fragebogen) 579.56 KB"", ""label_en"": ""ZA6770_q_gb.pdf United Kingdom (Questionnaire) 579.56 KB"", ""url"": ""https://access.gesis.org/dbk/61830"", ""secured"": ""false""}, {""label"": ""ZA6770_q_ge-ge.pdf Georgien (Georgisch) (Fragebogen) 1.05 MB"", ""label_en"": ""ZA6770_q_ge-ge.pdf Georgia (Georgian) (Questionnaire) 1.05 MB"", ""url"": ""https://access.gesis.org/dbk/62537"", ""secured"": ""false""}, {""label"": ""ZA6770_q_ge-ru.pdf Georgien (Russisch) (Fragebogen) 557.18 KB"", ""label_en"": ""ZA6770_q_ge-ru.pdf Georgia (Russian) (Questionnaire) 557.18 KB"", ""url"": ""https://access.gesis.org/dbk/62538"", ""secured"": ""false""}, {""label"": ""ZA6770_q_hr.pdf Kroatien (Fragebogen) 520.28 KB"", ""label_en"": ""ZA6770_q_hr.pdf Croatia (Questionnaire) 520.28 KB"", ""url"": ""https://access.gesis.org/dbk/61831"", ""secured"": ""false""}, {""label"": ""ZA6770_q_hu.pdf Ungarn (Fragebogen) 765.29 KB"", ""label_en"": ""ZA6770_q_hu.pdf Hungary (Questionnaire) 765.29 KB"", ""url"": ""https://access.gesis.org/dbk/62539"", ""secured"": ""false""}, {""label"": ""ZA6770_q_il-ar.pdf Israel (Arabisch) (Fragebogen) 1.08 MB"", ""label_en"": ""ZA6770_q_il-ar.pdf Israel (Arabic) (Questionnaire) 1.08 MB"", ""url"": ""https://access.gesis.org/dbk/61832"", ""secured"": ""false""}, {""label"": ""ZA6770_q_il-he.pdf Israel (Hebräisch) (Fragebogen) 569.52 KB"", ""label_en"": ""ZA6770_q_il-he.pdf Israel (Hebrew) (Questionnaire) 569.52 KB"", ""url"": ""https://access.gesis.org/dbk/61833"", ""secured"": ""false""}, {""label"": ""ZA6770_q_il-ru.pdf Israel (Russisch) (Fragebogen) 849.45 KB"", ""label_en"": ""ZA6770_q_il-ru.pdf Israel (Russian) (Questionnaire) 849.45 KB"", ""url"": ""https://access.gesis.org/dbk/61834"", ""secured"": ""false""}, {""label"": ""ZA6770_q_in-as.pdf Indien (Asamiya) (Fragebogen) 757.44 KB"", ""label_en"": ""ZA6770_q_in-as.pdf India (Asamiya) (Questionnaire) 757.44 KB"", ""url"": ""https://access.gesis.org/dbk/62540"", ""secured"": ""false""}, {""label"": ""ZA6770_q_in-bn.pdf Indien (Bengali) (Fragebogen) 744.45 KB"", ""label_en"": ""ZA6770_q_in-bn.pdf India (Bengali) (Questionnaire) 744.45 KB"", ""url"": ""https://access.gesis.org/dbk/62541"", ""secured"": ""false""}, {""label"": ""ZA6770_q_in-gu.pdf Indien (Gujarati) (Fragebogen) 584.35 KB"", ""label_en"": ""ZA6770_q_in-gu.pdf India (Gujarati) (Questionnaire) 584.35 KB"", ""url"": ""https://access.gesis.org/dbk/62542"", ""secured"": ""false""}, {""label"": ""ZA6770_q_in-hi.pdf Indien (Hindi) (Fragebogen) 492.01 KB"", ""label_en"": ""ZA6770_q_in-hi.pdf India (Hindi) (Questionnaire) 492.01 KB"", ""url"": ""https://access.gesis.org/dbk/62543"", ""secured"": ""false""}, {""label"": ""ZA6770_q_in-kn.pdf Indien (Kannada) (Fragebogen) 511.29 KB"", ""label_en"": ""ZA6770_q_in-kn.pdf India (Kannada) (Questionnaire) 511.29 KB"", ""url"": ""https://access.gesis.org/dbk/62544"", ""secured"": ""false""}, {""label"": ""ZA6770_q_in-ml.pdf Indien (Malayalam) (Fragebogen) 675.52 KB"", ""label_en"": ""ZA6770_q_in-ml.pdf India (Malayalam) (Questionnaire) 675.52 KB"", ""url"": ""https://access.gesis.org/dbk/62545"", ""secured"": ""false""}, {""label"": ""ZA6770_q_in-mr.pdf Indien (Marathi) (Fragebogen) 606.27 KB"", ""label_en"": ""ZA6770_q_in-mr.pdf India (Marathi) (Questionnaire) 606.27 KB"", ""url"": ""https://access.gesis.org/dbk/62546"", ""secured"": ""false""}, {""label"": ""ZA6770_q_in-or.pdf Indien (Oriya) (Fragebogen) 600.41 KB"", ""label_en"": ""ZA6770_q_in-or.pdf India (Oriya) (Questionnaire) 600.41 KB"", ""url"": ""https://access.gesis.org/dbk/62547"", ""secured"": ""false""}, {""label"": ""ZA6770_q_in-pa.pdf Indien (Panjabi) (Fragebogen) 453.27 KB"", ""label_en"": ""ZA6770_q_in-pa.pdf India (Punjabi) (Questionnaire) 453.27 KB"", ""url"": ""https://access.gesis.org/dbk/62548"", ""secured"": ""false""}, {""label"": ""ZA6770_q_in-ta.pdf Indien (Tamil) (Fragebogen) 297.09 KB"", ""label_en"": ""ZA6770_q_in-ta.pdf India (Tamil) (Questionnaire) 297.09 KB"", ""url"": ""https://access.gesis.org/dbk/62549"", ""secured"": ""false""}, {""label"": ""ZA6770_q_in-te.pdf Indien (Telugu) (Fragebogen) 507.63 KB"", ""label_en"": ""ZA6770_q_in-te.pdf India (Telugu) (Questionnaire) 507.63 KB"", ""url"": ""https://access.gesis.org/dbk/62550"", ""secured"": ""false""}, {""label"": ""ZA6770_q_is-en.pdf Island (Englisch) (Fragebogen) 1.03 MB"", ""label_en"": ""ZA6770_q_is-en.pdf Iceland (English) (Questionnaire) 1.03 MB"", ""url"": ""https://access.gesis.org/dbk/61835"", ""secured"": ""false""}, {""label"": ""ZA6770_q_is-is.pdf Island (Isländisch) (Fragebogen) 1.51 MB"", ""label_en"": ""ZA6770_q_is-is.pdf Iceland (Icelandic) (Questionnaire) 1.51 MB"", ""url"": ""https://access.gesis.org/dbk/61836"", ""secured"": ""false""}, {""label"": ""ZA6770_q_jp.pdf Japan (Fragebogen) 304.73 KB"", ""label_en"": ""ZA6770_q_jp.pdf Japan (Questionnaire) 304.73 KB"", ""url"": ""https://access.gesis.org/dbk/61837"", ""secured"": ""false""}, {""label"": ""ZA6770_q_lt.pdf Litauen (Fragebogen) 838.36 KB"", ""label_en"": ""ZA6770_q_lt.pdf Lithuania (Questionnaire) 838.36 KB"", ""url"": ""https://access.gesis.org/dbk/61838"", ""secured"": ""false""}, {""label"": ""ZA6770_q_lv-lv.pdf Lettland (Lettisch) (Fragebogen) 501.45 KB"", ""label_en"": ""ZA6770_q_lv-lv.pdf Latvia (Latvian) (Questionnaire) 501.45 KB"", ""url"": ""https://access.gesis.org/dbk/61839"", ""secured"": ""false""}, {""label"": ""ZA6770_q_lv-ru.pdf Lettland (Russisch) (Fragebogen) 525.25 KB"", ""label_en"": ""ZA6770_q_lv-ru.pdf Latvia (Russian) (Questionnaire) 525.25 KB"", ""url"": ""https://access.gesis.org/dbk/61840"", ""secured"": ""false""}, {""label"": ""ZA6770_q_mx.pdf Mexiko (Fragebogen) 197.78 KB"", ""label_en"": ""ZA6770_q_mx.pdf Mexico (Questionnaire) 197.78 KB"", ""url"": ""https://access.gesis.org/dbk/62551"", ""secured"": ""false""}, {""label"": ""ZA6770_q_no.pdf Norwegen (Fragebogen) 449.98 KB"", ""label_en"": ""ZA6770_q_no.pdf Norway (Questionnaire) 449.98 KB"", ""url"": ""https://access.gesis.org/dbk/61841"", ""secured"": ""false""}, {""label"": ""ZA6770_q_nz.pdf Neuseeland (Fragebogen) 3.31 MB"", ""label_en"": ""ZA6770_q_nz.pdf New Zealand (Questionnaire) 3.31 MB"", ""url"": ""https://access.gesis.org/dbk/61842"", ""secured"": ""false""}, {""label"": ""ZA6770_q_ph-bik.pdf Philippinen (Bikolano) (Fragebogen) 1.27 MB"", ""label_en"": ""ZA6770_q_ph-bik.pdf Philippines (Bicolano) (Questionnaire) 1.27 MB"", ""url"": ""https://access.gesis.org/dbk/61843"", ""secured"": ""false""}, {""label"": ""ZA6770_q_ph-ceb.pdf Philippinen (Cebuano) (Fragebogen) 1.3 MB"", ""label_en"": ""ZA6770_q_ph-ceb.pdf Philippines (Cebuano) (Questionnaire) 1.3 MB"", ""url"": ""https://access.gesis.org/dbk/61844"", ""secured"": ""false""}, {""label"": ""ZA6770_q_ph-fil.pdf Philippinen (Filipino) (Fragebogen) 472.57 KB"", ""label_en"": ""ZA6770_q_ph-fil.pdf Philippines (Filipino) (Questionnaire) 472.57 KB"", ""url"": ""https://access.gesis.org/dbk/61845"", ""secured"": ""false""}, {""label"": ""ZA6770_q_ph-hil.pdf Philippinen (Hiligaynon) (Fragebogen) 1.22 MB"", ""label_en"": ""ZA6770_q_ph-hil.pdf Philippines (Hiligaynon) (Questionnaire) 1.22 MB"", ""url"": ""https://access.gesis.org/dbk/61846"", ""secured"": ""false""}, {""label"": ""ZA6770_q_ph-ilo.pdf Philippinen (Ilokano) (Fragebogen) 1.23 MB"", ""label_en"": ""ZA6770_q_ph-ilo.pdf Philippines (Iluko) (Questionnaire) 1.23 MB"", ""url"": ""https://access.gesis.org/dbk/61893"", ""secured"": ""false""}, {""label"": ""ZA6770_q_ph-mrw.pdf Philippinen (Maranao) (Fragebogen) 1.21 MB"", ""label_en"": ""ZA6770_q_ph-mrw.pdf Philippines (Maranao) (Questionnaire) 1.21 MB"", ""url"": ""https://access.gesis.org/dbk/61848"", ""secured"": ""false""}, {""label"": ""ZA6770_q_pl.pdf Polen (Fragebogen) 1.24 MB"", ""label_en"": ""ZA6770_q_pl.pdf Poland (Questionnaire) 1.24 MB"", ""url"": ""https://access.gesis.org/dbk/62552"", ""secured"": ""false""}, {""label"": ""ZA6770_q_ru.pdf Russland (Fragebogen) 407.57 KB"", ""label_en"": ""ZA6770_q_ru.pdf Russia (Questionnaire) 407.57 KB"", ""url"": ""https://access.gesis.org/dbk/61849"", ""secured"": ""false""}, {""label"": ""ZA6770_q_se.pdf Schweden (Fragebogen) 396.82 KB"", ""label_en"": ""ZA6770_q_se.pdf Sweden (Questionnaire) 396.82 KB"", ""url"": ""https://access.gesis.org/dbk/61850"", ""secured"": ""false""}, {""label"": ""ZA6770_q_si.pdf Slowenien (Fragebogen) 883.93 KB"", ""label_en"": ""ZA6770_q_si.pdf Slovenia (Questionnaire) 883.93 KB"", ""url"": ""https://access.gesis.org/dbk/61851"", ""secured"": ""false""}, {""label"": ""ZA6770_q_sk.pdf Slowakische Republik (Fragebogen) 254.38 KB"", ""label_en"": ""ZA6770_q_sk.pdf Slovakian Republic (Questionnaire) 254.38 KB"", ""url"": ""https://access.gesis.org/dbk/62553"", ""secured"": ""false""}, {""label"": ""ZA6770_q_sr.pdf Suriname (Fragebogen) 562.02 KB"", ""label_en"": ""ZA6770_q_sr.pdf Suriname (Questionnaire) 562.02 KB"", ""url"": ""https://access.gesis.org/dbk/61852"", ""secured"": ""false""}, {""label"": ""ZA6770_q_tw.pdf Taiwan (Fragebogen) 366.22 KB"", ""label_en"": ""ZA6770_q_tw.pdf Taiwan (Questionnaire) 366.22 KB"", ""url"": ""https://access.gesis.org/dbk/61853"", ""secured"": ""false""}, {""label"": ""ZA6770_q_us-en.pdf Vereinigte Staaten von Amerika / USA (Englisch) (Fragebogen) 236.13 KB"", ""label_en"": ""ZA6770_q_us-en.pdf United States of America / USA (English) (Questionnaire) 236.13 KB"", ""url"": ""https://access.gesis.org/dbk/62554"", ""secured"": ""false""}, {""label"": ""ZA6770_q_us-es.pdf Vereinigte Staaten von Amerika / USA (Spanisch) (Fragebogen) 236.8 KB"", ""label_en"": ""ZA6770_q_us-es.pdf United States of America / USA (Spanish) (Questionnaire) 236.8 KB"", ""url"": ""https://access.gesis.org/dbk/62555"", ""secured"": ""false""}, {""label"": ""ZA6770_q_ve.pdf Venezuela (Fragebogen) 271.97 KB"", ""label_en"": ""ZA6770_q_ve.pdf Venezuela (Questionnaire) 271.97 KB"", ""url"": ""https://access.gesis.org/dbk/61854"", ""secured"": ""false""}, {""label"": ""ZA6770_q_za-af.pdf Südafrika (Afrikaans) (Fragebogen) 323.54 KB"", ""label_en"": ""ZA6770_q_za-af.pdf South Africa (Afrikaans) (Questionnaire) 323.54 KB"", ""url"": ""https://access.gesis.org/dbk/61855"", ""secured"": ""false""}, {""label"": ""ZA6770_q_za-tn.pdf Südafrika (Tswana) (Fragebogen) 318.88 KB"", ""label_en"": ""ZA6770_q_za-tn.pdf South Africa (Tswana) (Questionnaire) 318.88 KB"", ""url"": ""https://access.gesis.org/dbk/61856"", ""secured"": ""false""}, {""label"": ""ZA6770_q_za-ts.pdf Südafrika (Tsonga) (Fragebogen) 317.38 KB"", ""label_en"": ""ZA6770_q_za-ts.pdf South Africa (Tsonga) (Questionnaire) 317.38 KB"", ""url"": ""https://access.gesis.org/dbk/61857"", ""secured"": ""false""}, {""label"": ""ZA6770_q_za-ve.pdf Südafrika (Venda) (Fragebogen) 545.33 KB"", ""label_en"": ""ZA6770_q_za-ve.pdf South Africa (Venda) (Questionnaire) 545.33 KB"", ""url"": ""https://access.gesis.org/dbk/61858"", ""secured"": ""false""}, {""label"": ""ZA6770_q_za-xh.pdf Südafrika (Xhosa) (Fragebogen) 314.64 KB"", ""label_en"": ""ZA6770_q_za-xh.pdf South Africa (Xhosa) (Questionnaire) 314.64 KB"", ""url"": ""https://access.gesis.org/dbk/61859"", ""secured"": ""false""}, {""label"": ""ZA6770_q_za-zu.pdf Südafrika (Zulu) (Fragebogen) 297.71 KB"", ""label_en"": ""ZA6770_q_za-zu.pdf South Africa (Zulu) (Questionnaire) 297.71 KB"", ""url"": ""https://access.gesis.org/dbk/61860"", ""secured"": ""false""}]";;;;;"[""Querschnitt""]";;;"[""Cross-section""]";"[""Wahrscheinlichkeitsauswahl: Einfache Zufallsauswahl"", ""Wahrscheinlichkeitsauswahl: Systematische Zufallsauswahl"", ""Wahrscheinlichkeitsauswahl: Geschichtete Zufallsauswahl"", ""Wahrscheinlichkeitsauswahl: Proportional geschichtete Zufallsauswahl"", ""Wahrscheinlichkeitsauswahl: Disproportional geschichtete Zufallsauswahl"", ""Wahrscheinlichkeitsauswahl: Mehrstufige Zufallsauswahl""]";"<table id=""version_table""><thead><tr><th>Versionsnummer</th><th>Datum, Name, DOI</th></tr></thead><tbody><tr><td></td><td>2017-08-30  (aktuelle Version) <a href=""https://doi.org/doi:10.4232/1.12848"">https://doi.org/doi:10.4232/1.12848</a></td></tr></tbody></table>";"<table id=""version_table""><thead><tr><th>Version number</th><th>Date, Name, DOI</th></tr></thead><tbody><tr><td></td><td>2017-08-30  (current version) <a href=""https://doi.org/doi:10.4232/1.12848"">https://doi.org/doi:10.4232/1.12848</a></td></tr><tbody></table>";"[""Probability: Simple random"", ""Probability: Systematic random"", ""Probability: Stratified"", ""Probability: Stratified: Proportional"", ""Probability: Stratified: Disproportional"", ""Probability: Multistage""]";;;International Social Survey Programme: Work Orientations IV - ISSP 2015;;;;;;;;;;ZA6770;"[""Carton, Ann - Vlaamse Overheid, Studiedienst van de Vlaamse Regering (Research Centre of the Flemish Government"", ""Vanderkelen, Françoise - Walloon Institute of Assessment, Forecasting and Statistics (IWEPS"", ""Gonzalez, Ricardo - Centro de Estudios Públicos (CEP"", ""Marinovi? Jerolimov, Dinka - Institute for Social Research, Zagreb, Croatia"", ""Ve?erník, Ji?í - Institute of Sociology, Academy of Sciences of the Czech Republic, Praha, Czech Republic"", ""Lund Clement, Sanne - Department of Political Science, Aalborg University, Denmark"", ""Andersen, Johannes - Department of Political Science, Aalborg University, Denmark"", ""Shamshiri-Petersen, Ditte - Department of Political Science, Aalborg University, Denmark"", ""Andersen, Jørgen G. - Department of Political Science, Aalborg University, Denmark"", ""Frederiksen, Morten - Department of Political Science, Aalborg University, Denmark"", ""Severin, Majbritt C. - Department of Political Science, Aalborg University, Denmark"", ""Holt, Steffen - Department of Political Science, Aalborg University, Denmark"", ""Nielsen, Alex S. - Department of Political Science, Aalborg University, Denmark"", ""Borregaard, Nicolaj - Department of Political Science, Aalborg University, Denmark"", ""Melin, Harri - University of Tampere, Finland"", ""Blom, Raimo - University of Tampere, Finland"", ""Gonthier, Frédéric - PACTE, Institut d´Etudes Politiques de Grenoble, Domaine Universitaire, Grenoble, France"", ""Forsé, Michel - Centre Maurice Halbwachs, Paris, France"", ""Clery, Liz - National Centre for Social Research (NatCen"", ""Phillips, Miranda - National Centre for Social Research (NatCen"", ""Jónsdóttir, Guðbjörg A. - Social Science Research Institute, University of Iceland, Reykjavík, Iceland"", ""Einarsson, Hafsteinn - Social Science Research Institute, University of Iceland, Reykjavík, Iceland"", ""Lewin-Epstein, Noah - B.I. and Lucille Cohen, Institute for public opinion research, Tel Aviv, Israel"", ""Aramaki, Hiroshi - NHK Broadcasting Culture Research Institute, Tokyo, Japan"", ""Murata, Hiroko - NHK Broadcasting Culture Research Institute, Tokyo, Japan"", ""Niklass, Mareks - Advanced Social and Political Research Institute (ASPRI"", ""Krupavi?ius, Algis - Institute of Public Policy and Administration, Kaunas University of Technology, Lithuania"", ""Boxall, Peter - Auckland Business School, University of Auckland, New Zealand"", ""Humpage, Louise - Department of Sociology, University of Auckland, New Zealand"", ""McMillan, Kate - School of History, Philosophy, Political Science and International Relations, Victoria University Wellington, New Zealand"", ""Milne, Barry - Centre of Methods and Policy Application in the Social Sciences (COMPASS"", ""Randow, Martin von - Centre of Methods and Policy Application in the Social Sciences (COMPASS"", ""Kolsrud, Kirstine - Norwegian Social Science Data Services (NSD"", ""Skjåk, Knut K. - Norwegian Social Science Data Services (NSD"", ""Social Weather Stations, Quezon City, Philippines - "", ""Khakhulina, Ludmila - Levada-Center, Moscow, Russia"", ""Hafner-Fink, Mitja - Public Opinion and Mass Communication Research Centre (CJMMK"", ""Malnar, Brina - Public Opinion and Mass Communication Research Centre (CJMMK"", ""Struwig, Jare - Human Sciences Research Council, Pretoria, South Africa"", ""Riedewald, Regien - Anton de Kom University of Suriname, Paramaribo, Suriname"", ""Edlund, Jonas - Department of Sociology, Umea University, Sweden"", ""FORS, c/o University of Lausanne, Switzerland - "", ""Fu, Yang-chih - Institute of Sociology, Academia Sinica, Taipei City, Taiwan"", ""Briceño-León, Roberto - Laboratorio de Ciencias Sociales (LACSO"", ""Bacher, Johann - Institute of Sociology, Johannes Kepler University Linz, Austria"", ""Höllinger, Franz - University of Graz, Austria"", ""Verwiebe, Roland - Institute of Sociology, University of Vienna, Austria"", ""Evans, Ann - Australian National University, Canberra, Australia"", ""Blunsdon, Betsy - Australian Consortium for Social and Political Research Inc. (ACSPRI"", ""Li, Lulu - Renmin University of China, Beijing, China"", ""Wolf, Christof - GESIS Leibniz-Institut für Sozialwissenschaften, Germany"", ""Roosalu, Triin - Institute of International and Social Studies, Tallinn University, Tallinn, Estonia"", ""Kazjulja, Margarita - Institute of International and Social Studies, Tallinn University, Tallinn, Estonia"", ""Kall, Kairit - Institute of International and Social Studies, Tallinn University, Tallinn, Estonia"", ""Méndez Lago, Mónica - Centro de Investigaciones Sociológicas (CIS"", ""Tsuladze, Lia - Center for Social Sciences (CSS"", ""Kolosi, Tamás - TÁRKI Social Research Institute, Budapest, Hungary"", ""Deshmukh, Yashwant R. - CVoter News Services Pvt. Ltd., Noida, India"", ""Morones, César - Institute of Marketing and Opinion (IMO"", ""Moran, Mauricio - Institute of Marketing and Opinion (IMO"", ""Palacios, Felipe - Institute of Marketing and Opinion (IMO"", ""Zieli?ski, Marcin W. - The Robert B. Zajonc Institute for Social Studies, University of Warsaw (ISS UW"", ""Jerzy?ski, Tomasz - The Robert B. Zajonc Institute for Social Studies, University of Warsaw (ISS UW"", ""Bahna, Miloslav - Institute for Sociology, Slovak Academy of Sciences, Bratislava, Slovakia"", ""Smith, Tom W. - National Opinion Research Center (NORC"", ""Davern, Michael - National Opinion Research Center (NORC"", ""Freese, Jeremy - Northwestern University, Evanston, USA"", ""Hout, Michael - New York University, New York, USA""]";"[""BE"", ""CL"", ""HR"", ""CZ"", ""DK"", ""FI"", ""FR"", ""IS"", ""IL"", ""JP"", ""LT"", ""LV"", ""NZ"", ""NO"", ""PH"", ""RU"", ""SI"", ""ZA"", ""SR"", ""SE"", ""CH"", ""TW"", ""VE"", ""AT"", ""AU"", ""CN"", ""DE"", ""EE"", ""ES"", ""GE"", ""HU"", ""IN"", ""MX"", ""PL"", ""SK"", ""US""]";[];0;51668;"[""""]";"[""tional Social Survey Programme (ISSP)"", ""Module Topic: Work Orientations""]";"[""""]";"[""2017-08-30""]";A;Daten und Dokumente sind für die akademische Forschung und Lehre freigegeben.;Data and documents are released for academic research and teaching.;"[""Das International Social Survey Programme (ISSP) ist ein internationales Kooperationsprogramm, das jährlich eine Umfrage zu sozialwissenschaftlich relevanten Themen durchführt. Seit 1985 stellt das ISSP internationale Datensätze bereit, die internationale und kulturübergreifende sozialwissenschaftliche Forschung über Zeit ermöglichen."", ""Die ISSP-Module 'Work Orientations' befassen sich hauptsächlich mit Themen wie Beschäftigungsverhältnisse, Arbeitsplatzmerkmale, subjektives Erleben des Arbeitsplatzes, Arbeitsergebnisse, Vereinbarkeit von Beruf und Privatleben, Zentralität der Arbeit sowie Solidarität und Konflikte in Arbeitsbeziehungen.""]";"[""tern"", ""SP -""]";N;"[""2015-10-14 - 2016-03-22, Belgien"", ""2015-04-06 - 2015-05-03, Chile"", ""2016-07-01 - 2016-07-26, Kroatien"", ""2015-03-31 - 2015-05-20, Tschechische Republik"", ""2016-05-15 - 2016-07-19, Dänemark"", ""2015-09-22 - 2015-12-16, Finnland"", ""2015-02 - 2015-09, Frankreich"", ""2015-07-06 - 2015-11-06, Großbritannien"", ""2016-05-26 - 2016-08-31, Island"", ""2015-12-23 - 2016-04-05, Israel"", ""2015-10-24 - 2015-11-01, Japan"", ""2015-10-08 - 2015-12-01, Litauen"", ""2016-08-27 - 2016-09-25, Lettland"", ""2015-07-08 - 2015-11-16, Neuseeland"", ""2015-10-20 - 2016-01-06, Norwegen"", ""2016-03-16 - 2016-03-20, Philippinen"", ""2015-03-26 - 2015-03-31, Russland"", ""2015-11-14 - 2016-02-23, Slowenien"", ""2015-10-01 - 2016-03-01, Südafrika"", ""2015-06-24 - 2017-02-02, Suriname"", ""2016-04-01 - 2016-05-11, Schweden"", ""2015-02-12 - 2015-07-10, Schweiz"", ""2015-02-08 - 2015-11-01, Taiwan"", ""2015-01-19 - 2015-02-08, Venezuela"", ""2015-07-09 - 2016-08-16, Österreich"", ""2015-08-17 - 2016-04-14, Australien"", ""2015-07-01 - 2015-10-31, China"", ""2016-04-05 - 2016-09-17, Deutschland"", ""2015-09 - 2015-10, Estland"", ""2016-04-11 - 2016-06-29, Spanien"", ""2016-06-05 - 2016-07-23, Georgien"", ""2015-10-16 - 2015-10-23, Ungarn"", ""2017-02-22 - 2017-04-06, Indien"", ""2017-02-10 - 2017-04-03, Mexiko"", ""2015-03-01 - 2015-06-26, Polen"", ""2016-09-11 - 2016-10-29, Slowakei"", ""2016-04-05 - 2016-11-19, Vereinigte Staaten""]";info:eu-repo/semantics/restrictedAccess;colectica;30.08.2017 02:00;International Social Survey Programme: Work Orientations IV - ISSP 2015;"Work centrality (a job is just a way of earning money vs. would enjoy having a paid job even if the money is not needed); importance of selected demands of a job like job security, high income, etc. (work values); work life balance: willingness to give up good job opportunities for the benefit of the family; willingness to remain in a job that is not satisfying for the benefit of the family; conflict and social exclusion: experience of discrimination with regard to work, for instance when applying for a job; main reason for the discrimination; experience of harassment at the workplace by superiors or co-workers (for example bullying, physical or psychological abuse); solidarity and conflict with regard to trade unions (workers need strong trade unions to protect their interests vs. strong trade unions are bad for the country´s economy); preferred employment arrangements (full-time, part-time, less than 10 hours a week, no paid job at all); currently working for pay (employment status); preference for more work (and money) or for reduction in working hours (work longer hours and earn more money, work the same number of hours and earn the same money, or work fewer hours and earn less money); characteristics (social dimension) of own job; subjective experience of job: frequency of hard physical work and stressful work; non-standard employment: frequency of working at home during the usual working hours and working on weekends; job and working flexibility concerning starting and finishing times; non-standard employment: usual working schedule in the main job; job and working flexibility: organisation of daily work (free decision, decision within certain limits, no free decision); work life balance: difficult to take an hour off during working hours to take care of personal or family matters; demands of the job interfere with the family life and the demands of family life interfere with the job; human capital: usefulness of the abilities learned from past work experience for the present job; job training over the past twelve months to improve job skills; judgement on the relations between management and employees and the relations between workmates/ colleagues (working atmosphere); outcome of work: work satisfaction in the main job; identification with firm or organisation; occupational commitment (would change the present type of work for something different, proud of the present type of work); employability/ new job: expected difficulties in finding a new job at least as good as the current one; likeliness of job search in the next twelve months; worried about the possibility of losing own job; job and working flexibility: accepted concessions to avoid unemployment (acceptance of a job that requires new skills, acceptance of a lower paid position, acceptance of temporary employment, longer travel to reach the place of work, movement within the country, movement to a different country); existence of a side job in addition to the main job; earning from the additional job(s) in total compared with the main job.

Respondents who are not currently employed were asked: ever worked for pay for one year or more; month and year the last paid job ended; work satisfaction in the last job; main reason for the end of last employment; interest in finding a paid job; expected difficulties in finding a new job; worried about the possibility of not finding a job; accepted concessions in order to get a job (acceptance of a job that requires new skills, acceptance of a lower paid position, acceptance of temporary employment, longer travel to reach the place of work, movement within the country, movement to a different country); job seeking activities in the past twelve months and training to improve own job skills; currently looking for a job; main source of economic support; worried about the possibility of losing this main economic support.

Optional items: recent work histories: ever worked for pay over the past five years; experience of selected changes in working life (unemployment for a period longer than three months, change of the employer, change of the occupation, started own business/ became self-employed, took up an additional job); self-assessment of current financial situation; change of current financial situation compared to five years ago; expected financial situation in five years; attitude towards senior citizens´ work (good for the country´s economy, employed people aged 60 and over take jobs away from younger people).

Optional background variable: self-assessment of physical and mental health.

Additional compulsory background variable: age of the youngest child in the household.

Demography: sex; age; year of birth; years in school; education (country specific); highest completed degree; work status; hours worked weekly; employment relationship; number of employees; supervision of employees; number of supervised employees; type of organisation: for-profit vs. non profit and public vs. private; occupation (ISCO-08); main employment status; living in steady partnership; union membership; religious affiliation or denomination (country specific); groups of religious denominations; attendance of religious services; top-bottom self-placement; vote in last general election; country specific party voted in last general election; party voted (left-right); self-assessed affiliation of ethnic group 1 and 2 (country specific); number of children; number of toddlers; size of household; earnings of respondent (country specific); family income (country specific); father´s and mother´s country of birth; marital status; place of living: urban – rural; region (country specific).

Information about spouse/ partner on: work status; hours worked weekly; employment relationship; supervises other employees; occupation (ISCO-08); main employment status.

Additionally encoded: respondent-ID number; date of interview (year, month, day); case substitution flag; mode of data collection; weight.";[];"[""[]""]";;[];"[""The International Social Survey Programme (ISSP) is a continuing annual program of cross-national survey collaboration, covering a wide range of topics important for social science research. Since 1985 the ISSP provides international data sets, enabling cross-cultural and cross-temporal research."", ""ISSP Work Orientations modules mainly deal with issues, such as employment arrangements, job characteristics, subjective experience of job, outcome of work, work-life balance, work centrality, and solidarity and conflict in work relations.""]";"[""2015-10-14 - 2016-03-22, Belgium"", ""2015-04-06 - 2015-05-03, Chile"", ""2016-07-01 - 2016-07-26, Croatia"", ""2015-03-31 - 2015-05-20, Czech Republic"", ""2016-05-15 - 2016-07-19, Denmark"", ""2015-09-22 - 2015-12-16, Finland"", ""2015-02 - 2015-09, France"", ""2015-07-06 - 2015-11-06, Great Britain"", ""2016-05-26 - 2016-08-31, Iceland"", ""2015-12-23 - 2016-04-05, Israel"", ""2015-10-24 - 2015-11-01, Japan"", ""2015-10-08 - 2015-12-01, Lithuania"", ""2016-08-27 - 2016-09-25, Latvia"", ""2015-07-08 - 2015-11-16, New Zealand"", ""2015-10-20 - 2016-01-06, Norway"", ""2016-03-16 - 2016-03-20, Philippines"", ""2015-03-26 - 2015-03-31, Russia"", ""2015-11-14 - 2016-02-23, Slovenia"", ""2015-10-01 - 2016-03-01, South Africa"", ""2015-06-24 - 2017-02-02, Suriname"", ""2016-04-01 - 2016-05-11, Sweden"", ""2015-02-12 - 2015-07-10, Switzerland"", ""2015-02-08 - 2015-11-01, Taiwan"", ""2015-01-19 - 2015-02-08, Venezuela"", ""2015-07-09 - 2016-08-16, Austria"", ""2015-08-17 - 2016-04-14, Australia"", ""2015-07-01 - 2015-10-31, China"", ""2016-04-05 - 2016-09-17, Germany"", ""2015-09 - 2015-10, Estonia"", ""2016-04-11 - 2016-06-29, Spain"", ""2016-06-05 - 2016-07-23, Georgia"", ""2015-10-16 - 2015-10-23, Hungary"", ""2017-02-22 - 2017-04-06, India"", ""2017-02-10 - 2017-04-03, Mexico"", ""2015-03-01 - 2015-06-26, Poland"", ""2016-09-11 - 2016-10-29, Slovakia"", ""2016-04-05 - 2016-11-19, United States""]";"[""tional Social Survey Programme (ISSP)"", ""Module Topic: Work Orientations""]";[];"[""wrldissp2006_logo200.jpg"", ""wrldissp2006_logo200.jpg""]";"[""Individuum""]";"[""Numerisch""]";"[""Persönliches Interview : Computerunterstützte Befragung (CAPI/CAMI)"", ""Persönliches Interview : Papier-und-Bleistift (PAPI)"", ""Telefonisches Interview"", ""Selbstausgefüllter Fragebogen: Papier"", ""Selbstausgefüllter Fragebogen: Webbasiert (CAWI)"", ""Selbstausgefüllter Fragebogen: Computerunterstützt (CASI)""]";"[""Individual""]";"[""Numeric""]";"[""ISSP Research Group -  - ""]";"[{""label"": ""ZA6770_v2-1-0.dta.zip Stata (Datensatz) 3.52 MB"", ""label_en"": ""ZA6770_v2-1-0.dta.zip Stata (Dataset) 3.52 MB"", ""url"": ""https://access.gesis.org/dbk/62774"", ""secured"": ""true"", ""format"": """", ""filesize"": ""3689688""}, {""label"": ""ZA6770_v2-1-0.por.zip SPSS portable (Datensatz) 6.73 MB"", ""label_en"": ""ZA6770_v2-1-0.por.zip SPSS portable (Dataset) 6.73 MB"", ""url"": ""https://access.gesis.org/dbk/62775"", ""secured"": ""true"", ""format"": """", ""filesize"": ""7059179""}, {""label"": ""ZA6770_v2-1-0.sav.zip SPSS (Datensatz) 5.7 MB"", ""label_en"": ""ZA6770_v2-1-0.sav.zip SPSS (Dataset) 5.7 MB"", ""url"": ""https://access.gesis.org/dbk/62776"", ""secured"": ""true"", ""format"": """", ""filesize"": ""5981015""}]";"[{""label"": ""ZA6770_backgroundvar_all.zip Alle Länder (sonstiges) 10.39 MB"", ""label_en"": ""ZA6770_backgroundvar_all.zip All countries (Other Document) 10.39 MB"", ""url"": ""https://access.gesis.org/dbk/61769"", ""secured"": ""false""}, {""label"": ""ZA6770_backgroundvar_be.pdf Belgien (sonstiges) 357.83 KB"", ""label_en"": ""ZA6770_backgroundvar_be.pdf Belgium (Other Document) 357.83 KB"", ""url"": ""https://access.gesis.org/dbk/61770"", ""secured"": ""false""}, {""label"": ""ZA6770_backgroundvar_ch.pdf Schweiz (sonstiges) 565.27 KB"", ""label_en"": ""ZA6770_backgroundvar_ch.pdf Switzerland (Other Document) 565.27 KB"", ""url"": ""https://access.gesis.org/dbk/61771"", ""secured"": ""false""}, {""label"": ""ZA6770_backgroundvar_cl.pdf Chile (sonstiges) 232.91 KB"", ""label_en"": ""ZA6770_backgroundvar_cl.pdf Chile (Other Document) 232.91 KB"", ""url"": ""https://access.gesis.org/dbk/61772"", ""secured"": ""false""}, {""label"": ""ZA6770_backgroundvar_cz.pdf Tschechische Republik (sonstiges) 450.9 KB"", ""label_en"": ""ZA6770_backgroundvar_cz.pdf Czech Republic (Other Document) 450.9 KB"", ""url"": ""https://access.gesis.org/dbk/61773"", ""secured"": ""false""}, {""label"": ""ZA6770_backgroundvar_dk.pdf Dänemark (sonstiges) 280.21 KB"", ""label_en"": ""ZA6770_backgroundvar_dk.pdf Denmark (Other Document) 280.21 KB"", ""url"": ""https://access.gesis.org/dbk/61774"", ""secured"": ""false""}, {""label"": ""ZA6770_backgroundvar_fi.pdf Finnland (sonstiges) 312.73 KB"", ""label_en"": ""ZA6770_backgroundvar_fi.pdf Finland (Other Document) 312.73 KB"", ""url"": ""https://access.gesis.org/dbk/61775"", ""secured"": ""false""}, {""label"": ""ZA6770_backgroundvar_fr.pdf Frankreich (sonstiges) 284.94 KB"", ""label_en"": ""ZA6770_backgroundvar_fr.pdf France (Other Document) 284.94 KB"", ""url"": ""https://access.gesis.org/dbk/61776"", ""secured"": ""false""}, {""label"": ""ZA6770_backgroundvar_gb.pdf Vereinigtes Königreich (sonstiges) 303.66 KB"", ""label_en"": ""ZA6770_backgroundvar_gb.pdf United Kingdom (Other Document) 303.66 KB"", ""url"": ""https://access.gesis.org/dbk/61777"", ""secured"": ""false""}, {""label"": ""ZA6770_backgroundvar_hr.pdf Kroatien (sonstiges) 377.17 KB"", ""label_en"": ""ZA6770_backgroundvar_hr.pdf Croatia (Other Document) 377.17 KB"", ""url"": ""https://access.gesis.org/dbk/61778"", ""secured"": ""false""}, {""label"": ""ZA6770_backgroundvar_il.pdf Israel (sonstiges) 425.33 KB"", ""label_en"": ""ZA6770_backgroundvar_il.pdf Israel (Other Document) 425.33 KB"", ""url"": ""https://access.gesis.org/dbk/61779"", ""secured"": ""false""}, {""label"": ""ZA6770_backgroundvar_is.pdf Island (sonstiges) 259.84 KB"", ""label_en"": ""ZA6770_backgroundvar_is.pdf Iceland (Other Document) 259.84 KB"", ""url"": ""https://access.gesis.org/dbk/61780"", ""secured"": ""false""}, {""label"": ""ZA6770_backgroundvar_jp.pdf Japan (sonstiges) 249.04 KB"", ""label_en"": ""ZA6770_backgroundvar_jp.pdf Japan (Other Document) 249.04 KB"", ""url"": ""https://access.gesis.org/dbk/61781"", ""secured"": ""false""}, {""label"": ""ZA6770_backgroundvar_lt.pdf Litauen (sonstiges) 443.6 KB"", ""label_en"": ""ZA6770_backgroundvar_lt.pdf Lithuania (Other Document) 443.6 KB"", ""url"": ""https://access.gesis.org/dbk/61782"", ""secured"": ""false""}, {""label"": ""ZA6770_backgroundvar_lv.pdf Lettland (sonstiges) 260.74 KB"", ""label_en"": ""ZA6770_backgroundvar_lv.pdf Latvia (Other Document) 260.74 KB"", ""url"": ""https://access.gesis.org/dbk/61783"", ""secured"": ""false""}, {""label"": ""ZA6770_backgroundvar_no.pdf Norwegen (sonstiges) 266.12 KB"", ""label_en"": ""ZA6770_backgroundvar_no.pdf Norway (Other Document) 266.12 KB"", ""url"": ""https://access.gesis.org/dbk/61784"", ""secured"": ""false""}, {""label"": ""ZA6770_backgroundvar_nz.pdf Neuseeland (sonstiges) 420.35 KB"", ""label_en"": ""ZA6770_backgroundvar_nz.pdf New Zealand (Other Document) 420.35 KB"", ""url"": ""https://access.gesis.org/dbk/61785"", ""secured"": ""false""}, {""label"": ""ZA6770_backgroundvar_ph.pdf Philippinen (sonstiges) 211.84 KB"", ""label_en"": ""ZA6770_backgroundvar_ph.pdf Philippines (Other Document) 211.84 KB"", ""url"": ""https://access.gesis.org/dbk/61786"", ""secured"": ""false""}, {""label"": ""ZA6770_backgroundvar_ru.pdf Russland (sonstiges) 441.76 KB"", ""label_en"": ""ZA6770_backgroundvar_ru.pdf Russia (Other Document) 441.76 KB"", ""url"": ""https://access.gesis.org/dbk/61787"", ""secured"": ""false""}, {""label"": ""ZA6770_backgroundvar_se.pdf Schweden (sonstiges) 218.32 KB"", ""label_en"": ""ZA6770_backgroundvar_se.pdf Sweden (Other Document) 218.32 KB"", ""url"": ""https://access.gesis.org/dbk/61788"", ""secured"": ""false""}, {""label"": ""ZA6770_backgroundvar_si.pdf Slowenien (sonstiges) 218.69 KB"", ""label_en"": ""ZA6770_backgroundvar_si.pdf Slovenia (Other Document) 218.69 KB"", ""url"": ""https://access.gesis.org/dbk/61789"", ""secured"": ""false""}, {""label"": ""ZA6770_backgroundvar_sr.pdf Suriname (sonstiges) 338.71 KB"", ""label_en"": ""ZA6770_backgroundvar_sr.pdf Suriname (Other Document) 338.71 KB"", ""url"": ""https://access.gesis.org/dbk/61790"", ""secured"": ""false""}, {""label"": ""ZA6770_backgroundvar_tw.pdf Taiwan (sonstiges) 331.68 KB"", ""label_en"": ""ZA6770_backgroundvar_tw.pdf Taiwan (Other Document) 331.68 KB"", ""url"": ""https://access.gesis.org/dbk/61791"", ""secured"": ""false""}, {""label"": ""ZA6770_backgroundvar_ve.pdf Venezuela (sonstiges) 169.11 KB"", ""label_en"": ""ZA6770_backgroundvar_ve.pdf Venezuela (Other Document) 169.11 KB"", ""url"": ""https://access.gesis.org/dbk/61792"", ""secured"": ""false""}, {""label"": ""ZA6770_backgroundvar_za.pdf Südafrika (sonstiges) 245.36 KB"", ""label_en"": ""ZA6770_backgroundvar_za.pdf South Africa (Other Document) 245.36 KB"", ""url"": ""https://access.gesis.org/dbk/61793"", ""secured"": ""false""}, {""label"": ""ZA6770_characteristics_all.zip Alle Länder (sonstiges) 4.39 MB"", ""label_en"": ""ZA6770_characteristics_all.zip All countries (Other Document) 4.39 MB"", ""url"": ""https://access.gesis.org/dbk/61795"", ""secured"": ""false""}, {""label"": ""ZA6770_characteristics_be.pdf Belgien (sonstiges) 189.65 KB"", ""label_en"": ""ZA6770_characteristics_be.pdf Belgium (Other Document) 189.65 KB"", ""url"": ""https://access.gesis.org/dbk/61796"", ""secured"": ""false""}, {""label"": ""ZA6770_characteristics_ch.pdf Schweiz (sonstiges) 74.61 KB"", ""label_en"": ""ZA6770_characteristics_ch.pdf Switzerland (Other Document) 74.61 KB"", ""url"": ""https://access.gesis.org/dbk/61797"", ""secured"": ""false""}, {""label"": ""ZA6770_characteristics_cl.pdf Chile (sonstiges) 101.72 KB"", ""label_en"": ""ZA6770_characteristics_cl.pdf Chile (Other Document) 101.72 KB"", ""url"": ""https://access.gesis.org/dbk/61798"", ""secured"": ""false""}, {""label"": ""ZA6770_characteristics_cz.pdf Tschechische Republik (sonstiges) 78.47 KB"", ""label_en"": ""ZA6770_characteristics_cz.pdf Czech Republic (Other Document) 78.47 KB"", ""url"": ""https://access.gesis.org/dbk/61799"", ""secured"": ""false""}, {""label"": ""ZA6770_characteristics_dk.pdf Dänemark (sonstiges) 64.96 KB"", ""label_en"": ""ZA6770_characteristics_dk.pdf Denmark (Other Document) 64.96 KB"", ""url"": ""https://access.gesis.org/dbk/61800"", ""secured"": ""false""}, {""label"": ""ZA6770_characteristics_fi.pdf Finnland (sonstiges) 126.37 KB"", ""label_en"": ""ZA6770_characteristics_fi.pdf Finland (Other Document) 126.37 KB"", ""url"": ""https://access.gesis.org/dbk/61801"", ""secured"": ""false""}, {""label"": ""ZA6770_characteristics_fr.pdf Frankreich (sonstiges) 27.83 KB"", ""label_en"": ""ZA6770_characteristics_fr.pdf France (Other Document) 27.83 KB"", ""url"": ""https://access.gesis.org/dbk/61802"", ""secured"": ""false""}, {""label"": ""ZA6770_characteristics_gb.pdf Vereinigtes Königreich (sonstiges) 101.23 KB"", ""label_en"": ""ZA6770_characteristics_gb.pdf United Kingdom (Other Document) 101.23 KB"", ""url"": ""https://access.gesis.org/dbk/61803"", ""secured"": ""false""}, {""label"": ""ZA6770_characteristics_hr.pdf Kroatien (sonstiges) 172.29 KB"", ""label_en"": ""ZA6770_characteristics_hr.pdf Croatia (Other Document) 172.29 KB"", ""url"": ""https://access.gesis.org/dbk/61804"", ""secured"": ""false""}, {""label"": ""ZA6770_characteristics_il.pdf Israel (sonstiges) 187.51 KB"", ""label_en"": ""ZA6770_characteristics_il.pdf Israel (Other Document) 187.51 KB"", ""url"": ""https://access.gesis.org/dbk/61805"", ""secured"": ""false""}, {""label"": ""ZA6770_characteristics_is.pdf Island (sonstiges) 174.57 KB"", ""label_en"": ""ZA6770_characteristics_is.pdf Iceland (Other Document) 174.57 KB"", ""url"": ""https://access.gesis.org/dbk/61806"", ""secured"": ""false""}, {""label"": ""ZA6770_characteristics_jp.pdf Japan (sonstiges) 194.13 KB"", ""label_en"": ""ZA6770_characteristics_jp.pdf Japan (Other Document) 194.13 KB"", ""url"": ""https://access.gesis.org/dbk/61807"", ""secured"": ""false""}, {""label"": ""ZA6770_characteristics_lt.pdf Litauen (sonstiges) 182.3 KB"", ""label_en"": ""ZA6770_characteristics_lt.pdf Lithuania (Other Document) 182.3 KB"", ""url"": ""https://access.gesis.org/dbk/61808"", ""secured"": ""false""}, {""label"": ""ZA6770_characteristics_lv.pdf Lettland (sonstiges) 107.67 KB"", ""label_en"": ""ZA6770_characteristics_lv.pdf Latvia (Other Document) 107.67 KB"", ""url"": ""https://access.gesis.org/dbk/61809"", ""secured"": ""false""}, {""label"": ""ZA6770_characteristics_no.pdf Norwegen (sonstiges) 101.19 KB"", ""label_en"": ""ZA6770_characteristics_no.pdf Norway (Other Document) 101.19 KB"", ""url"": ""https://access.gesis.org/dbk/61810"", ""secured"": ""false""}, {""label"": ""ZA6770_characteristics_nz.pdf Neuseeland (sonstiges) 109.23 KB"", ""label_en"": ""ZA6770_characteristics_nz.pdf New Zealand (Other Document) 109.23 KB"", ""url"": ""https://access.gesis.org/dbk/61811"", ""secured"": ""false""}, {""label"": ""ZA6770_characteristics_ph.pdf Philippinen (sonstiges) 171.81 KB"", ""label_en"": ""ZA6770_characteristics_ph.pdf Philippines (Other Document) 171.81 KB"", ""url"": ""https://access.gesis.org/dbk/61812"", ""secured"": ""false""}, {""label"": ""ZA6770_characteristics_ru.pdf Russland (sonstiges) 142.63 KB"", ""label_en"": ""ZA6770_characteristics_ru.pdf Russia (Other Document) 142.63 KB"", ""url"": ""https://access.gesis.org/dbk/61813"", ""secured"": ""false""}, {""label"": ""ZA6770_characteristics_se.pdf Schweden (sonstiges) 170.23 KB"", ""label_en"": ""ZA6770_characteristics_se.pdf Sweden (Other Document) 170.23 KB"", ""url"": ""https://access.gesis.org/dbk/61814"", ""secured"": ""false""}, {""label"": ""ZA6770_characteristics_si.pdf Slowenien (sonstiges) 115.09 KB"", ""label_en"": ""ZA6770_characteristics_si.pdf Slovenia (Other Document) 115.09 KB"", ""url"": ""https://access.gesis.org/dbk/61815"", ""secured"": ""false""}, {""label"": ""ZA6770_characteristics_sr.pdf Suriname (sonstiges) 112.59 KB"", ""label_en"": ""ZA6770_characteristics_sr.pdf Suriname (Other Document) 112.59 KB"", ""url"": ""https://access.gesis.org/dbk/61816"", ""secured"": ""false""}, {""label"": ""ZA6770_characteristics_tw.pdf Taiwan (sonstiges) 62.07 KB"", ""label_en"": ""ZA6770_characteristics_tw.pdf Taiwan (Other Document) 62.07 KB"", ""url"": ""https://access.gesis.org/dbk/61817"", ""secured"": ""false""}, {""label"": ""ZA6770_characteristics_ve.pdf Venezuela (sonstiges) 60.05 KB"", ""label_en"": ""ZA6770_characteristics_ve.pdf Venezuela (Other Document) 60.05 KB"", ""url"": ""https://access.gesis.org/dbk/61818"", ""secured"": ""false""}, {""label"": ""ZA6770_characteristics_za.pdf Südafrika (sonstiges) 188.1 KB"", ""label_en"": ""ZA6770_characteristics_za.pdf South Africa (Other Document) 188.1 KB"", ""url"": ""https://access.gesis.org/dbk/61819"", ""secured"": ""false""}, {""label"": ""ZA6770_sd_all.zip Alle Länder (Studienbeschreibung) 1.36 MB"", ""label_en"": ""ZA6770_sd_all.zip All countries (Study Description) 1.36 MB"", ""url"": ""https://access.gesis.org/dbk/61861"", ""secured"": ""false""}, {""label"": ""ZA6770_sd_be.pdf Belgien (Studienbeschreibung) 36.85 KB"", ""label_en"": ""ZA6770_sd_be.pdf Belgium (Study Description) 36.85 KB"", ""url"": ""https://access.gesis.org/dbk/61862"", ""secured"": ""false""}, {""label"": ""ZA6770_sd_ch.pdf Schweiz (Studienbeschreibung) 28.76 KB"", ""label_en"": ""ZA6770_sd_ch.pdf Switzerland (Study Description) 28.76 KB"", ""url"": ""https://access.gesis.org/dbk/61863"", ""secured"": ""false""}, {""label"": ""ZA6770_sd_cl.pdf Chile (Studienbeschreibung) 31.7 KB"", ""label_en"": ""ZA6770_sd_cl.pdf Chile (Study Description) 31.7 KB"", ""url"": ""https://access.gesis.org/dbk/61864"", ""secured"": ""false""}, {""label"": ""ZA6770_sd_cz.pdf Tschechische Republik (Studienbeschreibung) 62.03 KB"", ""label_en"": ""ZA6770_sd_cz.pdf Czech Republic (Study Description) 62.03 KB"", ""url"": ""https://access.gesis.org/dbk/61865"", ""secured"": ""false""}, {""label"": ""ZA6770_sd_dk.pdf Dänemark (Studienbeschreibung) 30.23 KB"", ""label_en"": ""ZA6770_sd_dk.pdf Denmark (Study Description) 30.23 KB"", ""url"": ""https://access.gesis.org/dbk/61866"", ""secured"": ""false""}, {""label"": ""ZA6770_sd_fi.pdf Finnland (Studienbeschreibung) 28.23 KB"", ""label_en"": ""ZA6770_sd_fi.pdf Finland (Study Description) 28.23 KB"", ""url"": ""https://access.gesis.org/dbk/61867"", ""secured"": ""false""}, {""label"": ""ZA6770_sd_fr.pdf Frankreich (Studienbeschreibung) 27.21 KB"", ""label_en"": ""ZA6770_sd_fr.pdf France (Study Description) 27.21 KB"", ""url"": ""https://access.gesis.org/dbk/61868"", ""secured"": ""false""}, {""label"": ""ZA6770_sd_gb.pdf Vereinigtes Königreich (Studienbeschreibung) 30.85 KB"", ""label_en"": ""ZA6770_sd_gb.pdf United Kingdom (Study Description) 30.85 KB"", ""url"": ""https://access.gesis.org/dbk/61869"", ""secured"": ""false""}, {""label"": ""ZA6770_sd_hr.pdf Kroatien (Studienbeschreibung) 60.4 KB"", ""label_en"": ""ZA6770_sd_hr.pdf Croatia (Study Description) 60.4 KB"", ""url"": ""https://access.gesis.org/dbk/61870"", ""secured"": ""false""}, {""label"": ""ZA6770_sd_il.pdf Israel (Studienbeschreibung) 27.32 KB"", ""label_en"": ""ZA6770_sd_il.pdf Israel (Study Description) 27.32 KB"", ""url"": ""https://access.gesis.org/dbk/61871"", ""secured"": ""false""}, {""label"": ""ZA6770_sd_is.pdf Island (Studienbeschreibung) 26.7 KB"", ""label_en"": ""ZA6770_sd_is.pdf Iceland (Study Description) 26.7 KB"", ""url"": ""https://access.gesis.org/dbk/61872"", ""secured"": ""false""}, {""label"": ""ZA6770_sd_jp.pdf Japan (Studienbeschreibung) 28.78 KB"", ""label_en"": ""ZA6770_sd_jp.pdf Japan (Study Description) 28.78 KB"", ""url"": ""https://access.gesis.org/dbk/61873"", ""secured"": ""false""}, {""label"": ""ZA6770_sd_lt.pdf Litauen (Studienbeschreibung) 55.61 KB"", ""label_en"": ""ZA6770_sd_lt.pdf Lithuania (Study Description) 55.61 KB"", ""url"": ""https://access.gesis.org/dbk/61874"", ""secured"": ""false""}, {""label"": ""ZA6770_sd_lv.pdf Lettland (Studienbeschreibung) 26.55 KB"", ""label_en"": ""ZA6770_sd_lv.pdf Latvia (Study Description) 26.55 KB"", ""url"": ""https://access.gesis.org/dbk/61875"", ""secured"": ""false""}, {""label"": ""ZA6770_sd_no.pdf Norwegen (Studienbeschreibung) 28.03 KB"", ""label_en"": ""ZA6770_sd_no.pdf Norway (Study Description) 28.03 KB"", ""url"": ""https://access.gesis.org/dbk/61876"", ""secured"": ""false""}, {""label"": ""ZA6770_sd_nz.pdf Neuseeland (Studienbeschreibung) 64.93 KB"", ""label_en"": ""ZA6770_sd_nz.pdf New Zealand (Study Description) 64.93 KB"", ""url"": ""https://access.gesis.org/dbk/61877"", ""secured"": ""false""}, {""label"": ""ZA6770_sd_ph.pdf Philippinen (Studienbeschreibung) 27.86 KB"", ""label_en"": ""ZA6770_sd_ph.pdf Philippines (Study Description) 27.86 KB"", ""url"": ""https://access.gesis.org/dbk/61878"", ""secured"": ""false""}, {""label"": ""ZA6770_sd_ru.pdf Russland (Studienbeschreibung) 34.82 KB"", ""label_en"": ""ZA6770_sd_ru.pdf Russia (Study Description) 34.82 KB"", ""url"": ""https://access.gesis.org/dbk/61879"", ""secured"": ""false""}, {""label"": ""ZA6770_sd_se.pdf Schweden (Studienbeschreibung) 26.74 KB"", ""label_en"": ""ZA6770_sd_se.pdf Sweden (Study Description) 26.74 KB"", ""url"": ""https://access.gesis.org/dbk/61880"", ""secured"": ""false""}, {""label"": ""ZA6770_sd_si.pdf Slowenien (Studienbeschreibung) 28.17 KB"", ""label_en"": ""ZA6770_sd_si.pdf Slovenia (Study Description) 28.17 KB"", ""url"": ""https://access.gesis.org/dbk/61881"", ""secured"": ""false""}, {""label"": ""ZA6770_sd_sr.pdf Suriname (Studienbeschreibung) 32.22 KB"", ""label_en"": ""ZA6770_sd_sr.pdf Suriname (Study Description) 32.22 KB"", ""url"": ""https://access.gesis.org/dbk/61882"", ""secured"": ""false""}, {""label"": ""ZA6770_sd_tw.pdf Taiwan (Studienbeschreibung) 28.39 KB"", ""label_en"": ""ZA6770_sd_tw.pdf Taiwan (Study Description) 28.39 KB"", ""url"": ""https://access.gesis.org/dbk/61883"", ""secured"": ""false""}, {""label"": ""ZA6770_sd_ve.pdf Venezuela (Studienbeschreibung) 27.24 KB"", ""label_en"": ""ZA6770_sd_ve.pdf Venezuela (Study Description) 27.24 KB"", ""url"": ""https://access.gesis.org/dbk/61884"", ""secured"": ""false""}, {""label"": ""ZA6770_sd_za.pdf Südafrika (Studienbeschreibung) 120.37 KB"", ""label_en"": ""ZA6770_sd_za.pdf South Africa (Study Description) 120.37 KB"", ""url"": ""https://access.gesis.org/dbk/61885"", ""secured"": ""false""}, {""label"": ""ZA6770_mr.pdf  (Methodenbericht) 374.19 KB"", ""label_en"": ""ZA6770_mr.pdf  (Method Report) 374.19 KB"", ""url"": ""https://access.gesis.org/dbk/62780"", ""secured"": ""false""}, {""label"": ""ZA6770_overview.pdf  (sonstiges) 213.64 KB"", ""label_en"": ""ZA6770_overview.pdf  (Other Document) 213.64 KB"", ""url"": ""https://access.gesis.org/dbk/61954"", ""secured"": ""false""}, {""label"": ""ZA6770_questionnaire_development_report.pdf  (Bericht) 1.02 MB"", ""label_en"": ""ZA6770_questionnaire_development_report.pdf  (Report) 1.02 MB"", ""url"": ""https://access.gesis.org/dbk/62487"", ""secured"": ""false""}, {""label"": ""ZA6770_backgroundvar_at.pdf Österreich (sonstiges) 229.44 KB"", ""label_en"": ""ZA6770_backgroundvar_at.pdf Austria (Other Document) 229.44 KB"", ""url"": ""https://access.gesis.org/dbk/62504"", ""secured"": ""false""}, {""label"": ""ZA6770_backgroundvar_au.pdf Australien (sonstiges) 222.26 KB"", ""label_en"": ""ZA6770_backgroundvar_au.pdf Australia (Other Document) 222.26 KB"", ""url"": ""https://access.gesis.org/dbk/62505"", ""secured"": ""false""}, {""label"": ""ZA6770_backgroundvar_cn.pdf China (sonstiges) 298.11 KB"", ""label_en"": ""ZA6770_backgroundvar_cn.pdf China (Other Document) 298.11 KB"", ""url"": ""https://access.gesis.org/dbk/62506"", ""secured"": ""false""}, {""label"": ""ZA6770_backgroundvar_de.pdf Deutschland (sonstiges) 393.02 KB"", ""label_en"": ""ZA6770_backgroundvar_de.pdf Germany (Other Document) 393.02 KB"", ""url"": ""https://access.gesis.org/dbk/62507"", ""secured"": ""false""}, {""label"": ""ZA6770_backgroundvar_ee.pdf Estland (sonstiges) 704.06 KB"", ""label_en"": ""ZA6770_backgroundvar_ee.pdf Estonia (Other Document) 704.06 KB"", ""url"": ""https://access.gesis.org/dbk/62508"", ""secured"": ""false""}, {""label"": ""ZA6770_backgroundvar_es.pdf Spanien (sonstiges) 316.65 KB"", ""label_en"": ""ZA6770_backgroundvar_es.pdf Spain (Other Document) 316.65 KB"", ""url"": ""https://access.gesis.org/dbk/62509"", ""secured"": ""false""}, {""label"": ""ZA6770_backgroundvar_ge.pdf Georgien (sonstiges) 268.27 KB"", ""label_en"": ""ZA6770_backgroundvar_ge.pdf Georgia (Other Document) 268.27 KB"", ""url"": ""https://access.gesis.org/dbk/62510"", ""secured"": ""false""}, {""label"": ""ZA6770_backgroundvar_hu.pdf Ungarn (sonstiges) 410.04 KB"", ""label_en"": ""ZA6770_backgroundvar_hu.pdf Hungary (Other Document) 410.04 KB"", ""url"": ""https://access.gesis.org/dbk/62511"", ""secured"": ""false""}, {""label"": ""ZA6770_backgroundvar_in.pdf Indien (sonstiges) 934.65 KB"", ""label_en"": ""ZA6770_backgroundvar_in.pdf India (Other Document) 934.65 KB"", ""url"": ""https://access.gesis.org/dbk/62512"", ""secured"": ""false""}, {""label"": ""ZA6770_backgroundvar_mx.pdf Mexiko (sonstiges) 224.67 KB"", ""label_en"": ""ZA6770_backgroundvar_mx.pdf Mexico (Other Document) 224.67 KB"", ""url"": ""https://access.gesis.org/dbk/62513"", ""secured"": ""false""}, {""label"": ""ZA6770_backgroundvar_pl.pdf Polen (sonstiges) 341.88 KB"", ""label_en"": ""ZA6770_backgroundvar_pl.pdf Poland (Other Document) 341.88 KB"", ""url"": ""https://access.gesis.org/dbk/62514"", ""secured"": ""false""}, {""label"": ""ZA6770_backgroundvar_sk.pdf Slowakische Republik (sonstiges) 344.27 KB"", ""label_en"": ""ZA6770_backgroundvar_sk.pdf Slovakian Republic (Other Document) 344.27 KB"", ""url"": ""https://access.gesis.org/dbk/62515"", ""secured"": ""false""}, {""label"": ""ZA6770_backgroundvar_us.pdf Vereinigte Staaten von Amerika / USA (sonstiges) 263.76 KB"", ""label_en"": ""ZA6770_backgroundvar_us.pdf United States of America / USA (Other Document) 263.76 KB"", ""url"": ""https://access.gesis.org/dbk/62516"", ""secured"": ""false""}, {""label"": ""ZA6770_characteristics_at.pdf Österreich (sonstiges) 80.83 KB"", ""label_en"": ""ZA6770_characteristics_at.pdf Austria (Other Document) 80.83 KB"", ""url"": ""https://access.gesis.org/dbk/62517"", ""secured"": ""false""}, {""label"": ""ZA6770_characteristics_au.pdf Australien (sonstiges) 90.22 KB"", ""label_en"": ""ZA6770_characteristics_au.pdf Australia (Other Document) 90.22 KB"", ""url"": ""https://access.gesis.org/dbk/62518"", ""secured"": ""false""}, {""label"": ""ZA6770_characteristics_cn.pdf China (sonstiges) 157.88 KB"", ""label_en"": ""ZA6770_characteristics_cn.pdf China (Other Document) 157.88 KB"", ""url"": ""https://access.gesis.org/dbk/62519"", ""secured"": ""false""}, {""label"": ""ZA6770_characteristics_de.pdf Deutschland (sonstiges) 113.8 KB"", ""label_en"": ""ZA6770_characteristics_de.pdf Germany (Other Document) 113.8 KB"", ""url"": ""https://access.gesis.org/dbk/62520"", ""secured"": ""false""}, {""label"": ""ZA6770_characteristics_ee.pdf Estland (sonstiges) 78.73 KB"", ""label_en"": ""ZA6770_characteristics_ee.pdf Estonia (Other Document) 78.73 KB"", ""url"": ""https://access.gesis.org/dbk/62521"", ""secured"": ""false""}, {""label"": ""ZA6770_characteristics_es.pdf Spanien (sonstiges) 326.57 KB"", ""label_en"": ""ZA6770_characteristics_es.pdf Spain (Other Document) 326.57 KB"", ""url"": ""https://access.gesis.org/dbk/62522"", ""secured"": ""false""}, {""label"": ""ZA6770_characteristics_ge.pdf Georgien (sonstiges) 84.92 KB"", ""label_en"": ""ZA6770_characteristics_ge.pdf Georgia (Other Document) 84.92 KB"", ""url"": ""https://access.gesis.org/dbk/62523"", ""secured"": ""false""}, {""label"": ""ZA6770_characteristics_hu.pdf Ungarn (sonstiges) 82.7 KB"", ""label_en"": ""ZA6770_characteristics_hu.pdf Hungary (Other Document) 82.7 KB"", ""url"": ""https://access.gesis.org/dbk/62524"", ""secured"": ""false""}, {""label"": ""ZA6770_characteristics_in.pdf Indien (sonstiges) 207.25 KB"", ""label_en"": ""ZA6770_characteristics_in.pdf India (Other Document) 207.25 KB"", ""url"": ""https://access.gesis.org/dbk/62525"", ""secured"": ""false""}, {""label"": ""ZA6770_characteristics_mx.pdf Mexiko (sonstiges) 167.04 KB"", ""label_en"": ""ZA6770_characteristics_mx.pdf Mexico (Other Document) 167.04 KB"", ""url"": ""https://access.gesis.org/dbk/62526"", ""secured"": ""false""}, {""label"": ""ZA6770_characteristics_pl.pdf Polen (sonstiges) 225.19 KB"", ""label_en"": ""ZA6770_characteristics_pl.pdf Poland (Other Document) 225.19 KB"", ""url"": ""https://access.gesis.org/dbk/62527"", ""secured"": ""false""}, {""label"": ""ZA6770_characteristics_sk.pdf Slowakische Republik (sonstiges) 151.13 KB"", ""label_en"": ""ZA6770_characteristics_sk.pdf Slovakian Republic (Other Document) 151.13 KB"", ""url"": ""https://access.gesis.org/dbk/62528"", ""secured"": ""false""}, {""label"": ""ZA6770_characteristics_us.pdf Vereinigte Staaten von Amerika / USA (sonstiges) 78.54 KB"", ""label_en"": ""ZA6770_characteristics_us.pdf United States of America / USA (Other Document) 78.54 KB"", ""url"": ""https://access.gesis.org/dbk/62529"", ""secured"": ""false""}, {""label"": ""ZA6770_sd_at.pdf Österreich (Studienbeschreibung) 27.13 KB"", ""label_en"": ""ZA6770_sd_at.pdf Austria (Study Description) 27.13 KB"", ""url"": ""https://access.gesis.org/dbk/62556"", ""secured"": ""false""}, {""label"": ""ZA6770_sd_au.pdf Australien (Studienbeschreibung) 29.87 KB"", ""label_en"": ""ZA6770_sd_au.pdf Australia (Study Description) 29.87 KB"", ""url"": ""https://access.gesis.org/dbk/62557"", ""secured"": ""false""}, {""label"": ""ZA6770_sd_cn.pdf China (Studienbeschreibung) 131.73 KB"", ""label_en"": ""ZA6770_sd_cn.pdf China (Study Description) 131.73 KB"", ""url"": ""https://access.gesis.org/dbk/62558"", ""secured"": ""false""}, {""label"": ""ZA6770_sd_de.pdf Deutschland (Studienbeschreibung) 28.85 KB"", ""label_en"": ""ZA6770_sd_de.pdf Germany (Study Description) 28.85 KB"", ""url"": ""https://access.gesis.org/dbk/62559"", ""secured"": ""false""}, {""label"": ""ZA6770_sd_ee.pdf Estland (Studienbeschreibung) 27.81 KB"", ""label_en"": ""ZA6770_sd_ee.pdf Estonia (Study Description) 27.81 KB"", ""url"": ""https://access.gesis.org/dbk/62560"", ""secured"": ""false""}, {""label"": ""ZA6770_sd_es.pdf Spanien (Studienbeschreibung) 36 KB"", ""label_en"": ""ZA6770_sd_es.pdf Spain (Study Description) 36 KB"", ""url"": ""https://access.gesis.org/dbk/62561"", ""secured"": ""false""}, {""label"": ""ZA6770_sd_ge.pdf Georgien (Studienbeschreibung) 75.29 KB"", ""label_en"": ""ZA6770_sd_ge.pdf Georgia (Study Description) 75.29 KB"", ""url"": ""https://access.gesis.org/dbk/62562"", ""secured"": ""false""}, {""label"": ""ZA6770_sd_hu.pdf Ungarn (Studienbeschreibung) 60.45 KB"", ""label_en"": ""ZA6770_sd_hu.pdf Hungary (Study Description) 60.45 KB"", ""url"": ""https://access.gesis.org/dbk/62563"", ""secured"": ""false""}, {""label"": ""ZA6770_sd_in.pdf Indien (Studienbeschreibung) 172.88 KB"", ""label_en"": ""ZA6770_sd_in.pdf India (Study Description) 172.88 KB"", ""url"": ""https://access.gesis.org/dbk/62564"", ""secured"": ""false""}, {""label"": ""ZA6770_sd_mx.pdf Mexiko (Studienbeschreibung) 27.97 KB"", ""label_en"": ""ZA6770_sd_mx.pdf Mexico (Study Description) 27.97 KB"", ""url"": ""https://access.gesis.org/dbk/62565"", ""secured"": ""false""}, {""label"": ""ZA6770_sd_pl.pdf Polen (Studienbeschreibung) 60.8 KB"", ""label_en"": ""ZA6770_sd_pl.pdf Poland (Study Description) 60.8 KB"", ""url"": ""https://access.gesis.org/dbk/62566"", ""secured"": ""false""}, {""label"": ""ZA6770_sd_sk.pdf Slowakische Republik (Studienbeschreibung) 27.94 KB"", ""label_en"": ""ZA6770_sd_sk.pdf Slovakian Republic (Study Description) 27.94 KB"", ""url"": ""https://access.gesis.org/dbk/62567"", ""secured"": ""false""}, {""label"": ""ZA6770_sd_us.pdf Vereinigte Staaten von Amerika / USA (Studienbeschreibung) 28.18 KB"", ""label_en"": ""ZA6770_sd_us.pdf United States of America / USA (Study Description) 28.18 KB"", ""url"": ""https://access.gesis.org/dbk/62568"", ""secured"": ""false""}, {""label"": ""Link_ZA1490_all_Overview_Duplicated_Records.xlsx.txt  (Tabelle) 202.35 KB"", ""label_en"": ""Link_ZA1490_all_Overview_Duplicated_Records.xlsx.txt  (Table) 202.35 KB"", ""url"": ""https://access.gesis.org/dbk/63565"", ""secured"": ""false""}]";"["""", """", """"]";Das International Social Survey Programme (ISSP) ist ein länderübergreifendes, fortlaufendes Umfrageprogramm, das jährlich Erhebungen zu Themen durchführt, die für die Sozialwissenschaften wichtig sind. Das Programm begann 1984 mit vier Gründungsmitgliedern - Australien, Deutschland, Großbritannien und den Vereinigten Staaten - und ist inzwischen auf fast 50 Mitgliedsländer aus aller Welt angewachsen. Da die Umfragen auf Replikationen ausgelegt sind, können die Daten sowohl für länder- als auch für zeitübergreifende Vergleiche genutzt werden. Jedes ISSP-Modul konzentriert sich auf ein bestimmtes Thema, das in regelmäßigen Zeitabständen wiederholt wird. Details zur Durchführung der nationalen ISSP-Umfragen entnehmen Sie bitte der Dokumentation. Die vorliegende Studie konzentriert sich auf Fragen zur Arbeit, Beschäftigungsverhältnissen und Arbeitsorientierungen.;;;The International Social Survey Programme (ISSP) is a continuous programme of cross-national collaboration running annual surveys on topics important for the social sciences. The programme started in 1984 with four founding members - Australia, Germany, Great Britain, and the United States – and has now grown to almost 50 member countries from all over the world. As the surveys are designed for replication, they can be used for both, cross-national and cross-time comparisons. Each ISSP module focuses on a specific topic, which is repeated in regular time intervals. Please, consult the documentation for details on how the national ISSP surveys are fielded. The present study focuses on questions about work, employment and work orientations.;[];
EVS Trend File 1981-2017;EVS Trend File 1981-2017;ZA7503;2022;2022;2022;research_data;dbk;https://dbk.gesis.org/dbksearch/SDESC2.asp?no=7503&db=D;"1. Wahrnehmungen des Lebens: Bedeutung von Familie, Freunden und Bekannten, Freizeit, Politik, Arbeit und Religion; Glücksempfinden; Selbsteinschätzung des Gesundheitszustandes; Gefühle: jemals aufgeregt oder interessiert gefühlt, unruhig, stolz wegen Komplimenten, sehr einsam oder entfernt von anderen Menschen, erfreut darüber, etwas erreicht zu haben, gelangweilt, auf dem Gipfel der Welt, sehr unglücklich, dass die Dinge so laufen, verärgert wegen Kritik; Mitgliedschaften und freiwillige Arbeit (unbezahlte Arbeit) in: Sozialeinrichtungen, religiösen oder kirchlichen Organisationen, Bildung, Kunst, Musik oder kulturellen Aktivitäten, Gewerkschaften, politischen Parteien, kommunalpolitischen Aktionen, Menschenrechten, Naturschutz, Umwelt, Ökologie, Tierschutz, Berufsverbänden, Jugendarbeit, Sportvereinen, Frauengruppen, Friedensbewegung, Organisationen, die sich mit Gesundheit befassen, Verbrauchergruppen oder anderen Gruppen, humanitären oder karitativen Organisationen, Selbsthilfegruppen, Hilfsorganisationen auf Gegenseitigkeit, Zugehörigkeit zu keiner; Gründe für ehrenamtliche Arbeit (z. z. B. Solidarität mit Armen und Benachteiligten, Mitgefühl für Bedürftige, etc. ); Toleranz gegenüber Minderheiten als Nachbarn (Vorbestrafte, Andersrassige, starke Trinker, psychisch labile Menschen, Muslime, Einwanderer, Fremdarbeiter, AIDS-Kranke, Drogenabhängige, Homosexuelle, Juden, Zigeuner, Christen, Linksextremisten, Rechtsextremisten, Menschen mit großen Familien und Hindus); den meisten Menschen kann man vertrauen; Einschätzung des fairen und hilfsbereiten Verhaltens von Menschen; Zufriedenheit mit dem Leben; innere oder äußere Kontrolle; Freizeit: Zeit verbringen mit: Freunden, Arbeitskollegen, mit Menschen in der Kirche, Moschee oder Synagoge, mit Menschen beim Sport, in der Kultur, in kommunalen Organisationen.

2. Familie und Ehe: Einstellung zu Respekt und Liebe für die Eltern; Verantwortung der Eltern für ihre Kinder; wichtige Eigenschaften der Kinder (gute Manieren, Unabhängigkeit, harte Arbeit, Verantwortungsgefühl, Phantasie, Toleranz und Respekt für andere Menschen, Sparsamkeit beim Sparen von Geld und Dingen, Entschlossenheit, Ausdauer, religiöser Glaube, Selbstlosigkeit, Gehorsam, keine); Rechtfertigung der Abtreibung, wenn die Gesundheit der Mutter gefährdet ist, wenn das Kind körperlich behindert ist, wenn die Frau nicht verheiratet ist, wenn sie keine weiteren Kinder will; Vertrauen in die Familie; Zufriedenheit mit dem häuslichen Leben; gemeinsame Einstellungen mit dem Partner (Einstellungen zu Religion, Moral, sozialen Einstellungen, politischen Ansichten, sexuellen Einstellungen, keine gemeinsamen Einstellungen) und gemeinsame Einstellungen mit den Eltern; ideale Anzahl von Kindern; ein Kind braucht ein Zuhause mit Vater und Mutter; eine Frau muss Kinder haben, um erfüllt zu sein; ein Mann muss Kinder haben, um erfüllt zu sein; die Ehe ist eine überholte Institution; Ansicht über die Frau als Alleinerziehende; sexuelle Freiheit genießen; langfristige Beziehung ist notwendig, um glücklich zu sein; Pflicht gegenüber der Gesellschaft, Kinder zu haben; es ist die Pflicht des Kindes, sich um den kranken Elternteil zu kümmern; wichtigste Kriterien für eine erfolgreiche Ehe oder Partnerschaft (Treue, ausreichendes Einkommen, gleicher sozialer Hintergrund, Respekt und Wertschätzung, religiöser Glaube, gute Wohnsituation, Übereinstimmung in der Politik, Verständnis und Toleranz, abseits der Schwiegereltern, glückliche sexuelle Beziehung, gemeinsame Hausarbeit, Kinder, Besprechung von Problemen, gemeinsame Vorlieben und Interessen, Zeit für Freunde und persönliche Hobbys); eigene Eltern stolz zu machen ist ein Hauptziel im Leben; Einstellung zum traditionellen Rollenverständnis von Mann und Frau in Beruf und Familie (Geschlechterrollen); homosexuelle Paare sind genauso gute Eltern wie andere Paare.

3. Politik und Gesellschaft: Häufigkeit politischer Diskussionen mit Freunden und politischer Meinungsführerschaft; Ziele des Landes und des Befragten (erste und zweite Wahl); wichtigste Ziele des Landes für die nächsten zehn Jahre; Bereitschaft, für das Land zu kämpfen; Erwartung zukünftiger Veränderungen und Entwicklungen (weniger Bedeutung von Arbeit, mehr Betonung von Technologie, mehr Betonung des Individuums, mehr Respekt vor Autorität, mehr Betonung des Familienlebens, ein einfacher und natürlicherer Lebensstil); Meinung zu wissenschaftlichen Fortschritten; Interesse an Politik, politische Beteiligung: Arten des politischen Handelns (Unterzeichnung einer Petition, Teilnahme an Boykotten, Teilnahme an legalen/ friedlichen Demonstrationen, Teilnahme an inoffiziellen Streiks, Besetzung von Gebäuden oder Fabriken); Präferenz für individuelle Freiheit oder soziale Gleichheit; Links-Rechts-Selbsteinordnung; grundlegende Arten von Einstellungen zur Gesellschaft; gleiches Einkommen oder Anreize für individuelle Anstrengungen; Privat- vs. Staatseigentum an Unternehmen; Selbstverantwortung oder Regierungsverantwortung; freie Entscheidung der Arbeitsaufnahme von Arbeitslosen oder keine Erlaubnis, einen Job abzulehnen; Konkurrenz gut vs. schädlich; harte Arbeit bringt Erfolg; Anhäufung von Reichtum; Freiheit von Firmen oder staatliche Kontrolle; große Veränderungen im Leben; neue und alte Ideen; persönliche Eigenschaften (Skala); das Wirtschaftssystem braucht grundlegende Veränderungen; die Regierung sollte viel offener gemacht werden; mehr Freiheit für Individuen zulassen; ich könnte nichts gegen ein ungerechtes Gesetz tun; politische Reformen gehen zu schnell; Vertrauen in Institutionen (Vertrauen in die Kirchen, die Streitkräfte, das Bildungssystem, die Presse, die Gewerkschaften, die Polizei, das Parlament, den öffentlichen Dienst, das Sozialversicherungssystem, die Regierung, die politischen Parteien, die großen Unternehmen, die Umweltschutzbewegung, das Gesundheitssystem, die Justiz/ Gerichte, die Europäische Union, die großen regionalen Organisationen (kombiniert aus länderspezifischen), die NATO, die Vereinten Nationen); Einstellung zu ausgewählten Bewegungen (Ökologie- bzw. Naturschutzbewegung, Anti-Atomkraft-Bewegung, Abrüstungsbewegung, Menschenrechtsbewegung, Frauenbewegung und Anti-Apartheid-Bewegung); Zufriedenheit mit der Art und Weise, wie sich die Demokratie entwickelt; Bewertung des politischen Systems für das regierende Land; Zufriedenheit mit dem politischen System im Land; Bewertung des politischen Systems, wie es vorher war; bevorzugte Art des politischen Systems (mit einem starken Führer, mit Experten, die Entscheidungen treffen, mit der Armee, die das Land regiert, oder mit einem demokratischen politischen System); fester Parteiführer vs. Zusammenarbeit mit dem Parteivorsitzenden; Ordnung in der Regierung vs. Freiheit; Einstellung zur Demokratie (in der Demokratie läuft das Wirtschaftssystem schlecht, Demokratien sind unentschlossen und haben zu viel Streit, Demokratien sind nicht gut darin, die Ordnung aufrechtzuerhalten, Demokratie hat zwar Probleme, ist aber besser); Einschätzung der Einhaltung der individuellen Menschenrechte im Land; Einschätzung der Lösbarkeit von Umweltproblemen, Kriminalität und Arbeitslosigkeit auf nationaler Ebene; Einwanderungspolitik; Leben von Tag zu Tag wegen der ungewissen Zukunft; Häufigkeit, Politik in den Nachrichten zu verfolgen; den Behörden Informationen geben, um der Justiz zu helfen vs. sich um die eigenen Angelegenheiten kümmern; sich besorgt fühlen über die sich um eigene Angelegenheiten kümmern; sich um die unmittelbare Familie, um Menschen in der Nachbarschaft, um Menschen in der Region, um Landsleute, um Europäer, um Menschen, um ältere Menschen, um Arbeitslose und um kranke und behinderte Menschen sorgen; Parteipräferenz (ISO 3166-1); politische Partei mit der größten Anziehungskraft (IS 3166-1); Links-Rechts-Skala der politischen Partei, für die der Befragte stimmen würde; Häufigkeit, mit der der Befragte fernsieht; Gründe, warum es Menschen gibt, die in Not leben (erste und zweite Nennung); Meinung zum Terrorismus; wesentliche Merkmale der Demokratie (Regierungen besteuern die Reichen und subventionieren die Armen, religiöse Autoritäten legen die Gesetze aus, die Menschen wählen ihre Führer in freien Wahlen, die Menschen erhalten staatliche Hilfe bei Arbeitslosigkeit, die Armee übernimmt, wenn die Regierung unfähig ist, Bürgerrechte schützen die Freiheit der Menschen vor Unterdrückung, Frauen haben die gleichen Rechte wie Männer, der Staat sorgt für gleiche Einkommen der Menschen, die Menschen gehorchen ihren Herrschern); Bedeutung der Demokratie; Demokratie im eigenen Land; Teilnahme an Wahlen auf lokaler und nationaler Ebene; Beurteilung der Wahlen im Land (Stimmen werden fair gezählt, Oppositionskandidaten werden an der Kandidatur gehindert, Fernsehnachrichten begünstigen die Regierungspartei, Wähler werden bestochen, Journalisten berichten fair über Wahlen, Wahlbeamte sind fair, reiche Leute kaufen Wahlen, Wählern wird bei der Wahl mit Gewalt gedroht); politische Gewalt ist vertretbar; Meinung zum Recht der Regierung, Menschen in öffentlichen Bereichen per Video zu überwachen, alle E-Mails und andere im Internet ausgetauschten Informationen zu überwachen, Informationen über jeden im Land lebenden Menschen ohne dessen Wissen zu sammeln.

4. Religion: Nachdenken über den Sinn und Zweck des Lebens; Nachdenken über den Tod; das Leben ist sinnvoll, weil es Gott gibt; versuchen, das Beste aus dem Leben zu machen; der Tod ist unvermeidlich, hat einen Sinn, wenn man an Gott glaubt, ist ein natürlicher Ruhepunkt; Trauer hat einen Sinn, wenn man an Gott glaubt; das Leben hat keinen Sinn; Meinung über Gut und Böse in jedem Menschen; Zugehörigkeit zu einer religiösen Konfession; religiöse Konfession (Hauptgruppen, länderspezifisch); frühere religiöse Konfession; welche frühere religiöse Konfession; Häufigkeit des Besuchs von Gottesdiensten; religiös erzogen; Häufigkeit des Gottesdienstbesuchs im Alter von 12 Jahren; Bedeutung des Gottesdienstes bei Geburt, Heirat und Tod; Religiosität; Kirchen geben adäquate Antworten auf moralische Probleme, Probleme des Familienlebens, die spirituellen Bedürfnisse der Menschen und die sozialen Probleme des Landes; Einstellung zur Rolle der Kirchen in politischen Fragen (Kirchen äußern sich zu Abrüstung, Abtreibung, Problemen der Dritten Welt, außerehelichen Affären, Arbeitslosigkeit, Rassendiskriminierung, Euthanasie, Homosexualität, Ökologie und Umweltfragen und Regierungspolitik); Glaube an: Gott, Leben nach dem Tod, Seele, Hölle, Himmel, Sünde, Reinkarnation, Teufel und Auferstehung der Toten; persönlicher Gott versus Geist oder Lebenskraft; Bedeutung von Gott im eigenen Leben; Erfahrung von Trost und Kraft durch Religion; Momente des Gebets und der Meditation; Häufigkeit von Gebeten zu Gott außerhalb von Gottesdiensten Glücksbringer schützt; Ansicht über den Einfluss der Religion auf öffentliche Ämter und die Regierung (Politiker, die nicht an Gott glauben, sind ungeeignet für öffentliche Ämter, religiöse Führer sollten nicht beeinflussen, wie die Menschen wählen, besser, wenn mehr Menschen mit starken religiösen Überzeugungen in öffentlichen Ämtern sind, religiöse Führer sollten die Regierung nicht beeinflussen).

5. Moralische Haltungen: vertretbar: Inanspruchnahme staatlicher Leistungen, Inanspruchnahme staatlicher Leistungen ohne Anspruch, Vermeidung eines Fahrpreises in öffentlichen Verkehrsmitteln, Steuerbetrug, Bestechung, Homosexualität, Prostitution, Abtreibung, Scheidung, Euthanasie, Selbstmord, Joyriding, Einnahme weicher Drogen, Lügen, Ehebruch, Wegwerfen von Müll, Fahren unter Alkoholeinfluss, Barzahlung, Gelegenheitssex, Sex unter dem gesetzlichen Schutzalter, politisches Attentat, Experimente mit menschlichen Embryonen, Manipulation von Lebensmitteln, Kauf von gestohlenen Waren, Behalten von gefundenem Geld, Streit mit der Polizei, Nichtmelden von Schäden, die man versehentlich an einem geparkten Fahrzeug verursacht hat, Bedrohung von Arbeitern, die sich weigern, an einem Streik teilzunehmen, Tötung in Notwehr, Invitro-Fertilisation, Todesstrafe.

6. Nationale Identität: Zugehörigkeit zu geographischen Gruppen (Stadt, Region des Landes, Land, Europa, die Welt, erste und zweite Nennung); Zugehörigkeit zu geographischen Gruppen (länderspezifisch); Bürger des Landes; Nationalstolz; Vertrauen in andere Menschen im Land, in der Nachbarschaft, in persönlich bekannte Menschen, in Menschen, die man zum ersten Mal trifft, in Menschen einer anderen Religion und in Menschen einer anderen Nationalität; Meinung zur Europäischen Union; Einwandererstatus; wichtige Aspekte der nationalen Identität (im Land geboren zu sein, die politischen Institutionen und Gesetze des Landes zu respektieren, die Vorfahren des Landes zu haben, die Landessprache sprechen zu können); Einstellung gegenüber Einwanderern und ihren Sitten und Gebräuchen (nehmen Arbeitsplätze weg, erhöhen Kriminalitätsprobleme, belasten das Sozialsystem des Landes, behalten eigene/übernehmen Sitten und Gebräuche); Einstellung zur Erweiterung der Europäischen Union; Einschätzung des Einflusses von Einwanderern auf die Entwicklung des Landes; Gefühl der Verbundenheit mit dem Kontinent (z. B. Europa, Asien etc.), der Welt, dem Dorf, der Stadt, dem Landkreis, der Region, dem Bezirk und dem Land.

7. Umwelt: Einstellung zur Umwelt (Bereitschaft, einen Teil des eigenen Einkommens für die Umwelt zu geben, Erhöhung der Steuern, wenn sie zur Verhinderung von Umweltverschmutzung verwendet werden, die Regierung sollte die Umweltverschmutzung reduzieren. alles Gerede über die Umwelt macht die Menschen ängstlich, Bekämpfung der Arbeitslosigkeit, wir müssen die Umweltprobleme akzeptieren, Umweltschutz und Bekämpfung der Verschmutzung ist weniger dringend als suggeriert); Umweltschutz vs. Wirtschaftswachstum.

8. Arbeit: Arbeitsplatzknappheit: Vorrang von Einheimischen vor Einwanderern sowie von Männern vor Frauen bei der Arbeit; ältere Menschen sollten gezwungen werden, in den Ruhestand zu gehen; unfair, Behinderten Arbeit zu geben, wenn körperlich fähige Menschen keine Arbeit finden; Zufriedenheit mit der finanziellen Situation des Haushalts; Wichtigkeit ausgewählter Kriterien der beruflichen Arbeit (z.B. gute Bezahlung, nicht zu viel Druck, gute Arbeitsplatzsicherheit, ein respektierter Arbeitsplatz, etc. ); Beschäftigte; Grad des Stolzes auf die Arbeit; Arbeitszufriedenheit; Einstellung zur Arbeit (Entscheidungsfreiheit bei der Arbeit, demütigend, Geld zu bekommen, ohne dafür arbeiten zu müssen, Menschen, die nicht arbeiten, werden faul, Arbeit ist eine Pflicht gegenüber der Gesellschaft, Menschen sollten nicht arbeiten müssen, wenn sie nicht wollen, Arbeit sollte an erster Stelle stehen, auch wenn es weniger Freizeit bedeutet); Gründe, warum Menschen arbeiten (Arbeit ist wie ein Geschäft, ich tue das Beste, was ich kann, unabhängig von der Bezahlung, ich würde nicht arbeiten, wenn ich nicht müsste, ich würde nicht arbeiten, wenn die Arbeit mein Leben beeinträchtigen würde, Arbeit ist das Wichtigste in meinem Leben, ich hatte nie einen bezahlten Job); Fairness: Eine Sekretärin wird mehr bezahlt; Anweisungen bei der Arbeit befolgen.

Demographie: Geschlecht; Geburtsjahr; geboren im Land der Befragung; Geburtsland (ISO 3166-1-Code, ISO 3166-1/3-Alpha-Code); Jahr der Einwanderung in das Land; Alter; Alter rekodiert, Alter rekodiert (3 Intervalle); stabile Beziehung; stabile Beziehung vor der Ehe; Familienstand; lebte mit Partner vor der Ehe; lebte mit Partner; war schon einmal verheiratet; Anzahl der Kinder; hatte Kinder; Anzahl der Kinder, die noch zu Hause leben; Anzahl der Personen im Haushalt (Haushaltsgröße); Alter bei Abschluss der Ausbildung (in Intervallen rekodiert); Bildungsniveau der Befragten (8 Kategorien, ISCED 97 - einstellig, ISCED 11 - einstellig, länderspezifisch, rekodiert); Zusammenleben mit den Eltern; Beschäftigungsstatus; Beschäftigungsstatus letzte Tätigkeit; Vorgesetztenfunktion und Anzahl der beaufsichtigten Personen (3 Kategorien); Anzahl der Beschäftigten (4 Kategorien); Institution des Berufs; Berufssektor: Beruf/Branche (2-stellig ISCO88, 2-stellig ISCO08); Beruf/Arbeitsplatz; beruflicher Status (SIOPS, ISEI, egp11, European ESeC); ); Arbeitslosigkeit länger als drei Monate; Abhängigkeit von der Sozialversicherung während der letzten fünf Jahre; Befragter ist Hauptverdiener; Hauptverdiener ist jetzt beschäftigt; Beruf oder Arbeitsplatz des Hauptverdieners; sozioökonomischer Status des Befragten; Einkommen: Einkommensskala (EVS); Einkommen (länderspezifisch); monatliches Haushaltseinkommen (x1000), korrigiert für ppp in Euro; Einkommensniveau (3 Kategorien) EVS.

Informationen zum Partner/Ehepartner: Geboren im Land der Befragung; Geburtsland des Partners/Ehegatten (ISO 3166-1 Code, ISO 3166-1/3 Alpha Code); Bildungsniveau des Partners/Ehegatten (ISCED 97 - einstellig, ISCED 11 - einstellig, länderspezifisch, 8 Kategorien, umkodiert); Beschäftigungsstatus; Beschäftigungsstatus letzte Stelle; Beruf/Branche (2-stellig ISCO88, 2-stellig ISCO08); beruflicher Status (SIOPS, ISEI, European ESeC, egp11); Anzahl der Mitarbeiter (Unternehmensgröße); Vorgesetztenfunktion und Anzahl der beaufsichtigten Personen.

Informationen zu den Eltern des Befragten: Vater und Mutter im Land geboren; Geburtsland von Vater und Mutter (ISO 3166-1-Code und ISO 3166-1/3-Alpha-Code); Bildungsniveau des Vaters (ISCED 97 - einstellig, ISCED 11 - einstellig, länderspezifisch, ISO 3166-1, 8 Kategorien, umcodiert); Bildungsniveau der Mutter (ISCED 11 - einstellig, umcodiert); Beschäftigungsstatus des Vaters, als der Befragte 14 Jahre alt war; Charakterisierung der Eltern, als der Befragte 14 Jahre alt war (Skala: lasen gerne Bücher, diskutierten zu Hause mit dem Kind über Politik, verfolgten gerne die Nachrichten, hatten Probleme, über die Runden zu kommen, hatten Probleme, kaputte Dinge zu ersetzen); Berufsgruppe - Vater des Befragten (EVS5 - Hauptverdiener) als der Befragte 14 Jahre alt war.

Zusätzlich verkodet: ID: Ursprüngliche Befragtennummer; vereinheitlichte Befragtennummer; vereinheitlichte Befragtennummer (EVS/WVS); Interviewernummer.

Interview: Art der Datenerhebung; Gesamtlänge des Interviews; Uhrzeit des Interviews - Beginn (hh.mm); Uhrzeit des Interviews - Ende (hh. mm); Datum Interview (JJJJMMTT); Sprache des Interviews (WVS/EVS-Sprachenliste); Sprache des Interviews (ISO 639-1 alpha-2 / 639-2 alpha-3); Erhebungsjahr; Jahr/Monat des Beginns der Befragung; Jahr/Monat des Endes der Befragung; Region: Region, in der das Interview durchgeführt wurde; Region, in der die Befragung durchgeführt wurde ((NUTS-1): NUTS-Version 2006, (NUTS-2): NUTS-Version 2006), (NUTS-1): NUTS-Version 2016, (NUTS-2): NUTS-Version 2016); Größe der Stadt, in der das Interview durchgeführt wurde (5 Kategorien); Größe der Stadt (länderspezifisch); Art des Lebensraums; ethnische Gruppe; Post-Materialismus-Index (12-Item, 4-Item).

Gewichte: Gewicht der Bevölkerungsgröße; Gewicht; Gewicht (mit Split ups); ausgeglichenes Gewicht - 1000.

Verwaltungs- und Protokollvariablen: Land (CoW Numerischer Code); Studie; EVS-Welle; EVS/WVS-Welle; Land (ISO 3166-1 Numerischer Code); Land (ISO 3166-1 Numerischer Code) (mit Split ups); Land (ISO 3166-1 Alpha-2 Code); Land (ISO 3166-1 Alpha-2 Code) (mit Split ups); Land - Welle - Studie - Set - Jahr; Land - Welle - Studie - Satz - Jahr (mit Split ups); Land - Welle; Land - Welle (mit Split ups); Land - Jahr; Land - Jahr (mit Split ups); GESIS-Studiennummer (EVS-Welle); GESIS-Studiennummer; GESIS-Archivversion, GESIS-Archivversion (EVS-Welle);

Flag-Variable: Duplicate Cases.

Aufbau/ Struktur: Jahr/Monat des Feldarbeitsendes (Matrixdesign) (EVS5); Jahr/Monat des Feldarbeitsbeginns (Matrixdesign) (EVS5); Matrixzuordnung (Gruppe/Variablenblock) (EVS5); Mixed Mode/Matrixdesign (EVS5); Modus der Datenerhebung (Follow-up) (EVS5); Datum des Interviews (Follow-up) (EVS5); Uhrzeit des Interviewbeginns (konstruiert) (Follow-up) (EVS5); Uhrzeit des Interviewendes (konstruiert) (Follow-up) (EVS5); Erhebungsjahr (Follow-up) (EVS5).

Interviewer-Rating: Interesse des Befragten während des Interviews.";"[""Gedeshi, Ilir"", ""Zulehner, Paul M."", ""Rotman, David"", ""Titarenko, Larissa"", ""Billiet, Jaak"", ""Dobbelaere, Karel"", ""Kerkhofs, Jan"", ""Swyngedouw, Marc"", ""Voyé, Liliane"", ""Fotev, Georgy"", ""Marinov, Mario"", ""Raichev, Andrei"", ""Stoychev, Kancho"", ""Kielty, J.F."", ""Nevitte, Neil"", ""Baloban, Josip"", ""Baloban, Stjepan"", ""Roudometof, Victor"", ""Rabusic, Ladislav"", ""Rehak, Jan"", ""Gundelach, Peter"", ""Petersen, E."", ""Riis, Ole"", ""Röhme, Nils"", ""Saar, Andrus"", ""Lotti, Leila"", ""Pehkonen, Juhani"", ""Puranen, Bi"", ""Riffault, Hélène"", ""Stoetzel, Jean"", ""Tchernia, Jean-François"", ""Pachulia, Merab"", ""Jagodzinski, Wolfgang"", ""Klingemann, Hans-Dieter"", ""Köcher, Renate"", ""Noelle-Neumann, Elisabeth"", ""Anheier, Helmut"", ""Barker, David"", ""Harding, Stephen"", ""Heald, Gordon"", ""Timms, Noel"", ""Voas, David"", ""Gari, Aikaterini"", ""Georgas, James"", ""Mylonas, Kostas"", ""Hankiss, Elemer"", ""Manchin, Robert"", ""Rosta, Gergely"", ""Tomka, Miklós"", ""Haraldsson, Olafur"", ""Jónsson, Fridrik H."", ""Olafsson, Stefan"", ""Breen, Michael"", ""Fahey, Tony"", ""Fogarty, Michael"", ""Kennedy, Kieran"", ""Sinnott, Richard"", ""Whelan, Chris"", ""Abbruzzese, Salvatore"", ""Calvaruso, Claudio"", ""Gubert, Renzo"", ""Rovati, Giancarlo"", ""Zepa, Brigita"", ""Alisauskiene, Rasa"", ""Juknevicius, Stanislovas"", ""Ziliukaite, Ruta"", ""Estgen, Pol"", ""Hausman, Pierre"", ""Legrand, Michel"", ""Petkovska, Antoanela"", ""Abela, Anthony M."", ""Cachia-Caruana, Richard"", ""Inganuez, Fr. Joe"", ""Troisi, Joseph"", ""Petruti, Doru"", ""Besic, Milos"", ""Arts, Wil A."", ""de Moor, Ruud"", ""European Values Study"", ""Hagenaars, Jacques A.P."", ""Halman, Loek"", ""Luijkx, Ruud"", ""Hayes, Bernadette C."", ""Smith, Alan"", ""Listhaug, Ola"", ""Jasinska-Kania, Aleksandra"", ""Konieczna, Joanna"", ""Marody, Mira"", ""Cabral, Manuel Villaverde"", ""Franca, Luis de"", ""Ramos, Alice"", ""Vala, Jorge"", ""Pop, Lucien"", ""Voicu, Malina"", ""Zamfir, Catalin"", ""Bashkirova, Elena"", ""Gredelj, Stjepan"", ""Kusá, Zuzana"", ""Malnar, Brina"", ""Tos, Niko"", ""Elzo, Javier"", ""Orizo, Francisco Andrés"", ""Silvestre Cabrera, María"", ""Bush, Karin"", ""Wallman-Lundåsen, Susanne"", ""Pettersson, Thorleif"", ""Joye, Dominique"", ""Esmer, Yilmaz"", ""Balakireva, Olga"", ""Inglehart, Ronald"", ""Rosenberg, Florence"", ""Sullivan, Edward"", ""Pachulia, Merab"", ""Poghosyan, Gevorg"", ""Kritzinger, Sylvia"", ""Kolenovi?-?apo, Jadranka"", ""Baloban, Josip"", ""Frederiksen, Morten"", ""Saar, Erki"", ""Ketola, Kimmo"", ""Wolf, Christof"", ""Pachulia, Merab"", ""Bréchon, Pierre"", ""Jónsdóttir, Guðbjörg A."", ""Komar, Olivera"", ""Reeskens, Tim"", ""Jenssen, Anders T."", ""Soboleva, Natalia"", ""Voicu, Bogdan"", ""Strapcová, Katarina"", ""Beši?, Miloš"", ""Uhan, Samo"", ""Ernst Stähli, Michèle"", ""Mieri?a, Inta""]";"[""EVS -  - ""]";GESIS;GedeshiZulehnerRotman;"[""Center for Economic and Social Studies (CESS"", ""University of Vienna, Austria"", ""Belarus State University, Belarus"", ""Belarus State University, Belarus"", ""Catholic University of Leuven, Belgium"", ""Catholic University of Leuven, Belgium"", ""Catholic University of Leuven, Belgium"", ""Catholic University of Leuven, Belgium"", ""Catholic University of Leuven, Belgium"", ""Faculty for Social Wellbeing, New Bulgarian University, Sofia, Bulgaria"", ""Bulgarian Academy of Sciences, Bulgaria"", ""BBSS Gallup International, Bulgaria"", ""BBSS Gallup International, Bulgaria"", ""The Gallup Organization, Canada"", ""University of Calgary, Canada"", ""University of Zagreb, Croatia"", ""Catholic Faculty of Theology, University of Zagreb, Zagreb, Croatia"", ""University of Cyprus, Cyprus"", ""Masaryk University, Czech Republic"", ""Czech Republic"", ""University of Copenhagen, Denmark"", ""Aarhus University, Denmark"", ""Aarhus University, Denmark"", ""Aarhus University, Denmark"", ""SAAR POLL, Estonia"", ""TNS Gallup Oy, Finland"", ""TNS Gallup Oy, Finland"", ""Theseus International Management Institute, France"", ""Faits et Opinions, France"", ""Faits et Opinions, France"", ""Tchernia Etudes Conseil, France"", ""Georgian Opinion Research Business International (GORBI"", ""University of Cologne, Germany"", ""Berlin Science Center for Social Research, Germany"", ""Institut für Demoskopie Allensbach, Germany"", ""Institut für Demoskopie Allensbach, Germany"", ""London School of Economics and Political Science, Great Britain"", ""Great Britain"", ""ISR, Great Britain"", ""Gallup, Great Britain"", ""University of Leicester, Great Britain"", ""Department of Social Science, University College London, Great Britain"", ""University of Athens, Greece"", ""University of Athens, Greece"", ""University of Athens, Greece"", ""Hungarian Academy of Sciences, Hungary"", ""Hungarian Academy of Sciences, Hungary"", ""Pázmány Péter Catholic University, Hungary"", ""Hungarian Religious Research Centre, Hungary"", ""University of Iceland, Iceland"", ""University of Iceland, Iceland"", ""University of Iceland, Iceland"", ""University of Limerick, Ireland"", ""The Economic and Social Research Institute (ESRI"", ""The Economic and Social Research Institute (ESRI"", ""The Economic and Social Research Institute (ESRI"", ""Trinity College Dublin, Ireland"", ""The Economic and Social Research Institute (ESRI"", ""University of Trento, Italy"", ""University of Trento, Italy"", ""University of Trento, Italy"", ""Catholic University of the Sacred Heart, Italy"", ""Baltic Institute of Social Sciences, Latvia"", ""Institute for Social Research, Lithuania"", ""Lithuanian Institute of Culture and Arts, Lithuania"", ""Department of Sociology, Vilnius University, Lithuania"", ""SeSoPI Centre Intercommunautaire, Luxembourg"", ""CEPS/INSTEAD, Luxembourg"", ""SeSoPI Centre Intercommunautaire, Luxembourg"", ""Ss. Cyril and Methodius University, Republic of Macedonia"", ""University of Malta, Malta"", ""Malta"", ""Malta"", ""University of Malta, Malta"", ""Institute of Marketing and Polls IMAS-INC, Republic of Moldova"", ""University of Montenegro, Republic of Montenegro"", ""Tilburg University, The Netherlands"", ""Tilburg University, The Netherlands"", ""(Armenia, Bosnia and Herzegovina, Kosovo, Northern Cyprus"", ""Tilburg University, The Netherlands"", ""Tilburg University, The Netherlands"", ""Tilburg University, The Netherlands"", ""Queen´s University Belfast, Northern Ireland"", ""University of Ulster, Northern Ireland"", ""University of Trondheim; Norwegian University of Science and Technology, Norway"", ""University of Warsaw, Poland"", ""University of Warsaw, Poland"", ""University of Warsaw, Poland"", ""University of Lisbon, Portugal"", ""University of Lisbon, Portugal"", ""University of Lisbon, Portugal"", ""University of Lisbon, Portugal"", ""Romanian Academy, Romania"", ""Romanian Academy, Romania"", ""Romanian Academy, Romania"", ""Bashkirova & Partners, Russian Federation"", ""University of Belgrade, Serbia"", ""Slovak Academy of Sciences, Slovak Republic"", ""University of Ljubljana, Slovenia"", ""University of Ljubljana, Slovenia"", ""University of Deusto, Spain"", ""DATA S.A.; Centro de Investigaciones Sociológicas, Spain"", ""University of Deusto, Spain"", ""SIFO, Sweden"", ""Department of Social Sciences, Mid Sweden University, Sundsvall, Sweden"", ""Uppsala University, Sweden"", ""Swiss Foundation for Research in Social Sciences (FORS"", ""Bogazici University; Bahcesehir University, Turkey"", ""Institute Economy and Prognoses, National Academy of Ukraine, Kiev, Ukraine"", ""University of Michigan, USA"", ""Center for Applied Research in the Apostolate (CARA"", ""Center for Applied Research in the Apostolate (CARA"", ""SORGU, Baku, Azerbaijan"", ""Institute of Philosophy, Sociology and Law, Armenian National Academy of Sciences, Yerevan, Armenia"", ""Department of Government, University of Vienna, Vienna, Austria"", ""Faculty of Philosophy, University of Sarajevo, Bosnia and Herzegovina"", ""Catholic Faculty of Theology, University of Zagreb, Zagreb, Croatia"", ""Statistics Denmark, Copenhagen, Denmark"", ""Saar Poll, Tallinn, Estonia"", ""Kirkon tutkimuskeskus, Tampere, Finland"", ""Department of Social Sciences, GESIS - Leibniz Institute for the Social Sciences, Mannheim, Germany"", ""GORBI (Georgian Opinion Research Business International"", ""Institut d’études politiques de Grenoble, Grenoble, France"", ""Social Science Research Institute, University of Iceland, Reykjavik, Iceland"", ""De Facto Consultancy, Podgorica, Montenegro"", ""Department of Sociology, Tilburg University, Tilburg, Netherlands"", ""Department of Sociology and Political Science, Norwegian University of Science and Technology, Norway"", ""Laboratory for Comparative Social Research, Higher School of Economics, Moscow, Russia"", ""Research institute for Quality of Life, Romanian Academy of Science, Bucharest, Romania"", ""Institute for Sociology, Slovak Academy of Sciences, Bratislava, Slovak Republic"", ""Faculty of Political Sciences, University of Belgrade, Serbia"", ""Faculty of Social Sciences, Public Opinion and Mass Communication Research, University of Ljubljana, Ljubljana, Slovenia"", ""FORS, Swiss Foundation for Research in Social Sciences, Université de Lausanne, Lausanne, Switzerland"", ""University of Latvia, Riga, Latvia""]";1981-03-01 - 2021-10-01;;"[""Albanien (AL)"", ""Armenien (AM)"", ""Aserbaidschan (AZ)"", ""Österreich (AT)"", ""Weißrussland (BY)"", ""Bosnien und Herzegowina (BA)"", ""Kanada (CA)"", ""Bulgarien (BG)"", ""Kroatien (HR)"", ""Tschechische Republik (CZ)"", ""Dänemark (DK)"", ""Estland (EE)"", ""Finnland (FI)"", ""Frankreich (FR)"", ""Georgien (GE)"", ""Deutschland (DE)"", ""Griechenland (GR)"", ""Ungarn (HU)"", ""Island (IS)"", ""Irland (IE)"", ""Italien (IT)"", ""Lettland (LV)"", ""Litauen (LT)"", ""Luxemburg (LU)"", ""Malta (MT)"", ""Nord-Mazedonien (MK)"", ""Moldau, Republik (MD)"", ""Montenegro (ME)"", ""Niederlande (NL)"", ""Norwegen (NO)"", ""Polen (PL)"", ""Portugal (PT)"", ""Rumänien (RO)"", ""Russische Föderation (RU)"", ""Slowakei (SK)"", ""Slowenien (SI)"", ""Spanien (ES)"", ""Schweiz (CH)"", ""Schweden (SE)"", ""Türkei (TR)"", ""Ukraine (UA)"", ""Serbien (RS)"", ""Vereinigte Staaten von Amerika (US)"", ""Belgien (BE)""]";"[""Albanien"", ""Armenien"", ""Aserbaidschan"", ""Österreich"", ""Weißrussland"", ""Bosnien und Herzegowina"", ""Kanada"", ""Bulgarien"", ""Kroatien"", ""Tschechische Republik"", ""Dänemark"", ""Estland"", ""Finnland"", ""Frankreich"", ""Georgien"", ""Deutschland"", ""Griechenland"", ""Ungarn"", ""Island"", ""Irland"", ""Italien"", ""Lettland"", ""Litauen"", ""Luxemburg"", ""Malta"", ""Nord-Mazedonien"", ""Moldau, Republik"", ""Montenegro"", ""Niederlande"", ""Norwegen"", ""Polen"", ""Portugal"", ""Rumänien"", ""Russische Föderation"", ""Slowakei"", ""Slowenien"", ""Spanien"", ""Schweiz"", ""Schweden"", ""Türkei"", ""Ukraine"", ""Serbien"", ""Vereinigte Staaten von Amerika"", ""Belgien""]";"&bull;   Persönliches Interview : Computerunterstützte Befragung (CAPI/CAMI)
&bull;   Telefonisches Interview: Computerunterstützte Befragung (CATI)
&bull;   Selbstausgefüllter Fragebogen: Webbasiert (CAWI)
&bull;   Persönliches Interview : Papier-und-Bleistift (PAPI)
&bull;   Selbstausgefüllter Fragebogen: Papier;
";;"&bull;   Wahrscheinlichkeitsauswahl: Einfache Zufallsauswahl
&bull;   Wahrscheinlichkeitsauswahl: Mehrstufige Zufallsauswahl;
";;;"[""doi:10.4232/1.14021""]";;;;;;;, 2022-12-14,  https://doi.org/doi:10.4232/1.14021;"Gedeshi, I., Zulehner, P. M., Rotman, D., Titarenko, L., Billiet, J., Dobbelaere, K., Kerkhofs, J., . . . Mieri?a, I. (2022). EVS Trend File 1981-2017 (ZA7503; Version )  [Data set]. GESIS, Köln. https://doi.org/doi:10.4232/1.14021";"(ZA7503; Version )  [Data set]. GESIS, Köln. https://doi.org/doi:10.4232/1.14021";;;;;;"[""Albania (AL)"", ""Armenia (AM)"", ""Azerbaijan (AZ)"", ""Austria (AT)"", ""Belarus (BY)"", ""Bosnia and Herzegovina (BA)"", ""Canada (CA)"", ""Bulgaria (BG)"", ""Croatia (HR)"", ""Czech Republic (CZ)"", ""Denmark (DK)"", ""Estonia (EE)"", ""Finland (FI)"", ""France (FR)"", ""Georgia (GE)"", ""Germany (DE)"", ""Greece (GR)"", ""Hungary (HU)"", ""Iceland (IS)"", ""Ireland (IE)"", ""Italy (IT)"", ""Latvia (LV)"", ""Lithuania (LT)"", ""Luxembourg (LU)"", ""Malta (MT)"", ""North Macedonia (MK)"", ""Moldova, Republic of (MD)"", ""Montenegro (ME)"", ""Netherlands (NL)"", ""Norway (NO)"", ""Poland (PL)"", ""Portugal (PT)"", ""Romania (RO)"", ""Russian Federation (RU)"", ""Slovakia (SK)"", ""Slovenia (SI)"", ""Spain (ES)"", ""Switzerland (CH)"", ""Sweden (SE)"", ""Turkey (TR)"", ""Ukraine (UA)"", ""Serbia (RS)"", ""United States of America (US)"", ""Belgium (BE)""]";"[""Albania"", ""Armenia"", ""Azerbaijan"", ""Austria"", ""Belarus"", ""Bosnia and Herzegovina"", ""Canada"", ""Bulgaria"", ""Croatia"", ""Czech Republic"", ""Denmark"", ""Estonia"", ""Finland"", ""France"", ""Georgia"", ""Germany"", ""Greece"", ""Hungary"", ""Iceland"", ""Ireland"", ""Italy"", ""Latvia"", ""Lithuania"", ""Luxembourg"", ""Malta"", ""North Macedonia"", ""Moldova, Republic of"", ""Montenegro"", ""Netherlands"", ""Norway"", ""Poland"", ""Portugal"", ""Romania"", ""Russian Federation"", ""Slovakia"", ""Slovenia"", ""Spain"", ""Switzerland"", ""Sweden"", ""Turkey"", ""Ukraine"", ""Serbia"", ""United States of America"", ""Belgium""]";"&bull;   Face-to-face interview: Computer-assisted (CAPI/CAMI)
&bull;   Telephone interview: Computer-assisted (CATI)
&bull;   Self-administered questionnaire: Web-based (CAWI)
&bull;   Face-to-face interview: Paper-and-pencil (PAPI)
&bull;   Self-administered questionnaire: Paper;
";;;;"(ZA7503; Version ) [Data set]. GESIS, Cologne. https://doi.org/doi:10.4232/1.14021";"&bull;   Probability: Simple random
&bull;   Probability: Multistage;
";"Gedeshi, I., Zulehner, P. M., Rotman, D., Titarenko, L., Billiet, J., Dobbelaere, K., Kerkhofs, J., . . . Mieri?a, I. (2022). EVS Trend File 1981-2017 (ZA7503; Version ) [Data set]. GESIS, Cologne. https://doi.org/doi:10.4232/1.14021";"[""Face-to-face interview: Computer-assisted (CAPI/CAMI)"", ""Telephone interview: Computer-assisted (CATI)"", ""Self-administered questionnaire: Web-based (CAWI)"", ""Face-to-face interview: Paper-and-pencil (PAPI)"", ""Self-administered questionnaire: Paper""]";;GESIS-Datenarchiv;GESIS-DBK;0;1;1;10;;[];;;;"[{""label"": ""ZA7503_cdb.pdf  (Variablenreport) 2.42 MB"", ""label_en"": ""ZA7503_cdb.pdf  (Variable Report) 2.42 MB"", ""url"": ""https://access.gesis.org/dbk/71022"", ""secured"": ""false""}, {""label"": ""ZA7503_cdb_erratum_E181A.xlsx Erratum für Variable E181A (Codebuch) 97.71 KB"", ""label_en"": ""ZA7503_cdb_erratum_E181A.xlsx Erratum for variable E181A (Codebook) 97.71 KB"", ""url"": ""https://access.gesis.org/dbk/75233"", ""secured"": ""false""}]";;;;;;;;;;"[""Wahrscheinlichkeitsauswahl: Einfache Zufallsauswahl"", ""Wahrscheinlichkeitsauswahl: Mehrstufige Zufallsauswahl""]";"<table id=""version_table""><thead><tr><th>Versionsnummer</th><th>Datum, Name, DOI</th></tr></thead><tbody><tr><td></td><td>2022-12-14  (aktuelle Version) <a href=""https://doi.org/doi:10.4232/1.14021"">https://doi.org/doi:10.4232/1.14021</a></td></tr></tbody></table>";"<table id=""version_table""><thead><tr><th>Version number</th><th>Date, Name, DOI</th></tr></thead><tbody><tr><td></td><td>2022-12-14  (current version) <a href=""https://doi.org/doi:10.4232/1.14021"">https://doi.org/doi:10.4232/1.14021</a></td></tr><tbody></table>";"[""Probability: Simple random"", ""Probability: Multistage""]";;;EVS Trend File 1981-2017;;;;;;;;;;ZA7503;"[""Gedeshi, Ilir - Center for Economic and Social Studies (CESS"", ""Zulehner, Paul M. - University of Vienna, Austria"", ""Rotman, David - Belarus State University, Belarus"", ""Titarenko, Larissa - Belarus State University, Belarus"", ""Billiet, Jaak - Catholic University of Leuven, Belgium"", ""Dobbelaere, Karel - Catholic University of Leuven, Belgium"", ""Kerkhofs, Jan - Catholic University of Leuven, Belgium"", ""Swyngedouw, Marc - Catholic University of Leuven, Belgium"", ""Voyé, Liliane - Catholic University of Leuven, Belgium"", ""Fotev, Georgy - Faculty for Social Wellbeing, New Bulgarian University, Sofia, Bulgaria"", ""Marinov, Mario - Bulgarian Academy of Sciences, Bulgaria"", ""Raichev, Andrei - BBSS Gallup International, Bulgaria"", ""Stoychev, Kancho - BBSS Gallup International, Bulgaria"", ""Kielty, J.F. - The Gallup Organization, Canada"", ""Nevitte, Neil - University of Calgary, Canada"", ""Baloban, Josip - University of Zagreb, Croatia"", ""Baloban, Stjepan - Catholic Faculty of Theology, University of Zagreb, Zagreb, Croatia"", ""Roudometof, Victor - University of Cyprus, Cyprus"", ""Rabusic, Ladislav - Masaryk University, Czech Republic"", ""Rehak, Jan - Czech Republic"", ""Gundelach, Peter - University of Copenhagen, Denmark"", ""Petersen, E. - Aarhus University, Denmark"", ""Riis, Ole - Aarhus University, Denmark"", ""Röhme, Nils - Aarhus University, Denmark"", ""Saar, Andrus - SAAR POLL, Estonia"", ""Lotti, Leila - TNS Gallup Oy, Finland"", ""Pehkonen, Juhani - TNS Gallup Oy, Finland"", ""Puranen, Bi - Theseus International Management Institute, France"", ""Riffault, Hélène - Faits et Opinions, France"", ""Stoetzel, Jean - Faits et Opinions, France"", ""Tchernia, Jean-François - Tchernia Etudes Conseil, France"", ""Pachulia, Merab - Georgian Opinion Research Business International (GORBI"", ""Jagodzinski, Wolfgang - University of Cologne, Germany"", ""Klingemann, Hans-Dieter - Berlin Science Center for Social Research, Germany"", ""Köcher, Renate - Institut für Demoskopie Allensbach, Germany"", ""Noelle-Neumann, Elisabeth - Institut für Demoskopie Allensbach, Germany"", ""Anheier, Helmut - London School of Economics and Political Science, Great Britain"", ""Barker, David - Great Britain"", ""Harding, Stephen - ISR, Great Britain"", ""Heald, Gordon - Gallup, Great Britain"", ""Timms, Noel - University of Leicester, Great Britain"", ""Voas, David - Department of Social Science, University College London, Great Britain"", ""Gari, Aikaterini - University of Athens, Greece"", ""Georgas, James - University of Athens, Greece"", ""Mylonas, Kostas - University of Athens, Greece"", ""Hankiss, Elemer - Hungarian Academy of Sciences, Hungary"", ""Manchin, Robert - Hungarian Academy of Sciences, Hungary"", ""Rosta, Gergely - Pázmány Péter Catholic University, Hungary"", ""Tomka, Miklós - Hungarian Religious Research Centre, Hungary"", ""Haraldsson, Olafur - University of Iceland, Iceland"", ""Jónsson, Fridrik H. - University of Iceland, Iceland"", ""Olafsson, Stefan - University of Iceland, Iceland"", ""Breen, Michael - University of Limerick, Ireland"", ""Fahey, Tony - The Economic and Social Research Institute (ESRI"", ""Fogarty, Michael - The Economic and Social Research Institute (ESRI"", ""Kennedy, Kieran - The Economic and Social Research Institute (ESRI"", ""Sinnott, Richard - Trinity College Dublin, Ireland"", ""Whelan, Chris - The Economic and Social Research Institute (ESRI"", ""Abbruzzese, Salvatore - University of Trento, Italy"", ""Calvaruso, Claudio - University of Trento, Italy"", ""Gubert, Renzo - University of Trento, Italy"", ""Rovati, Giancarlo - Catholic University of the Sacred Heart, Italy"", ""Zepa, Brigita - Baltic Institute of Social Sciences, Latvia"", ""Alisauskiene, Rasa - Institute for Social Research, Lithuania"", ""Juknevicius, Stanislovas - Lithuanian Institute of Culture and Arts, Lithuania"", ""Ziliukaite, Ruta - Department of Sociology, Vilnius University, Lithuania"", ""Estgen, Pol - SeSoPI Centre Intercommunautaire, Luxembourg"", ""Hausman, Pierre - CEPS/INSTEAD, Luxembourg"", ""Legrand, Michel - SeSoPI Centre Intercommunautaire, Luxembourg"", ""Petkovska, Antoanela - Ss. Cyril and Methodius University, Republic of Macedonia"", ""Abela, Anthony M. - University of Malta, Malta"", ""Cachia-Caruana, Richard - Malta"", ""Inganuez, Fr. Joe - Malta"", ""Troisi, Joseph - University of Malta, Malta"", ""Petruti, Doru - Institute of Marketing and Polls IMAS-INC, Republic of Moldova"", ""Besic, Milos - University of Montenegro, Republic of Montenegro"", ""Arts, Wil A. - Tilburg University, The Netherlands"", ""de Moor, Ruud - Tilburg University, The Netherlands"", ""European Values Study - (Armenia, Bosnia and Herzegovina, Kosovo, Northern Cyprus"", ""Hagenaars, Jacques A.P. - Tilburg University, The Netherlands"", ""Halman, Loek - Tilburg University, The Netherlands"", ""Luijkx, Ruud - Tilburg University, The Netherlands"", ""Hayes, Bernadette C. - Queen´s University Belfast, Northern Ireland"", ""Smith, Alan - University of Ulster, Northern Ireland"", ""Listhaug, Ola - University of Trondheim; Norwegian University of Science and Technology, Norway"", ""Jasinska-Kania, Aleksandra - University of Warsaw, Poland"", ""Konieczna, Joanna - University of Warsaw, Poland"", ""Marody, Mira - University of Warsaw, Poland"", ""Cabral, Manuel Villaverde - University of Lisbon, Portugal"", ""Franca, Luis de - University of Lisbon, Portugal"", ""Ramos, Alice - University of Lisbon, Portugal"", ""Vala, Jorge - University of Lisbon, Portugal"", ""Pop, Lucien - Romanian Academy, Romania"", ""Voicu, Malina - Romanian Academy, Romania"", ""Zamfir, Catalin - Romanian Academy, Romania"", ""Bashkirova, Elena - Bashkirova & Partners, Russian Federation"", ""Gredelj, Stjepan - University of Belgrade, Serbia"", ""Kusá, Zuzana - Slovak Academy of Sciences, Slovak Republic"", ""Malnar, Brina - University of Ljubljana, Slovenia"", ""Tos, Niko - University of Ljubljana, Slovenia"", ""Elzo, Javier - University of Deusto, Spain"", ""Orizo, Francisco Andrés - DATA S.A.; Centro de Investigaciones Sociológicas, Spain"", ""Silvestre Cabrera, María - University of Deusto, Spain"", ""Bush, Karin - SIFO, Sweden"", ""Wallman-Lundåsen, Susanne - Department of Social Sciences, Mid Sweden University, Sundsvall, Sweden"", ""Pettersson, Thorleif - Uppsala University, Sweden"", ""Joye, Dominique - Swiss Foundation for Research in Social Sciences (FORS"", ""Esmer, Yilmaz - Bogazici University; Bahcesehir University, Turkey"", ""Balakireva, Olga - Institute Economy and Prognoses, National Academy of Ukraine, Kiev, Ukraine"", ""Inglehart, Ronald - University of Michigan, USA"", ""Rosenberg, Florence - Center for Applied Research in the Apostolate (CARA"", ""Sullivan, Edward - Center for Applied Research in the Apostolate (CARA"", ""Pachulia, Merab - SORGU, Baku, Azerbaijan"", ""Poghosyan, Gevorg - Institute of Philosophy, Sociology and Law, Armenian National Academy of Sciences, Yerevan, Armenia"", ""Kritzinger, Sylvia - Department of Government, University of Vienna, Vienna, Austria"", ""Kolenovi?-?apo, Jadranka - Faculty of Philosophy, University of Sarajevo, Bosnia and Herzegovina"", ""Baloban, Josip - Catholic Faculty of Theology, University of Zagreb, Zagreb, Croatia"", ""Frederiksen, Morten - Statistics Denmark, Copenhagen, Denmark"", ""Saar, Erki - Saar Poll, Tallinn, Estonia"", ""Ketola, Kimmo - Kirkon tutkimuskeskus, Tampere, Finland"", ""Wolf, Christof - Department of Social Sciences, GESIS - Leibniz Institute for the Social Sciences, Mannheim, Germany"", ""Pachulia, Merab - GORBI (Georgian Opinion Research Business International"", ""Bréchon, Pierre - Institut d’études politiques de Grenoble, Grenoble, France"", ""Jónsdóttir, Guðbjörg A. - Social Science Research Institute, University of Iceland, Reykjavik, Iceland"", ""Komar, Olivera - De Facto Consultancy, Podgorica, Montenegro"", ""Reeskens, Tim - Department of Sociology, Tilburg University, Tilburg, Netherlands"", ""Jenssen, Anders T. - Department of Sociology and Political Science, Norwegian University of Science and Technology, Norway"", ""Soboleva, Natalia - Laboratory for Comparative Social Research, Higher School of Economics, Moscow, Russia"", ""Voicu, Bogdan - Research institute for Quality of Life, Romanian Academy of Science, Bucharest, Romania"", ""Strapcová, Katarina - Institute for Sociology, Slovak Academy of Sciences, Bratislava, Slovak Republic"", ""Beši?, Miloš - Faculty of Political Sciences, University of Belgrade, Serbia"", ""Uhan, Samo - Faculty of Social Sciences, Public Opinion and Mass Communication Research, University of Ljubljana, Ljubljana, Slovenia"", ""Ernst Stähli, Michèle - FORS, Swiss Foundation for Research in Social Sciences, Université de Lausanne, Lausanne, Switzerland"", ""Mieri?a, Inta - University of Latvia, Riga, Latvia""]";"[""AL"", ""AM"", ""AZ"", ""AT"", ""BY"", ""BA"", ""CA"", ""BG"", ""HR"", ""CZ"", ""DK"", ""EE"", ""FI"", ""FR"", ""GE"", ""DE"", ""GR"", ""HU"", ""IS"", ""IE"", ""IT"", ""LV"", ""LT"", ""LU"", ""MT"", ""MK"", ""MD"", ""ME"", ""NL"", ""NO"", ""PL"", ""PT"", ""RO"", ""RU"", ""SK"", ""SI"", ""ES"", ""CH"", ""SE"", ""TR"", ""UA"", ""RS"", ""US"", ""BE""]";[];0;224434;"[""""]";"[""n Values Study (EVS)"", ""nd Files""]";"[""""]";"[""2022-12-14""]";A;Daten und Dokumente sind für die akademische Forschung und Lehre freigegeben.;Data and documents are released for academic research and teaching.;"[""Die European Values Study ist eine transnationale empirische Langzeitstudie, die in Verantwortung der European Values Study Fundation seit 1981 in einem 9-jährigen Turnus durchgeführt wird. Die wiederholte Querschnittserhebungen decken ein breites Spektrum an Themen ab, die sich auf zentrale Lebensbereiche wie Arbeit und Freizeit, Familie und Sexualität, Religion, Politik und Ethik erstrecken. Der EVS-Datenbestand umfasst die integrierten Datensätze für die einzelnen Wellen und zusätzlich für die Wellen 1999 und 2008 die nationalen Datensätze. Frage, die mindestens zweimal in EVS, oder in EVS und WVS wiederholt wurden, werden in das EVS Trend File kumuliert. Das Trend File des EVS kann mit dem Trend File des World Values Surveys (WVS) zu dem Integrated Values Surveys Data File zusammengefügt werden."", ""Die European Values Study ist eine transnationale empirische Langzeitstudie, die in Verantwortung der European Values Study Foundation durchgeführt wird. Die einzelnen Erhebungen decken ein breites Spektrum an Themen ab, die sich auf zentrale Lebensbereiche wie Arbeit und Freizeit, Familie und Sexualität, Religion, Politik und Ethik erstrecken. ""]";"[""rope"", ""S Tr""]";N;"[""1981-03-01 - 1981-05-31, Belgien (1. Welle)"", ""1982 - , Kanada (1. Welle)"", ""1981-03-01 - 1981-05-31, Dänemark (1. Welle)"", ""1981-03-01 - 1981-05-31, Frankreich (1. Welle)"", ""1981-03-01 - 1981-05-31, Deutschland (1. Welle)"", ""1981-03-01 - 1981-05-31, Großbritannien (1. Welle)"", ""1984 - , Island (1. Welle)"", ""1981-03-01 - 1981-05-31, Italien (1. Welle)"", ""1983-11 - 1984-02, Malta (1. Welle)"", ""1981-03-01 - 1981-05-31, Niederlande (1. Welle)"", ""1981-03-01 - 1981-03-01, Nordirland (1. Welle)"", ""1981-03-01 - 1981-05-31, Spanien (1. Welle)"", ""1982-03-01 - 1982-03-31, USA (1. Welle)"", ""1982-11 - 1982-12, Norwegen (1. Welle)"", ""1982 - , Schweden (1. Welle)"", ""1990-04-09 - 1990-06-01, Österreich (2. Welle)"", ""1990-06-10 - 1990-06-27, Belgien (2. Welle)"", ""1990-08-01 - 1990-12-31, Bulgarien (2. Welle)"", ""1990-05-01 - 1990-06-30, Kanada (2. Welle)"", ""1991-08-26 - 1991-10-06, Tschechische Republik (2. Welle)"", ""1990-04-01 - 1990-05-31, Dänemark (2. Welle)"", ""1990-06-01 - 1990-08-30, Estland (2. Welle)"", ""1990-04-01 - 1990-04-30, Finnland (2. Welle)"", ""1990-06-25 - 1990-07-13, Frankreich (2. Welle)"", ""1990-05-28 - 1990-06-16, Ostdeutschland (2. Wellle)"", ""1990-04-23 - 1990-05-15, Westdeutschland (2. Wellle)"", ""1990-06-01 - 1990-09-20, Großbritannien (2. Wellle)"", ""1991-05 - 1991-06, Ungarn (2. Wellle)"", ""1990-04-01 - 1990-04-30, Island (2. Wellle)"", ""1990-07-06 - 1990-10-26, Irland (2.Wellle)"", ""1990-10-26 - 1990-11-26, Italien (2.Wellle)"", ""1990-06-01 - 1990-08-30, Lettland (2.Wellle)"", ""1990-06-01 - 1990-08-30, Litauen (2.Wellle)"", ""1991 - , Malta (2.Wellle)"", ""1990-06-01 - 1990-09-30, Niederlande (2.Wellle)"", ""1990-07-01 - 1990-09-30, Nordirland (2.Wellle)"", ""1990-06-04 - , Norwegen (2.Wellle)"", ""1990-05 - 1990-06, Polen (2. Welle)"", ""1990-05-11 - 1990-07-13, Portugal (2. Welle)"", ""1993 - , Rumänien (2. Welle)"", ""1991-08-26 - 1991-09-08, Slowakei (2. Welle)"", ""1992-02-01 - 1992-02-28, Slowenien (2. Welle)"", ""1990-04-09 - 1990-05-14, Spanien (2. Welle)"", ""1990-04-01 - 1990-05-31, Schweden (2. Welle)"", ""1990-05-01 - 1990-06-30, USA (2. Welle)"", ""1999-03-23 - 1999-04-10, Frankreich (3. Welle)"", ""1999-10-01 - 1999-11-30, Großbritannien (3. Welle)"", ""1999-10-01 - 1999-12-31, Westdeutschland (3. Welle)"", ""1999-10-01 - 1999-12-31, Ostdeutschland (3. Welle)"", ""1999-08-01 - 1999-10-31, Österreich (3. Welle)"", ""1999-03-01 - 1999-05-31, Italien (3. Welle)"", ""1999-03-01 - 1999-04-30, Spanien (3. Welle)"", ""1999-10-01 - 1999-12-31, Portugal (3. Welle)"", ""1999-03-01 - 1999-08-31, Niederlande (3. Welle)"", ""1999-03-01 - 1999-06-30, Belgien (3. Welle)"", ""1999-04-01 - 1999-11-30, Dänemark (3. Welle)"", ""1999-11-15 - 2000-02-13, Schweden (3. Welle)"", ""2000-09-01 - 2000-10-31, Finnland (3. Welle)"", ""1999-06-01 - 1999-12-31, Island (3. Welle)"", ""1999-07-01 - 1999-11-30, Nordirland (3. Welle)"", ""1999-10-01 - 2000-02-28, Irland (3. Welle)"", ""1999-10-01 - 1999-10-31, Estland (3. Welle)"", ""1999-03-01 - 1999-03-31, Lettland (3. Welle)"", ""1999-11-01 - 1999-12-31, Litauen (3. Welle)"", ""1999-02-01 - 1999-03-31, Polen (3. Welle)"", ""1999-03-01 - 1999-05-31, Tschechische Republik (3. Welle)"", ""1999-06-01 - 1999-07-31, Slowakei (3. Welle)"", ""1999-11-01 - 1999-12-31, Ungarn (3. Welle)"", ""1999-07-01 - 1999-07-31, Rumänien (3. Welle)"", ""1999-06-01 - 1999-07-31, Bulgarien (3. Welle)"", ""1999-03-01 - 1999-04-30, Kroatien (3. Welle)"", ""1999-03-01 - 1999-06-30, Griechenland (3. Welle)"", ""1999-04-01 - 1999-06-30, Russland (3. Welle)"", ""1999-03-01 - 1999-05-31, Malta (3. Welle)"", ""1999-07-01 - 1999-10-31, Luxemburg (3. Welle)"", ""1999-10-01 - 1999-10-31, Slowenien (3. Welle)"", ""1999-12-01 - 1999-12-31, Ukraine (3. Welle)"", ""2000-03-01 - 2000-04-30, Weißrussland (3. Welle)"", ""2001-09-01 - 2001-10-01, Türkei (3. Welle)"", ""2008-07-10 - 2008-09-09, Albanien (4. Welle)"", ""2008-06-16 - 2008-09-19, Armenien (4. Welle)"", ""2008-07-21 - 2008-10-22, Österreich (4. Welle)"", ""2008-06-11 - 2008-07-31, Weißrussland (4. Welle)"", ""2009-04-30 - 2009-08-02, Belgien (4. Welle)"", ""2008-07-12 - 2008-07-31, Bosnien-Herzegowina (4. Welle)"", ""2008-04-21 - 2008-06-15, Bulgarien (4. Welle)"", ""2008-10-25 - 2008-11-28, Zypern (4. Welle)"", ""2008-10-28 - 2008-12-04, Nordzypern (4. Welle)"", ""2008-04-30 - 2008-10-31, Kroatien (4. Welle)"", ""2008-05-05 - 2008-11-02, Tschechische Republik (4. Welle)"", ""2008-04-01 - 2008-09-15, Dänemark (4. Welle)"", ""2008-07-01 - 2008-08-31, Estland (4. Welle)"", ""2009-07-09 - 2009-07-15, Finnland (4. Welle)"", ""2008-05-07 - 2008-09-04, Frankreich (4. Welle)"", ""2008-08-21 - 2008-09-30, Georgien (4. Welle)"", ""2008-09-17 - 2009-02-10, Deutschland (4. Welle)"", ""2009-08-01 - 2010-03-10, Großbritannien (4. Welle)"", ""2008-09-12 - 2008-10-26, Griechenland (4. Welle)"", ""2008-11-26 - 2009-01-28, Ungarn (4. Welle)"", ""2008-06-07 - 2008-08-31, Irland (4. Welle)"", ""2009-07-15 - 2010-03-15, Island (4. Welle)"", ""2009-10-02 - 2009-12-30, Italien (4. Welle)"", ""2008-07-15 - 2008-10-13, Kosovo (4. Welle)"", ""2008-06-01 - 2008-10-31, Lettland (4. Welle)"", ""2008-07-21 - 2008-08-25, Litauen (4. Welle - 1. Teil)"", ""2008-08-03 - 2008-09-14, Litauen (4. Welle - 2. Teil)"", ""2008-05-03 - 2008-12-15, Luxemburg (4. Welle)"", ""2008-06-16 - 2008-09-23, Malta (4. Welle)"", ""2008-07-03 - 2008-10-13, Mazedonien (4. Welle)"", ""2008-07-02 - 2008-10-04, Moldawien (4. Welle)"", ""2008-11-12 - 2008-12-08, Montenegro (4. Welle)"", ""2008-05-21 - 2008-10-21, Niederlande (4. Welle)"", ""2008-09-26 - 2008-10-23, Nordirland (4. Welle)"", ""2008-04-07 - 2008-09-02, Norwegen (4. Welle)"", ""2008-06-27 - 2008-09-28, Polen (4. Welle)"", ""2008-05-26 - 2008-08-31, Portugal (4. Welle)"", ""2008-04-24 - 2008-06-30, Rumänien (4. Welle)"", ""2008-06-28 - 2008-07-26, Russland (4. Welle)"", ""2008-09-25 - 2010-01-10, Schweden (4. Welle)"", ""2008-05-08 - 2008-10-06, Schweiz (4. Welle)"", ""2008-07-14 - 2008-07-31, Serbien (4. Welle)"", ""2008-07-14 - 2008-08-29, Slowakei (4. Welle)"", ""2008-03-27 - 2008-06-18, Slowenien (4. Welle)"", ""2008-05-28 - 2008-07-15, Spanien (4. Welle)"", ""2008-11-26 - 2009-03-01, Türkei (4. Welle)"", ""2008-07-12 - 2008-10-09, Ukraine (4. Welle)"", ""2018-02-24 - 2018-06-24, Albanien (EVS 2017)"", ""2018-02-20 - 2018-04-30, Armenien (EVS 2017)"", ""2018-01-08 - 2018-05-14, Österreich (EVS 2017)"", ""2018-11-10 - 2018-12-23, Aserbaidschan (EVS 2017)"", ""2018-02-01 - 2018-03-05, Belarus (EVS 2017)"", ""2019-02-03 - 2019-06-14, Bosnien und Herzegowina (EVS 2017)"", ""2017-11-11 - 2018-09-01, Bulgarien (EVS 2017)"", ""2017-10-25 - 2018-02-16, Kroatien (EVS 2017)"", ""2017-09-17 - 2017-12-01, Tschechische Republik (EVS 2017)"", ""2017-09-27 - 2018-01-31, Dänemark (EVS 2017)"", ""2018-05-17 - 2018-09-12, Estland (EVS 2017)"", ""2017-11-24 - 2018-07-10, Finnland (EVS 2017)"", ""2018-03-02 - 2018-08-16, Frankreich (EVS 2017)"", ""2018-01-11 - 2018-03-18, Georgien (EVS 2017)"", ""2017-10-23 - 2018-11-28, Deutschland (EVS 2017)"", ""2018-02-12 - 2018-07-16, Großbritannien (EVS 2017)"", ""2018-02-24 - 2018-08-21, Ungarn (EVS 2017)"", ""2017-06-19 - 2018-04-04, Island (EVS 2017)"", ""2018-09-24 - 2019-01-30, Italien (EVS 2017)"", ""2017-12-08 - 2018-02-12, Litauen (EVS 2017)"", ""2019-07 - 2019-12, Montenegro (EVS 2017)"", ""2017-08-31 - 2018-02-28, Niederlande (EVS 2017)"", ""2018-08-22 - 2018-12-17, Norwegen (EVS 2017)"", ""2018-12-10 - 2019-03-28, Nord Mazedonien (EVS 2017)"", ""2017-11-17 - 2018-02-08, Polen (EVS 2017)"", ""2018-02-03 - 2018-05-05, Rumänien (EVS 2017)"", ""2017-11-07 - 2017-12-25, Russland (EVS 2017)"", ""2018-11-10 - 2018-12-21, Serbien (EVS 2017)"", ""2017-09-26 - 2017-12-03, Slowakische Republik (EVS 2017)"", ""2017-09-30 - 2017-12-23, Slowenien (EVS 2017)"", ""2017-11-28 - 2018-01-22, Spanien (EVS 2017)"", ""2017-09-27 - 2018-06-06, Schweden (EVS 2017)"", ""2017-09-11 - 2018-02-22, Schweiz (EVS 2017)"", ""2020-01-11 - 2020-03-01, Portugal (EVS 2017)"", ""2020-11-02 - 2020-11-23, Ukraine (EVS 2017)"", ""2021-07-23 - 2021-10-01, Lettland (EVS 2017)""]";info:eu-repo/semantics/restrictedAccess;colectica;14.12.2022 01:00;EVS Trend File 1981-2017;"1. Perceptions of life: importance of family, friends and acquaintances, leisure time, politics, work, and religion; feeling of happiness; self-assessment of state of health; feelings: ever felt excited or interested, restless, proud because of compliments, very lonely or remote from other people, pleased about having accomplishes something, bored, on top of the world, very unhappy, that things were going your way, upset because of criticism; memberships and voluntary work (unpaid work) in: social welfare services, religious or church organisations, education, art, music or cultural activities, labour unions, political parties, local political actions, human rights, conservation, the environment, ecology, animal rights, professional associations, youth work, sports clubs, women´s groups, peace movement, organization concerned with health,  consumer groups or other groups, humanitarian or charitable organization, self-help group, mutual aid group, belonging to none; reasons for voluntary work (e.g. solidarity with the poor and disadvantaged, compassion for those in need, etc.); tolerance towards minorities as neighbours (people with a criminal record, people of a different race, heavy drinkers, emotionally unstable people, Muslims, immigrants, foreign workers, people who have AIDS, drug addicts, homosexuals, Jews, Gypsies, Christians, left wing extremists, right wing extremists, people with large families and Hindus); most people can be trusted; estimation of people´s fair and helpful behavior; satisfaction with life; internal or external control; leisure: spent time with: friends, colleagues from work, with people at church, mosque or synagogue, with people at sport, culture, communal organisation. 

2. Family and marriage: attitude towards respect and love for parents; parent´s responsibilities to their children; important child qualities (good manners, independence, hard work, feeling of responsibility, imagination, tolerance and respect for other people, thrift saving money and things, determination perseverance, religious faith, unselfishness, obedience, none); justification of abortion when the mother’s health is at risk, when the child is physically handicapped, when woman is not married, if not wanting more children; trust in family; satisfaction with home life; sharing attitudes with partner (attitudes towards religion, moral standards, social attitudes, political views, sexual attitudes, no sharing attitudes) and sharing attitudes with parents; ideal number of children; a child needs a home with father and mother; a woman has to have children to be fulfilled; a man has to have children to be fulfilled; marriage is an outdated institution; view on woman as a single parent; enjoy sexual freedom; long-term relationship is necessary to be happy; duty towards society to have children; it is child’s duty to take care of ill parent; most important criteria for a successful marriage or partnership (faithfulness, adequate income, same social background, respect and appreciation, religious beliefs, good housing, agreement on politics, understanding and tolerance, apart from in-laws, happy sexual relationship, sharing household chores, children, discussing problems, tastes and interests in common, time for friends and personal hobbies); to make own parents proud is a main goal in life; attitude towards traditional understanding of one´s role of man and woman in occupation and family (gender roles); homosexual couples are as good parents as other couples.

3. Politics and society: frequency of political discussions with friends and political opinion leadership; aims of the country and of the respondent (first and second choice); most important aims of the country for the next ten years; willingness to fight for the country; expectation of future changes and development (less importance placed on work, more emphasis on technology, more emphasis on individual, greater respect for authority, more emphasis on family life, a simple and more natural liefestyle); opinion about scientific advances; interest in politics, political participation: kinds of political action (signing a petition, joining in boycotts, attending lawful/ peaceful demonstrations, joining unofficial strikes, occupying buildings or factories); preference for individual freedom or social equality; left-right self-placement; basic kinds of attitudes concerning society; equal incomes or incentives for individual efforts; private vs. state ownership of business; self-responsibility or government responsibility; free decision of job-taking of the unemployed or no permission to refuse a job; competition good vs. harmful;  hard work brings success;  wealth accumulation; freedom of firms or governmental control; major changes in life; new and old ideas; personal characteristics (scale); the economic system needs fundamental changes; government should be made much more open to the public; allow more freedom for individuals; I could do nothing about an unjust law; political reform Is moving too rapidly; institutional trust (confidence in churches, armed forces, education system, the press, labour unions, the police, parliament, the civil services, social security system, the government, the political parties, major companies, the environmental protection movement, health care system, justice system/ courts, the European Union, major regional organization (combined from country-specific), NATO, the United Nations); attitude towards selected movements (ecology movement or nature protection, anti-nuclear energy movement, disarmament movement, human rights movement, women’s movement, and anti-apartheid movement); satisfaction with the way democracy develops; rating of the political system for the governing country; satisfaction with the political system in the country; rating of the political system as it was before; preferred type of political system (having a strong leader, having experts make decisions, having the army rule the country, or having a democratic political system); firm party leader vs.  cooperation party leader; government order vs. freedom; attitude towards democracy (in democracy the economic system runs badly, democracies are indecisive and have too much squabbling, democracies aren´t good at maintaining order, Democracy may have problems but is better); assessment of the observance of individual human rights in the country; assessing the solvability of environmental problems, crime and unemployment at the national level; immigrant policy; living day to day because of uncertain future; frequency of following politics in the news; give authorities information to help justice vs. stick to own affairs; feel concerned about immediate family, about people in the neighbourhood, people in the region, fellow countrymen, Europeans, human kind, elderly people, unemployed people, and about sick and disabled people; party preference (ISO 3166-1); political party with the most appeal (IS 3166-1); left-right scale of political party the respondent would vote for; frequency the respondent watches TV; reasons why there are people living in need (first and second mention); opinion on terrorism;  essential characteristics of democracy (governments tax the rich and subsidize the poor, religious authorities interpret the laws, people choose their leaders in free elections, people receive state aid for unemployment, the army takes over when government is incompetent, civil rights protect people’s liberty against oppression, women have the same rights as men, the state makes people´s incomes equal, people obey their rulers); importance of democracy; democraticness in own country; vote in elections on local level and on national level; assessment of country´s elections (votes are counted fairly, opposition candidates are prevented from running, TV news favors the governing party, voters are bribed, journalists provide fair coverage of elections, election officials are fair, rich people buy elections, voters are threatened with violence at the polls); political violence is justifiable; opinion on the government´s right to keep people under video surveillance in public areas, monitor all e-mails and any other information exchanged on the Internet, collect information about anyone living in the country without their knowledge.

4. Religion: thinking about the meaning and the purpose of life; thinking about death; life is meaningful because God exits; try to get the best out of life; death is inevitable, has meaning if you believe in God, is a natural resting point; sorrow has meaning if you believe in God; life has no meaning; opinion on good and evil in everyone; belonging to religious denomination; religious denomination (major groups, country-specific); former religious denomination; which former religious denomination; frequency of attending religious services; raised religiously; frequency of attending religious services at the age of 12; importance of religious service at birth, marriage and death; religiousness; churches give adequate answers to moral problems, problems of family life, people’s spiritual need, and  the social problems of the country; attitude towards the role of Churches in political issues (churches speak out on disarmament, abortion, third world problems, extramarital affairs, unemployment, racial discrimination, euthanasia, homosexuality, ecology and environmental issues, and government policy); belief in: God, life after death, soul, hell, heaven, sin, re-incarnation, devil, and resurrection of the dead; personal God versus spirit or life force; importance of God in one´s life; experience of comfort and strength from religion; moments of prayer and meditation; frequency of prayers to God outside of religious services; lucky charm protects; view on the influence of religion on public office and government (politicians who don´t believe in God are unfit for public office, religious leaders should not influence how people vote, better if more people with strong religious beliefs are in public office, religious leaders should not influence government). 

5. Moral attitudes: justifiable: claiming government benefits, claiming government benefits without entitlement, avoiding a fare on public transport, cheating on taxes, bribery, homosexuality, prostitution, abortion, divorce, euthanasia, suicide, joyriding, taking soft drugs, lying, adultery, throwing away litter, driving under influence of alcohol, paying cash, having casual sex, sex under the legal age of consent, political assassination, experiments with human embryos, manipulation of food, buy stolen goods, keeping money that you have found, fighting with the police, failing to report damage you’ve done accidentally to a parked vehicle, threatening workers who  refuse to join a strike, killing in self-defence, invitro fertilization, death penalty.

6. National identity: geographical group belonging to (first and second) (town, region of country, country, Europe, the world); geographical group belonging to (first and second) (country-specific); citizen of the country; national pride; trust in other people in the country, neighborhood, people personally known, people you meet for the first time, people of another religion, and people of another nationality; opinion on the European Union; immigrant status; important aspects of national identity (being born in the country, to respect country´s political institutions and laws, having country´s ancestry, to be able speak the national language); attitude towards immigrants and their customs and traditions (take away jobs, increase crime problems,  are a strain on country´s welfare system,  maintain own/ take over customs);  attitude towards the enlargement of the European Union; evaluation of the impact of immigrants on the development of the country; feeling close to the continent (e.g. Europe, Asiia etc.), the world, to the village, town or city, to the county, region, district, and to the country. 

7. Environment: attitude towards the environment (willingness to give part of own income for the environment, increase of taxes if used to prevent environmental pollution, government should reduce environmental pollution. all talk about the environment make people anxious, combatting unemployment, we have to accept environmental problems, protecting environment and fighting pollution is less urgent than suggested); protecting the environment vs. economic growth.

8. Work: Job scarce: give priority to nationals over immigrants as well as men over women in jobs, older people should be forces to retire; unfair to give work to handicapped people when able bodied people can’t find jobs; satisfaction with the financial situation of the household; importance of selected criteria of occupational work (e.g. good pay, not too much pressure, good job security, a respected job, etc.); employed; degree of pride in work; job satisfaction; attitude towards work (freedom decision taking in job, humiliating to receive money without having to work for it, people who don’t work turn lazy, work is a duty towards society, people should not have to work if they don’t want to, work should come first even it it means less spare time); reasons why people work (work is like a business transaction, I do the best I can regardless o pay, I wouldn’t work if I didn’t have to, I wouldn’t work if work interfered my life, work is most important in my life, I never had a paid job); fairness: one secretary is paid more; following instructions at work.

Demography: sex; year of birth; born in the country of interview; country of birth (ISO 3166-1 code, ISO 3166-1/3 Alpha code); year of immigration into the country; age; age recoded, age recodes (3 intervals); stable relationship; stable relationship before; marital status; Lived with partner before marriage; living with partner; ever been married before; number of children; had any children; number of children still living at home; number of people in the household (household size); age at completion of education (recoded in intervals); Educational level respondent (8 categories, ISCED 97 - one digit, ISCED 11 ? one digit, country-specific, recoded); living together with parents; employment status; employment status last job; supervisor function and number of supervised people (3 categories); number of employees (4 categories); institution of occupation; occupational sector: job profession/industry (2-digit ISCO88, 2-digit ISCO08); profession/ job; occupational status (SIOPS, ISEI, egp11, European ESeC); ); unemployment longer than three months; dependency on social security during the last five years; respondent is chief wage earner; chief wage earner is employed now; profession or job of chief wage earner; socio-economic status of respondent; income: scale of incomes (EVS); income (country-specific); monthly household income (x1000), corrected for ppp in euros; income level (3 categories) EVS.

Information on partner/spouse: born in the country of interview; country of birth of partner/spouse (ISO 3166-1 code, ISO 3166-1/3 Alpha code); educational level of spouse/partner (ISCED 97 - one digit, ISCED 11 -one digit, country-specific, 8 categories, recoded); employment status; employment status last job; job profession/industry (2-digit ISCO88, 2-digit ISCO08); occupational status (SIOPS, ISEI, European ESeC, egp11); number of employees (company size); supervisor function and number of supervised people.

Information on respondent’s parents: father and mother born in the country; country of birth of father and mother (ISO 3166-1 code and ISO 3166-1/3 Alpha code); educational level of father (ISCED 97 - one digit, ISCED 11 - one digit, country-specific, ISO 3166-1, 8 categories, recoded); educational level of mother (ISCED 11 - one digit, recoded); employment status of father when the respondent was 14 years old; characterization of the parents when respondent was 14 years old (scale: liked to read books, discussed politics at home with their child, liked to follow the news, had problems making ends meet, had problems replacing broken things); occupational group - respondent´s father (EVS5 - main earner) (respondent  14 years old).

Additionally coded: ID: Original respondent number; unified respondent number; unified respondent number (EVS/WVS); interviewer number.
  
Interview: mode of data collection; total length of interview; time of the interview - Start (hh.mm); time of the interview - End (hh.mm); date interview (YYYYMMDD); language of the interview (WVS/EVS list of languages); language of the interview (ISO 639-1 alpha-2 / 639-2 alpha-3); survey year; year/month of start-fieldwork; year/month of end-fieldwork; region: region where the interview was conducted; region where the intervies was conducted ((NUTS-1): NUTS version 2006, (NUTS-2): NUTS version 2006), (NUTS-1): NUTS version 2016, (NUTS-2): NUTS version 2016); size of town where interview was conducted (5 categories); size of town (country-specific); type of habitat; ethnic group; Post-Materialist index 12-item,  4-item).

Weights: population size weight; weight; weight (with split ups); equilibrated weight-1000.

Administration and protocol variables: country (CoW Numeric code); study; EVS-wave; EVS/WVS-wave; country (ISO 3166-1 Numeric code); country (ISO 3166-1 Numeric code) (with split ups); country (ISO 3166-1 Alpha-2 code); country (ISO 3166-1 Alpha-2 code) (with split ups); country - wave - study - set – year; country - wave - study - set - year (with split ups); country – wave; country - wave (with split ups); country – year; country - year (with split ups); GESIS study number (EVS wave); GESIS study number; GESIS archive version, GESIS archive version (EVS wave); 

Flag variable: Duplicate Cases.

Design/ structure: year/ month of fieldwork-end (matrix design) (EVS5); year/ month of fieldwork-start (matrix design) (EVS5); matrix attribution (group/variable bloc) (EVS5); Mixed mode/matrix design (EVS5); mode of data collection (follow-up) (EVS5); date of interview (follow-up) (EVS5); time of the interview-start (constructed) (follow-up) (EVS5); time of the interview-end (constructed) (follow-up) (EVS5); survey year (follow-up) (EVS5).

Interviewer rating: respondent’s interest during the interview.";[];"[""[]""]";;[];"[""The European Values Study is a large-scale, cross-national and longitudinal survey research program conducted under the responsibility of the European Values Study Foundation since 1981. The cross-sectional surveys, repeated in a 9-year cycle, cover a broad range of topics on central areas of life such as work and leisure time, family and sexuality, religion, politics and ethics. The EVS holding includes integrated datasets on every EVS wave and, in addition, the national datasets for the 1999 and 2008 waves. Questions repeated at least twice in EVS, or EVS and WVS, are cumulated in the EVS Trend File. The EVS Trend File can easily be merged with the World Values Survey (WVS) Trend File into the Integrated Values Surveys Data File."", ""The European Values Study is a transnational empirical long-term study conducted under the responsibility of the European Values Study Foundation. The individual surveys cover a wide range of topics that span central areas of life such as work and leisure, family and sexuality, religion, politics and ethics.""]";"[""1981-03-01 - 1981-05-31, Belgium (1st wave)"", ""1982 - , Canada (1st wave)"", ""1981-03-01 - 1981-05-31, Denmark (1st wave)"", ""1981-03-01 - 1981-05-31, France (1st wave)"", ""1981-03-01 - 1981-05-31, Germany (1st wave)"", ""1981-03-01 - 1981-05-31, Great Britain (1st wave)"", ""1984 - , Iceland (1st wave)"", ""1981-03-01 - 1981-05-31, Italy (1st wave)"", ""1983-11 - 1984-02, Malta (1st wave)"", ""1981-03-01 - 1981-05-31, Netherlands (1st wave)"", ""1981-03-01 - 1981-03-01, Northern Ireland (1st wave)"", ""1981-03-01 - 1981-05-31, Spain (1st wave)"", ""1982-03-01 - 1982-03-31, USA (1st wave)"", ""1982-11 - 1982-12, Norway (1st wave)"", ""1982 - , Sweden (1st wave)"", ""1990-04-09 - 1990-06-01, Austria (1st wave)"", ""1990-06-10 - 1990-06-27, Belgium (2nd wave)"", ""1990-08-01 - 1990-12-31, Bulgaria (2nd  wave)"", ""1990-05-01 - 1990-06-30, Canada (2nd wave)"", ""1991-08-26 - 1991-10-06, Czech Republic (2nd wave)"", ""1990-04-01 - 1990-05-31, Demmark (2nd  wave)"", ""1990-06-01 - 1990-08-30, Estonia (2nd  wave)"", ""1990-04-01 - 1990-04-30, Finland (2nd  wave)"", ""1990-06-25 - 1990-07-13, France (2nd wave)"", ""1990-05-28 - 1990-06-16, Germany East (2nd wave)"", ""1990-04-23 - 1990-05-15, Germany West (2nd wave)"", ""1990-06-01 - 1990-09-20, Great Britain (2nd wave)"", ""1991-05 - 1991-06, Hungary (2nd wave)"", ""1990-04-01 - 1990-04-30, Iceland (2nd wave)"", ""1990-07-06 - 1990-10-26, Ireland (2nd wave)"", ""1990-10-26 - 1990-11-26, Italy (2nd wave)"", ""1990-06-01 - 1990-08-30, Latvia (2nd wave)"", ""1990-06-01 - 1990-08-30, Lithuania  (2nd wave)"", ""1991 - , Malta (2nd wave)"", ""1990-06-01 - 1990-09-30, Netherlands (2nd wave)"", ""1990-07-01 - 1990-09-30, Northern Ireland (2nd wave)"", ""1990-06-04 - , Norway (2nd wave)"", ""1990-05 - 1990-06, Poland (2nd wave)"", ""1990-05-11 - 1990-07-13, Portugal (2nd wave)"", ""1993 - , Romania (2nd wave)"", ""1991-08-26 - 1991-09-08, Slovakia (2nd wave)"", ""1992-02-01 - 1992-02-28, Slovenia (2nd wave)"", ""1990-04-09 - 1990-05-14, Spain (2nd wave)"", ""1990-04-01 - 1990-05-31, Sweden (2nd wave)"", ""1990-05-01 - 1990-06-30, USA (2nd wave)"", ""1999-03-23 - 1999-04-10, France (3rd wave)"", ""1999-10-01 - 1999-11-30, Great Britain (3rd wave)"", ""1999-10-01 - 1999-12-31, Germany West (3rd wave)"", ""1999-10-01 - 1999-12-31, Germany East (3rd wave)"", ""1999-08-01 - 1999-10-31, Austria (3rd wave)"", ""1999-03-01 - 1999-05-31, Italy (3rd wave)"", ""1999-03-01 - 1999-04-30, Spain (3rd wave)"", ""1999-10-01 - 1999-12-31, Portugal  (3rd wave)"", ""1999-03-01 - 1999-08-31, Netherlands (3rd wave)"", ""1999-03-01 - 1999-06-30, Belgium (3rd wave)"", ""1999-04-01 - 1999-11-30, Denmark (3rd wave)"", ""1999-11-15 - 2000-02-13, Sweden (3rd wave)"", ""2000-09-01 - 2000-10-31, Finland (3rd wave)"", ""1999-06-01 - 1999-12-31, Iceland (3rd wave)"", ""1999-07-01 - 1999-11-30, Northern Ireland (3rd wave)"", ""1999-10-01 - 2000-02-28, Ireland (3rd wave)"", ""1999-10-01 - 1999-10-31, Estonia (3rd wave)"", ""1999-03-01 - 1999-03-31, Latvia (3rd wave)"", ""1999-11-01 - 1999-12-31, Lithuania (3rd wave)"", ""1999-02-01 - 1999-03-31, Poland (3rd wave)"", ""1999-03-01 - 1999-05-31, Czech Republic (3rd wave)"", ""1999-06-01 - 1999-07-31, Slovakia (3rd wave)"", ""1999-11-01 - 1999-12-31, Hungary (3rd wave)"", ""1999-07-01 - 1999-07-31, Romania (3rd wave)"", ""1999-06-01 - 1999-07-31, Bulgaria (3rd wave)"", ""1999-03-01 - 1999-04-30, Croatia (3rd wave)"", ""1999-03-01 - 1999-06-30, Greece (3rd wave)"", ""1999-04-01 - 1999-06-30, Russian Federation (3rd wave)"", ""1999-03-01 - 1999-05-31, Malta  (3rd wave)"", ""1999-07-01 - 1999-10-31, Luxembourg (3rd wave)"", ""1999-10-01 - 1999-10-31, Slovenia (3rd wave)"", ""1999-12-01 - 1999-12-31, Ukraine (3rd wave)"", ""2000-03-01 - 2000-04-30, Belarus (3rd wave)"", ""2001-09-01 - 2001-10-01, Turkey (3rd wave)"", ""2008-07-10 - 2008-09-09, Albania (4th wave)"", ""2008-06-16 - 2008-09-19, Armenia (4th wave)"", ""2008-07-21 - 2008-10-22, Austria (4th wave)"", ""2008-06-11 - 2008-07-31, Belarus (4th wave)"", ""2009-04-30 - 2009-08-02, Belgium (4th wave)"", ""2008-07-12 - 2008-07-31, Bosnia-Herzegovina (4th wave)"", ""2008-04-21 - 2008-06-15, Bulgaria (4th wave)"", ""2008-10-25 - 2008-11-28, Cyprus (4th wave)"", ""2008-10-28 - 2008-12-04, Northern Cyprus (4th wave)"", ""2008-04-30 - 2008-10-31, Croatia (4th wave)"", ""2008-05-05 - 2008-11-02, Czech Republic (4th wave)"", ""2008-04-01 - 2008-09-15, Denmark (4th wave)"", ""2008-07-01 - 2008-08-31, Estonia (4th wave)"", ""2009-07-09 - 2009-07-15, Finland (4th wave)"", ""2008-05-07 - 2008-09-04, France (4th wave)"", ""2008-08-21 - 2008-09-30, Georgia (4th wave)"", ""2008-09-17 - 2009-02-10, Germany (4th wave)"", ""2009-08-01 - 2010-03-10, Great Britain (4th wave)"", ""2008-09-12 - 2008-10-26, Greece (4th wave)"", ""2008-11-26 - 2009-01-28, Hungary (4th wave)"", ""2008-06-07 - 2008-08-31, Ireland (4th wave)"", ""2009-07-15 - 2010-03-15, Iceland (4th wave)"", ""2009-10-02 - 2009-12-30, Italy (4th wave)"", ""2008-07-15 - 2008-10-13, Kosovo (4th wave)"", ""2008-06-01 - 2008-10-31, Latvia (4th wave)"", ""2008-07-21 - 2008-08-25, Lithuania (4th wave - part 1)"", ""2008-08-03 - 2008-09-14, Lithuania (4th wave - part 2)"", ""2008-05-03 - 2008-12-15, Luxembourg (4th wave)"", ""2008-06-16 - 2008-09-23, Malta (4th wave)"", ""2008-07-03 - 2008-10-13, Republic of Macedonia (4th wave)"", ""2008-07-02 - 2008-10-04, Republic of Moldova (4th wave)"", ""2008-11-12 - 2008-12-08, Montenegro (4th wave)"", ""2008-05-21 - 2008-10-21, Netherlands (4th wave)"", ""2008-09-26 - 2008-10-23, Northern Ireland (4th wave)"", ""2008-04-07 - 2008-09-02, Norway (4th wave)"", ""2008-06-27 - 2008-09-28, Poland (4th wave)"", ""2008-05-26 - 2008-08-31, Portugal  (4th wave)"", ""2008-04-24 - 2008-06-30, Romania (4th wave)"", ""2008-06-28 - 2008-07-26, Russian Federation (4th wave)"", ""2008-09-25 - 2010-01-10, Sweden (4th wave)"", ""2008-05-08 - 2008-10-06, Switzerland (4th wave)"", ""2008-07-14 - 2008-07-31, Serbia (4th wave)"", ""2008-07-14 - 2008-08-29, Slovakia (4th wave)"", ""2008-03-27 - 2008-06-18, Slowenia (4th wave)"", ""2008-05-28 - 2008-07-15, Spain (4th wave)"", ""2008-11-26 - 2009-03-01, Turkey (4th wave)"", ""2008-07-12 - 2008-10-09, Ukraine (4th wave)"", ""2018-02-24 - 2018-06-24, Albania (EVS 2017)"", ""2018-02-20 - 2018-04-30, Armenia (EVS 2017)"", ""2018-01-08 - 2018-05-14, Austria (EVS 2017)"", ""2018-11-10 - 2018-12-23, Azerbaijan (EVS 2017)"", ""2018-02-01 - 2018-03-05, Belarus (EVS 2017)"", ""2019-02-03 - 2019-06-14, Bosnia and Herzegovina (EVS 2017)"", ""2017-11-11 - 2018-09-01, Bulgaria (EVS 2017)"", ""2017-10-25 - 2018-02-16, Croatia (EVS 2017)"", ""2017-09-17 - 2017-12-01, Czech Republic (EVS 2017)"", ""2017-09-27 - 2018-01-31, Denmark (EVS 2017)"", ""2018-05-17 - 2018-09-12, Estonia (EVS 2017)"", ""2017-11-24 - 2018-07-10, Finland (EVS 2017)"", ""2018-03-02 - 2018-08-16, France (EVS 2017)"", ""2018-01-11 - 2018-03-18, Georgia (EVS 2017)"", ""2017-10-23 - 2018-11-28, Germany (EVS 2017)"", ""2018-02-12 - 2018-07-16, Great Britain (EVS 2017)"", ""2018-02-24 - 2018-08-21, Hungary (EVS 2017)"", ""2017-06-19 - 2018-04-04, Iceland (EVS 2017)"", ""2018-09-24 - 2019-01-30, Italy (EVS 2017)"", ""2017-12-08 - 2018-02-12, Lithuania (EVS 2017)"", ""2019-07 - 2019-12, Montenegro (EVS 2017)"", ""2017-08-31 - 2018-02-28, Netherlands (EVS 2017)"", ""2018-08-22 - 2018-12-17, Norway (EVS 2017)"", ""2018-12-10 - 2019-03-28, North Macedonia (EVS 2017)"", ""2017-11-17 - 2018-02-08, Poland (EVS 2017)"", ""2018-02-03 - 2018-05-05, Romania (EVS 2017)"", ""2017-11-07 - 2017-12-25, Russia (EVS 2017)"", ""2018-11-10 - 2018-12-21, Serbia (EVS 2017)"", ""2017-09-26 - 2017-12-03, Slovak Republic (EVS 2017)"", ""2017-09-30 - 2017-12-23, Slovenia (EVS 2017)"", ""2017-11-28 - 2018-01-22, Spain (EVS 2017)"", ""2017-09-27 - 2018-06-06, Sweden (EVS 2017)"", ""2017-09-11 - 2018-02-22, Switzerland (EVS 2017)"", ""2020-01-11 - 2020-03-01, Portugal (EVS 2017)"", ""2020-11-02 - 2020-11-23, Ukraine (EVS 2017)"", ""2021-07-23 - 2021-10-01, Latvia (EVS 2017)""]";"[""n Values Study (EVS)"", ""nd Files""]";[];"[""Logo-EVS.jpg"", ""Logo-EVS.jpg""]";"[""Individuum""]";"[""Numerisch""]";"[""Persönliches Interview : Computerunterstützte Befragung (CAPI/CAMI)"", ""Telefonisches Interview: Computerunterstützte Befragung (CATI)"", ""Selbstausgefüllter Fragebogen: Webbasiert (CAWI)"", ""Persönliches Interview : Papier-und-Bleistift (PAPI)"", ""Selbstausgefüllter Fragebogen: Papier""]";"[""Individual""]";"[""Numeric""]";"[""EVS -  - ""]";"[{""label"": ""ZA7503_EVS_WVS_Merge_Syntax_stata.zip  (Datensatz) 68.72 KB"", ""label_en"": ""ZA7503_EVS_WVS_Merge_Syntax_stata.zip  (Dataset) 68.72 KB"", ""url"": ""https://access.gesis.org/dbk/71031"", ""secured"": ""true"", ""format"": """", ""filesize"": ""70366""}, {""label"": ""ZA7503_EVS_WVS_Merge_Syntax_SPSS.zip  (Datensatz) 80.98 KB"", ""label_en"": ""ZA7503_EVS_WVS_Merge_Syntax_SPSS.zip  (Dataset) 80.98 KB"", ""url"": ""https://access.gesis.org/dbk/71030"", ""secured"": ""true"", ""format"": """", ""filesize"": ""82925""}, {""label"": ""ZA7503_v3-0-0.sav.zip SPSS (Datensatz) 36.47 MB"", ""label_en"": ""ZA7503_v3-0-0.sav.zip SPSS (Dataset) 36.47 MB"", ""url"": ""https://access.gesis.org/dbk/73619"", ""secured"": ""true"", ""format"": """", ""filesize"": ""38237755""}, {""label"": ""ZA7503_v3-0-0.dta.zip Stata (Datensatz) 32.56 MB"", ""label_en"": ""ZA7503_v3-0-0.dta.zip Stata (Dataset) 32.56 MB"", ""url"": ""https://access.gesis.org/dbk/73618"", ""secured"": ""true"", ""format"": """", ""filesize"": ""34142187""}]";"[{""label"": ""ZA7503_EVS_WVS_ParticipatingCountries.xlsx  (Tabelle) 148.53 KB"", ""label_en"": ""ZA7503_EVS_WVS_ParticipatingCountries.xlsx  (Table) 148.53 KB"", ""url"": ""https://access.gesis.org/dbk/71043"", ""secured"": ""false""}, {""label"": ""ZA7503_IVS_ConditionsOfUse.pdf  (sonstiges) 237.46 KB"", ""label_en"": ""ZA7503_IVS_ConditionsOfUse.pdf  (Other Document) 237.46 KB"", ""url"": ""https://access.gesis.org/dbk/71029"", ""secured"": ""false""}, {""label"": ""ZA7503_EVS_ParticipatingCountries.pdf  (sonstiges) 123.82 KB"", ""label_en"": ""ZA7503_EVS_ParticipatingCountries.pdf  (Other Document) 123.82 KB"", ""url"": ""https://access.gesis.org/dbk/71025"", ""secured"": ""false""}, {""label"": ""ZA7503_Common_EVS_WVS_Dictionary_IVS.xlsx  (Tabelle) 333.4 KB"", ""label_en"": ""ZA7503_Common_EVS_WVS_Dictionary_IVS.xlsx  (Table) 333.4 KB"", ""url"": ""https://access.gesis.org/dbk/71024"", ""secured"": ""false""}, {""label"": ""ZA7503_Common_EVS_WVS_Dictionary_EVS-Trend.xlsx  (Tabelle) 632.14 KB"", ""label_en"": ""ZA7503_Common_EVS_WVS_Dictionary_EVS-Trend.xlsx  (Table) 632.14 KB"", ""url"": ""https://access.gesis.org/dbk/71023"", ""secured"": ""false""}, {""label"": ""ZA7503_Method_Information.xlsx Methodenübersicht - Nationale Umfragen (Methodenbericht) 90.46 KB"", ""label_en"": ""ZA7503_Method_Information.xlsx Method Overview - National Surveys (Method Report) 90.46 KB"", ""url"": ""https://access.gesis.org/dbk/70775"", ""secured"": ""false""}, {""label"": ""ZA7503_Overview_EVS_RegionalVariables.xlsx  (Tabelle) 65.42 KB"", ""label_en"": ""ZA7503_Overview_EVS_RegionalVariables.xlsx  (Table) 65.42 KB"", ""url"": ""https://access.gesis.org/dbk/75234"", ""secured"": ""false""}]";"["""", """", """", """"]";"Die European Values Study ist ein groß angelegtes, länderübergreifendes und längsschnittliches Umfrageforschungsprogramm darüber, wie die Europäer über Familie, Arbeit, Religion, Politik und Gesellschaft denken. Die Umfrage wird alle neun Jahre in einer wachsenden Anzahl von Ländern wiederholt und gibt Einblicke in die Ideen, Überzeugungen, Präferenzen, Einstellungen, Werte und Meinungen der Bürger in ganz Europa.

Das EVS Trend File 1981-2017 wird aus den fünf EVS-Wellen erstellt und deckt fast 40 Jahre ab. In insgesamt 160 Umfragen wurden mehr als 224.000 Befragte aus 48 Ländern/Regionen befragt. Es basiert auf den aktualisierten Daten des EVS Longitudinal Data File 1981-2008 (v.3.1.0) und dem aktuellen EVS 2017 Integrated Dataset (v.5.0.0). 

Sie folgt einem neuen Ansatz, der mit der WVS vereinbart wurde, um die früheren großen EVS- und WVS-Längsschnitt-Trenddateien in schlankere und einfacher zu verwendende Dateien umzuwandeln. Sowohl die EVS- als auch die WVS-Trenddateien basieren auf dem aktualisierten Common EVS/WVS Dictionary (v.2021). Es enthält nur die Variablen/Fragen, die seit den frühen 1980er Jahren von EVS und/oder WVS repliziert wurden. Der EVS Trend File und der World Values Survey Trend File (1981-2022) können so leicht zusammengeführt werden. Die daraus resultierende Integrated Values Surveys 1981-2022 Datendatei enthält die fünf Wellen der EVS und die sieben Wellen der WVS.
";;;"The European Values Study is a large-scale, cross-national and longitudinal survey research program on how Europeans think about family, work, religion, politics, and society. Repeated every nine years in an increasing number of countries, the survey provides insights into the ideas, beliefs, preferences, attitudes, values, and opinions of citizens all over Europe.

The EVS Trend File 1981-2017 is constructed from the five EVS waves and covers almost 40 years. In altogether 160 surveys, more than 224.000 respondents from 48 countries/regions were interviewed. It is based on the updated data of the EVS Longitudinal Data File 1981-2008 (v.3.1.0) and the current EVS 2017 Integrated Dataset (v.5.0.0).

It follows a new approach agreed with WVS to transform the former large EVS and WVS longitudinal trend files into leaner and easier-to-use files. Both EVS and WVS trend files are based on the updated Common EVS/WVS Dictionary (v.2021). It contains only those variables/questions that have been replicated by EVS and/or WVS since the early 1980s.  The EVS Trend File and the World Values Survey Trend File (1981-2022) can be easily merged. The resulting the Integrated Values Surveys 1981-2022 data file contains the five waves of the EVS and the seven waves of the WVS.
";[];
