query_variant,mode,precision_at_k,hit_at_k,recall_at_k,mrr,ndcg_at_k,link_valid_rate,off_repo_rate
V1_TOPIC_COUNTRY_TIME_ALL_TOPICS,WEB_SEARCH,0.010126582278481013,0.10126582278481013,0.08860759493670886,0.03642254370102471,0.04428421039409441,0.008860759493670886,0.8265822784810126
