variant_short;query_id;query_variant;mode;model;rank;source_dataset_id;returned_title;returned_url_or_doi;matched_dataset_id;is_strict_source_dataset;is_source_dataset;is_title_source_dataset;is_strict_gesis_relevant_dataset;is_gesis_relevant_dataset;link_valid;match_method;title_match_method
V1;1;V1_TOPIC_COUNTRY_TIME_ALL_TOPICS;WEB_SEARCH;chat-latest;1;ZA7500;European Values Study 2017: Integrated Dataset (EVS 2017);https://doi.org/10.4232/1.13511;ZA7500;0;1;1;0;1;False;title_exact;title_exact
V1;1;V1_TOPIC_COUNTRY_TIME_ALL_TOPICS;WEB_SEARCH;chat-latest;2;ZA7500;European Values Study / World Values Survey Joint EVS/WVS 2017-2022 Dataset;https://www.gesis.org/en/european-values-study/data-and-documentation/joint-evs/wvs-2017-2022-dataset;ZA7505;0;0;0;0;1;False;title_fuzzy;title_fuzzy
V1;1;V1_TOPIC_COUNTRY_TIME_ALL_TOPICS;WEB_SEARCH;chat-latest;3;ZA7500;European Social Survey Data Portal;https://www.europeansocialsurvey.org/data-portal;ZA4512;0;0;0;0;0;False;title_fuzzy;title_fuzzy
V1;1;V1_TOPIC_COUNTRY_TIME_ALL_TOPICS;WEB_SEARCH;chat-latest;4;ZA7500;International Social Survey Programme: Environment III - ISSP 2010;https://doi.org/10.4232/1.13271;ZA5500;0;0;0;0;0;True;doi;title_exact
V1;1;V1_TOPIC_COUNTRY_TIME_ALL_TOPICS;WEB_SEARCH;chat-latest;5;ZA7500;International Social Survey Programme: Family and Changing Gender Roles IV - ISSP 2012;https://doi.org/10.4232/1.12022;ZA5900;0;0;0;0;0;False;title_exact;title_exact
V1;1;V1_TOPIC_COUNTRY_TIME_ALL_TOPICS;WEB_SEARCH;chat-latest;6;ZA7500;International Social Survey Programme: National Identity III - ISSP 2013;https://doi.org/10.4232/1.12312;ZA5950;0;0;0;0;0;True;doi;title_exact
V1;1;V1_TOPIC_COUNTRY_TIME_ALL_TOPICS;WEB_SEARCH;chat-latest;7;ZA7500;International Social Survey Programme: Citizenship II - ISSP 2014;https://doi.org/10.4232/1.12590;ZA6670;0;0;0;0;0;True;doi;title_exact
V1;1;V1_TOPIC_COUNTRY_TIME_ALL_TOPICS;WEB_SEARCH;chat-latest;8;ZA7500;International Social Survey Programme: Work Orientations IV - ISSP 2015;https://doi.org/10.4232/1.12848;ZA6770;0;0;0;0;0;True;doi;title_exact
V1;1;V1_TOPIC_COUNTRY_TIME_ALL_TOPICS;WEB_SEARCH;chat-latest;9;ZA7500;International Social Survey Programme: Religion IV - ISSP 2018;https://doi.org/10.4232/1.13629;ZA7570;0;0;0;1;1;True;doi;title_exact
V1;1;V1_TOPIC_COUNTRY_TIME_ALL_TOPICS;WEB_SEARCH;chat-latest;10;ZA7500;International Social Survey Programme: Work Orientations I-IV Cumulation;https://doi.org/10.4232/1.14391;ZA8797;0;0;0;0;0;True;doi;title_exact
V1;1;V1_TOPIC_COUNTRY_TIME_ALL_TOPICS;WEB_SEARCH;chat-latest;11;ZA7500;International Social Survey Programme: National Identity I-III Cumulation;https://www.gesis.org/en/issp/data-and-documentation/national-identity/cumulation;ZA5961;0;0;0;0;0;False;title_fuzzy;title_fuzzy
V1;2;V1_TOPIC_COUNTRY_TIME_ALL_TOPICS;WEB_SEARCH;chat-latest;1;ZA9144;European Social Survey (ESS), Round 10 (2020-2022);https://www.europeansocialsurvey.org/data-portal;ZA5145;0;0;0;0;0;False;title_fuzzy;title_fuzzy
V1;2;V1_TOPIC_COUNTRY_TIME_ALL_TOPICS;WEB_SEARCH;chat-latest;2;ZA9144;European Social Survey (ESS), Round 11 (2023-2024);https://www.europeansocialsurvey.org/data-portal;ZA5145;0;0;0;0;0;False;title_fuzzy;title_fuzzy
V1;2;V1_TOPIC_COUNTRY_TIME_ALL_TOPICS;WEB_SEARCH;chat-latest;3;ZA9144;European Social Survey CRONOS-2 Panel (2021-2023);https://www.europeansocialsurvey.org/methodology/methodological-research/modes-data-collection/cronos;ZA5145;0;0;0;0;0;False;title_fuzzy;title_fuzzy
V1;2;V1_TOPIC_COUNTRY_TIME_ALL_TOPICS;WEB_SEARCH;chat-latest;4;ZA9144;European Values Study and World Values Survey: Joint EVS/WVS 2017-2022 Dataset, Version 5.0.0;https://doi.org/10.4232/1.14320;ZA7505;0;0;0;0;0;True;doi;title_fuzzy
V1;2;V1_TOPIC_COUNTRY_TIME_ALL_TOPICS;WEB_SEARCH;chat-latest;5;ZA9144;World Values Survey Wave 7 (2017-2022) Cross-National Dataset;https://doi.org/10.14281/18241.24;;0;0;0;0;0;False;unmatched;unmatched
V1;2;V1_TOPIC_COUNTRY_TIME_ALL_TOPICS;WEB_SEARCH;chat-latest;6;ZA9144;Eurobarometer 93.1 (2020);https://doi.org/10.4232/1.13866;ZA7649;0;0;0;0;1;False;title_exact;title_exact
V1;2;V1_TOPIC_COUNTRY_TIME_ALL_TOPICS;WEB_SEARCH;chat-latest;7;ZA9144;Eurobarometer 94.3 (2021);https://doi.org/10.4232/1.13793;ZA7780;0;0;0;0;1;False;title_exact;title_exact
V1;2;V1_TOPIC_COUNTRY_TIME_ALL_TOPICS;WEB_SEARCH;chat-latest;8;ZA9144;Eurobarometer 95.3 (2021);https://doi.org/10.4232/1.13826;ZA7783;0;0;0;1;1;True;doi;title_exact
V1;2;V1_TOPIC_COUNTRY_TIME_ALL_TOPICS;WEB_SEARCH;chat-latest;9;ZA9144;Eurobarometer 96.3 (2022);https://doi.org/10.4232/1.13908;ZA7848;0;0;0;1;1;True;doi;title_exact
V1;2;V1_TOPIC_COUNTRY_TIME_ALL_TOPICS;WEB_SEARCH;chat-latest;10;ZA9144;Eurobarometer 97.5 (2022);https://doi.org/10.4232/1.14010;ZA7902;0;0;0;1;1;True;doi;title_exact
V1;2;V1_TOPIC_COUNTRY_TIME_ALL_TOPICS;WEB_SEARCH;chat-latest;11;ZA9144;Eurobarometer 99.4 (2023);https://doi.org/10.4232/1.14363;ZA8779;0;0;0;0;0;True;doi;title_exact
V1;2;V1_TOPIC_COUNTRY_TIME_ALL_TOPICS;WEB_SEARCH;chat-latest;12;ZA9144;Eurobarometer 102.2 (2024);https://doi.org/10.4232/1.14726;ZA8843;0;0;0;0;1;False;title_fuzzy;title_fuzzy
V1;2;V1_TOPIC_COUNTRY_TIME_ALL_TOPICS;WEB_SEARCH;chat-latest;13;ZA9144;Eurobarometer 101.5 (2024): European Parliament EU Post-Electoral Survey 2024;https://b2find.eudat.eu/dataset/d598d228-7aaa-5802-a152-61bfb503b999;ZA8900;0;0;0;0;0;False;title_fuzzy;title_fuzzy
V1;2;V1_TOPIC_COUNTRY_TIME_ALL_TOPICS;WEB_SEARCH;chat-latest;14;ZA9144;Eurobarometer Data Service: Standard and Special Eurobarometer;https://www.gesis.org/en/eurobarometer-data-service/data-and-documentation/standard-special-eb;;0;0;0;0;0;False;unmatched;unmatched
V1;2;V1_TOPIC_COUNTRY_TIME_ALL_TOPICS;WEB_SEARCH;chat-latest;15;ZA9144;V-Dem Dataset Archive;https://www.v-dem.net/data/dataset-archive/;;0;0;0;0;0;False;unmatched;unmatched
V1;2;V1_TOPIC_COUNTRY_TIME_ALL_TOPICS;WEB_SEARCH;chat-latest;16;ZA9144;Worldwide Governance Indicators (WGI);https://datacatalog.worldbank.org/search/dataset/0038026/worldwide-governance-indicators;;0;0;0;0;0;False;unmatched;unmatched
V1;2;V1_TOPIC_COUNTRY_TIME_ALL_TOPICS;WEB_SEARCH;chat-latest;17;ZA9144;World Development Indicators (WDI);https://datacatalog.worldbank.org/search/dataset/0037712/world-development-indicators;ZA4801;0;0;0;0;0;False;title_fuzzy;title_fuzzy
V1;2;V1_TOPIC_COUNTRY_TIME_ALL_TOPICS;WEB_SEARCH;chat-latest;18;ZA9144;Eurostat Database;https://ec.europa.eu/eurostat/web/main/data/database;SDN-10.7802-2786;0;0;0;0;0;False;title_fuzzy;title_fuzzy
V1;2;V1_TOPIC_COUNTRY_TIME_ALL_TOPICS;WEB_SEARCH;chat-latest;19;ZA9144;Eurostat Quarterly National Accounts: Main GDP Aggregates;https://doi.org/10.2908/NAMQ_10_GDP;;0;0;0;0;0;False;unmatched;unmatched
V1;2;V1_TOPIC_COUNTRY_TIME_ALL_TOPICS;WEB_SEARCH;chat-latest;20;ZA9144;Uppsala Conflict Data Program (UCDP) Dataset Download Center;https://ucdp.uu.se/downloads/;;0;0;0;0;0;False;unmatched;unmatched
V1;5;V1_TOPIC_COUNTRY_TIME_ALL_TOPICS;WEB_SEARCH;chat-latest;1;ZA5665;GENESIS-Online — German Federal Statistical Office;https://genesis.destatis.de/datenbank/online/statistics;;0;0;0;0;0;False;unmatched;unmatched
V1;5;V1_TOPIC_COUNTRY_TIME_ALL_TOPICS;WEB_SEARCH;chat-latest;2;ZA5665;Socio-Economic Panel (SOEP-Core), data 1984–2020;https://doi.org/10.5684/soep.core.v37r;;0;0;0;0;0;False;unmatched;unmatched
V1;5;V1_TOPIC_COUNTRY_TIME_ALL_TOPICS;WEB_SEARCH;chat-latest;3;ZA5665;ALLBUS/German General Social Survey 2018;https://doi.org/10.4232/1.13250;ZA5270;0;0;0;1;1;True;doi;title_fuzzy
V1;5;V1_TOPIC_COUNTRY_TIME_ALL_TOPICS;WEB_SEARCH;chat-latest;4;ZA5665;ALLBUScompact 2023;https://doi.org/10.4232/1.14545;ZA8831;0;0;0;1;1;True;doi;title_exact
V1;5;V1_TOPIC_COUNTRY_TIME_ALL_TOPICS;WEB_SEARCH;chat-latest;5;ZA5665;GLES 2017 Post-election Cross Section;https://doi.org/10.4232/1.13235;ZA6801;0;0;0;1;1;True;doi;title_fuzzy
V1;5;V1_TOPIC_COUNTRY_TIME_ALL_TOPICS;WEB_SEARCH;chat-latest;6;ZA5665;GLES Tracking January 2021 (T48);https://doi.org/10.4232/1.13727;ZA7705;0;0;0;0;0;True;doi;title_fuzzy
V1;5;V1_TOPIC_COUNTRY_TIME_ALL_TOPICS;WEB_SEARCH;chat-latest;7;ZA5665;GLES Longterm Online Tracking T39;https://doi.org/10.4232/1.13989;ZA6823;0;0;0;0;0;True;doi;title_fuzzy
V1;5;V1_TOPIC_COUNTRY_TIME_ALL_TOPICS;WEB_SEARCH;chat-latest;8;ZA5665;German Internet Panel, Wave 22 (March 2016);https://doi.org/10.4232/1.12842;ZA6754;0;0;0;1;1;True;doi;title_exact
V1;5;V1_TOPIC_COUNTRY_TIME_ALL_TOPICS;WEB_SEARCH;chat-latest;9;ZA5665;German Internet Panel, Wave 50 (November 2020);https://doi.org/10.4232/1.14323;ZA7647;0;0;0;1;1;True;doi;title_exact
V1;5;V1_TOPIC_COUNTRY_TIME_ALL_TOPICS;WEB_SEARCH;chat-latest;10;ZA5665;German Internet Panel, Wave 55 Core Study (September 2021);https://doi.org/10.4232/1.14324;ZA7763;0;0;0;1;1;True;doi;title_exact
V1;5;V1_TOPIC_COUNTRY_TIME_ALL_TOPICS;WEB_SEARCH;chat-latest;11;ZA5665;German Internet Panel, Wave 57 (January 2022);https://doi.org/10.4232/1.13946;ZA7877;0;0;0;1;1;True;doi;title_exact
V1;5;V1_TOPIC_COUNTRY_TIME_ALL_TOPICS;WEB_SEARCH;chat-latest;12;ZA5665;German Internet Panel, Wave 70 (March 2024);https://doi.org/10.4232/1.14744;ZA9052;0;0;0;0;1;False;title_exact;title_exact
V1;5;V1_TOPIC_COUNTRY_TIME_ALL_TOPICS;WEB_SEARCH;chat-latest;13;ZA5665;Mikrozensus 2021;https://doi.org/10.21242/12211.2021.00.00.1.1.0;missy-mz-2021;0;0;0;0;0;False;title_fuzzy;title_fuzzy
V1;5;V1_TOPIC_COUNTRY_TIME_ALL_TOPICS;WEB_SEARCH;chat-latest;14;ZA5665;Einkommens- und Verbrauchsstichprobe (EVS) 2018 — Scientific Use File;https://doi.org/10.21242/63211.2018.00.04.3.1.0;missy-mz-2018;0;0;0;0;0;False;title_fuzzy;title_fuzzy
V1;5;V1_TOPIC_COUNTRY_TIME_ALL_TOPICS;WEB_SEARCH;chat-latest;15;ZA5665;GEDA 2019/2020-EHIS — Scientific Use Files;https://www.rki.de/DE/Aktuelles/Publikationen/Forschungsdaten/FDZ/Datenangebot/GEDA/GEDA_inhalt.html;;0;0;0;0;0;False;unmatched;unmatched
V1;5;V1_TOPIC_COUNTRY_TIME_ALL_TOPICS;WEB_SEARCH;chat-latest;16;ZA5665;Gesundheit in Deutschland aktuell (GEDA 2019/2020-EHIS) Open Data;https://doi.org/10.5281/zenodo.7214473;;0;0;0;0;0;False;unmatched;unmatched
V1;5;V1_TOPIC_COUNTRY_TIME_ALL_TOPICS;WEB_SEARCH;chat-latest;17;ZA5665;Zeitverwendungserhebung 2022 — Scientific Use File;https://doi.org/10.21242/63911.2022.00.00.3.1.1;;0;0;0;0;0;False;unmatched;unmatched
V1;5;V1_TOPIC_COUNTRY_TIME_ALL_TOPICS;WEB_SEARCH;chat-latest;18;ZA5665;German Time Use Survey 2022 — Results and Data;https://www.destatis.de/EN/Themes/Society-Environment/Income-Consumption-Living-Conditions/Time-Use/_node.html;;0;0;0;0;0;False;unmatched;unmatched
V1;5;V1_TOPIC_COUNTRY_TIME_ALL_TOPICS;WEB_SEARCH;chat-latest;19;ZA5665;Statistik der Straßenverkehrsunfälle 2022 — Scientific Use File;https://doi.org/10.21242/46241.2022.00.00.3.1.0;;0;0;0;0;0;False;unmatched;unmatched
V1;5;V1_TOPIC_COUNTRY_TIME_ALL_TOPICS;WEB_SEARCH;chat-latest;20;ZA5665;Destatis Migration Statistics (Wanderungsstatistik);https://genesis.destatis.de/datenbank/online/statistic/12711/details;;0;0;0;0;0;False;unmatched;unmatched
V1;5;V1_TOPIC_COUNTRY_TIME_ALL_TOPICS;WEB_SEARCH;chat-latest;21;ZA5665;Destatis Microcensus — Population by Sex, Marital Status and Migration Status;https://genesis.destatis.de/datenbank/online/statistic/12211/table/12211-0201;ZA0542;0;0;0;0;0;False;title_fuzzy;title_fuzzy
V1;5;V1_TOPIC_COUNTRY_TIME_ALL_TOPICS;WEB_SEARCH;chat-latest;22;ZA5665;German Time Use Survey 2022 — Average Daily Time Use;https://genesis.destatis.de/datenbank/online/statistic/63911/table/63911-0007;;0;0;0;0;0;False;unmatched;unmatched
V1;5;V1_TOPIC_COUNTRY_TIME_ALL_TOPICS;WEB_SEARCH;chat-latest;23;ZA5665;German Environment Agency — Greenhouse Gas Emissions in Germany;https://www.umweltbundesamt.de/daten/umweltzustand-trends/klima/treibhausgas-emissionen-in-deutschland;ZA0485;0;0;0;0;0;False;title_fuzzy;title_fuzzy
V1;5;V1_TOPIC_COUNTRY_TIME_ALL_TOPICS;WEB_SEARCH;chat-latest;24;ZA5665;German Environment Agency — Air Pollutant Emissions in Germany;https://www.umweltbundesamt.de/daten/umweltzustand-trends/luft/luftschadstoff-emissionen-in-deutschland;ZA0485;0;0;0;0;0;False;title_fuzzy;title_fuzzy
V1;5;V1_TOPIC_COUNTRY_TIME_ALL_TOPICS;WEB_SEARCH;chat-latest;25;ZA5665;German Environment Agency — Data on the Environment;https://www.umweltbundesamt.de/daten;;0;0;0;0;0;False;unmatched;unmatched
V1;6;V1_TOPIC_COUNTRY_TIME_ALL_TOPICS;WEB_SEARCH;chat-latest;1;SDN-10.7802-2863;News on TikTok: An Annotated Dataset of TikTok Videos from German-Speaking News Outlets in 2023;https://doi.org/10.1609/icwsm.v19i1.35953;SDN-10.7802-2863;0;1;1;0;1;False;title_exact;title_exact
V1;6;V1_TOPIC_COUNTRY_TIME_ALL_TOPICS;WEB_SEARCH;chat-latest;2;SDN-10.7802-2863;Worlds of Journalism Study Wave 3 (2021–2025) Consolidated Dataset;https://doi.org/10.5281/zenodo.17403573;;0;0;0;0;0;False;unmatched;unmatched
V1;6;V1_TOPIC_COUNTRY_TIME_ALL_TOPICS;WEB_SEARCH;chat-latest;3;SDN-10.7802-2863;Mapping Toxic Comments Across Demographics: A Dataset from German Public Broadcasting;https://doi.org/10.5281/zenodo.17109817;;0;0;0;0;0;False;unmatched;unmatched
V1;6;V1_TOPIC_COUNTRY_TIME_ALL_TOPICS;WEB_SEARCH;chat-latest;4;SDN-10.7802-2863;More Inclusive and Wider Sources: A Comparative Analysis of Data and Political Journalists on Twitter (Now X) in Germany;https://doi.org/10.3390/journalmedia5010027;ZA5991;0;0;0;0;0;False;title_fuzzy;title_fuzzy
V1;6;V1_TOPIC_COUNTRY_TIME_ALL_TOPICS;WEB_SEARCH;chat-latest;5;SDN-10.7802-2863;The German Data Journalist in 2021;https://doi.org/10.1080/17512786.2022.2098523;missy-mz-2021;0;0;0;0;0;False;title_fuzzy;title_fuzzy
V1;6;V1_TOPIC_COUNTRY_TIME_ALL_TOPICS;WEB_SEARCH;chat-latest;6;SDN-10.7802-2863;Journalismus in Deutschland 2023;https://doi.org/10.21241/ssoar.89555;SDN-10.7802-3006;0;0;0;0;0;False;title_fuzzy;title_fuzzy
V1;6;V1_TOPIC_COUNTRY_TIME_ALL_TOPICS;WEB_SEARCH;chat-latest;7;SDN-10.7802-2863;Digital News Report 2023;https://doi.org/10.60625/risj-p6es-hb13;;0;0;0;0;0;False;unmatched;unmatched
V1;6;V1_TOPIC_COUNTRY_TIME_ALL_TOPICS;WEB_SEARCH;chat-latest;8;SDN-10.7802-2863;Reuters Institute Digital News Report 2023: Ergebnisse für Deutschland;https://doi.org/10.21241/ssoar.86851;;0;0;0;0;0;False;unmatched;unmatched
V1;6;V1_TOPIC_COUNTRY_TIME_ALL_TOPICS;WEB_SEARCH;chat-latest;9;SDN-10.7802-2863;Incentivizing News Consumption on Social Media Platforms Using Large Language Models and Realistic Bot Accounts;https://doi.org/10.5061/dryad.7sqv9s50w;;0;0;0;0;0;False;unmatched;unmatched
V1;6;V1_TOPIC_COUNTRY_TIME_ALL_TOPICS;WEB_SEARCH;chat-latest;10;SDN-10.7802-2863;Diskurse zur Mediatisierung des Büros: Ein kommentierter Datensatz zu einer wissenssoziologischen Diskursanalyse von Presseartikeln (deutschsprachiger Raum, 1980–2024);https://doi.org/10.5281/zenodo.19182156;;0;0;0;0;0;False;unmatched;unmatched
V2;1;V2_TOPIC_COUNTRY_TIME_SINGLE_TOPIC;WEB_SEARCH;chat-latest;1;ZA7500;ILOSTAT – Indicators and Data Tools;https://ilostat.ilo.org/data/;;0;0;0;0;0;False;unmatched;unmatched
V2;1;V2_TOPIC_COUNTRY_TIME_SINGLE_TOPIC;WEB_SEARCH;chat-latest;2;ZA7500;ILOSTAT – Bulk Download Facility;https://ilostat.ilo.org/data/bulk/;;0;0;0;0;0;False;unmatched;unmatched
V2;1;V2_TOPIC_COUNTRY_TIME_SINGLE_TOPIC;WEB_SEARCH;chat-latest;3;ZA7500;UNECE Statistical Database – Labour Force and Employment;https://w3.unece.org/PXWeb2015/pxweb/en/STAT/STAT__20-ME__3-MELF;SDN-10.7802-2786;0;0;0;0;0;False;title_fuzzy;title_fuzzy
V2;1;V2_TOPIC_COUNTRY_TIME_SINGLE_TOPIC;WEB_SEARCH;chat-latest;4;ZA7500;UNECE – Employment by Country and Quarter;https://w3.unece.org/PXWeb2015/pxweb/en/STAT/STAT__20-ME__3-MELF/30_en_MEEmpTotQ_r.px/;;0;0;0;0;0;False;unmatched;unmatched
V2;1;V2_TOPIC_COUNTRY_TIME_SINGLE_TOPIC;WEB_SEARCH;chat-latest;5;ZA7500;UNECE – Employment by Sector of Activity, Sex, Measurement, Country and Year;https://w3.unece.org/PXWeb2015/pxweb/en/STAT/STAT__30-GE__03-WorkAndeconomy/002_en_GEWEEmploySPN_r.px/;;0;0;0;0;0;False;unmatched;unmatched
V2;1;V2_TOPIC_COUNTRY_TIME_SINGLE_TOPIC;WEB_SEARCH;chat-latest;6;ZA7500;UNECE – Employment by Status in Employment, Sex, Measurement, Country and Year;https://w3.unece.org/PXWeb2015/pxweb/en/STAT/STAT__30-GE__03-WorkAndeconomy/007_en_GEWEEmployStatus_r.px/;ZA4657;0;0;0;0;0;False;title_fuzzy;title_fuzzy
V2;1;V2_TOPIC_COUNTRY_TIME_SINGLE_TOPIC;WEB_SEARCH;chat-latest;7;ZA7500;Eurostat – EU Labour Force Survey Microdata;https://ec.europa.eu/eurostat/web/microdata/european-union-labour-force-survey;missy-european-union-labour-force-survey-1993;0;0;0;0;0;False;title_fuzzy;title_fuzzy
V2;1;V2_TOPIC_COUNTRY_TIME_SINGLE_TOPIC;WEB_SEARCH;chat-latest;8;ZA7500;Eurostat – EU Labour Force Survey Public Microdata;https://ec.europa.eu/eurostat/web/microdata/public-microdata/labour-force-survey;;0;0;0;0;0;False;unmatched;unmatched
V2;1;V2_TOPIC_COUNTRY_TIME_SINGLE_TOPIC;WEB_SEARCH;chat-latest;9;ZA7500;Eurostat – Employment and Unemployment (LFS) Database;https://ec.europa.eu/eurostat/web/lfs/database;SDN-10.7802-2786;0;0;0;0;0;False;title_fuzzy;title_fuzzy
V2;1;V2_TOPIC_COUNTRY_TIME_SINGLE_TOPIC;WEB_SEARCH;chat-latest;10;ZA7500;Eurostat – Employment and Labour Force by Sex and Age, Annual Data;https://doi.org/10.2908/lfsi_emp_a;;0;0;0;0;0;False;unmatched;unmatched
V2;1;V2_TOPIC_COUNTRY_TIME_SINGLE_TOPIC;WEB_SEARCH;chat-latest;11;ZA7500;Eurostat – Unemployment by Sex and Age, Monthly Data;https://ec.europa.eu/eurostat/databrowser/view/une_rt_m/default/table;;0;0;0;0;0;False;unmatched;unmatched
V2;1;V2_TOPIC_COUNTRY_TIME_SINGLE_TOPIC;WEB_SEARCH;chat-latest;12;ZA7500;OECD Employment Database;https://www.oecd.org/en/data/datasets/oecd-employment-database.html;SDN-10.7802-2786;0;0;0;0;0;False;title_fuzzy;title_fuzzy
V2;1;V2_TOPIC_COUNTRY_TIME_SINGLE_TOPIC;WEB_SEARCH;chat-latest;13;ZA7500;OECD Employment and Labour Market Statistics;https://doi.org/10.1787/lfs-data-en;ZA8642;0;0;0;0;0;False;title_fuzzy;title_fuzzy
V2;1;V2_TOPIC_COUNTRY_TIME_SINGLE_TOPIC;WEB_SEARCH;chat-latest;14;ZA7500;World Bank – Employment to Population Ratio, 15+, Total (%) (National Estimate);https://data.worldbank.org/indicator/SL.EMP.TOTL.SP.NE.ZS;;0;0;0;0;0;False;unmatched;unmatched
V2;2;V2_TOPIC_COUNTRY_TIME_SINGLE_TOPIC;WEB_SEARCH;chat-latest;1;ZA7500;European Values Study 2017: Integrated Dataset (EVS 2017);https://search.gesis.org/research_data/ZA7500;ZA7500;1;1;1;1;1;True;dataset_id;title_exact
V2;2;V2_TOPIC_COUNTRY_TIME_SINGLE_TOPIC;WEB_SEARCH;chat-latest;2;ZA7500;Joint EVS/WVS 2017-2022 Dataset;https://doi.org/10.4232/1.14320;ZA7505;0;0;0;1;1;True;doi;title_exact
V2;2;V2_TOPIC_COUNTRY_TIME_SINGLE_TOPIC;WEB_SEARCH;chat-latest;3;ZA7500;World Values Survey Wave 7 (2017-2022) Cross-National Data-Set;https://www.worldvaluessurvey.org/WVSDocumentationWV7.jsp;;0;0;0;0;0;False;unmatched;unmatched
V2;2;V2_TOPIC_COUNTRY_TIME_SINGLE_TOPIC;WEB_SEARCH;chat-latest;4;ZA7500;International Social Survey Programme: National Identity III - ISSP 2013;https://doi.org/10.4232/1.12312;ZA5950;0;0;0;0;0;True;doi;title_exact
V2;2;V2_TOPIC_COUNTRY_TIME_SINGLE_TOPIC;WEB_SEARCH;chat-latest;5;ZA7500;International Social Survey Programme: National Identity I-III - ISSP 1995-2003-2013 Cumulation;https://doi.org/10.4232/1.13471;ZA5960;0;0;0;0;0;True;doi;title_exact
V2;2;V2_TOPIC_COUNTRY_TIME_SINGLE_TOPIC;WEB_SEARCH;chat-latest;6;ZA7500;European Social Survey Data Portal;https://www.europeansocialsurvey.org/data-portal;ZA4512;0;0;0;0;0;False;title_fuzzy;title_fuzzy
V2;2;V2_TOPIC_COUNTRY_TIME_SINGLE_TOPIC;WEB_SEARCH;chat-latest;7;ZA7500;Special Eurobarometer 508: Values and identities of EU citizens;https://data.europa.eu/data/datasets/s2230-94-1-508-eng?locale=en;;0;0;0;0;0;False;unmatched;unmatched
V2;2;V2_TOPIC_COUNTRY_TIME_SINGLE_TOPIC;WEB_SEARCH;chat-latest;8;ZA7500;Flash Eurobarometer 485: EU Citizenship and Democracy;https://doi.org/10.4232/1.13550;ZA7633;0;0;0;0;0;True;doi;title_fuzzy
V2;2;V2_TOPIC_COUNTRY_TIME_SINGLE_TOPIC;WEB_SEARCH;chat-latest;9;ZA7500;Special Eurobarometer 399: Cultural Access and Participation;https://data.europa.eu/data/datasets/s1115_79_2_399;ZA0065;0;0;0;0;0;False;title_fuzzy;title_fuzzy
V2;3;V2_TOPIC_COUNTRY_TIME_SINGLE_TOPIC;WEB_SEARCH;chat-latest;1;ZA7500;European Values Study 2017: Integrated Dataset (EVS 2017);https://doi.org/10.4232/1.13897;ZA7500;1;1;1;1;1;True;doi;title_exact
V2;3;V2_TOPIC_COUNTRY_TIME_SINGLE_TOPIC;WEB_SEARCH;chat-latest;2;ZA7500;Joint European Values Study / World Values Survey 2017-2022 Dataset;https://www.gesis.org/en/european-values-study/data-and-documentation/joint-evs/wvs-2017-2022-dataset;ZA7500;0;1;1;0;1;False;title_fuzzy;title_fuzzy
V2;3;V2_TOPIC_COUNTRY_TIME_SINGLE_TOPIC;WEB_SEARCH;chat-latest;3;ZA7500;World Values Survey Wave 7 (2017-2022): Country-Pooled Datafile;https://doi.org/10.14281/18241.24;;0;0;0;0;0;False;unmatched;unmatched
V2;3;V2_TOPIC_COUNTRY_TIME_SINGLE_TOPIC;WEB_SEARCH;chat-latest;4;ZA7500;World Values Survey Time-Series Dataset;https://doi.org/10.14281/18241.17;;0;0;0;0;0;False;unmatched;unmatched
V2;3;V2_TOPIC_COUNTRY_TIME_SINGLE_TOPIC;WEB_SEARCH;chat-latest;5;ZA7500;European Social Survey Data Portal;https://www.europeansocialsurvey.org/data-portal;ZA4512;0;0;0;0;0;False;title_fuzzy;title_fuzzy
V2;3;V2_TOPIC_COUNTRY_TIME_SINGLE_TOPIC;WEB_SEARCH;chat-latest;6;ZA7500;International Social Survey Programme: Religion IV - ISSP 2018;https://doi.org/10.4232/1.13629;ZA7570;0;0;0;1;1;True;doi;title_exact
V2;4;V2_TOPIC_COUNTRY_TIME_SINGLE_TOPIC;WEB_SEARCH;chat-latest;1;ZA7500;European Values Study / World Values Survey Joint EVS/WVS 2017-2022 Dataset;https://www.gesis.org/en/european-values-study/data-and-documentation/joint-evs/wvs-2017-2022-dataset;ZA7505;0;0;0;0;1;False;title_fuzzy;title_fuzzy
V2;4;V2_TOPIC_COUNTRY_TIME_SINGLE_TOPIC;WEB_SEARCH;chat-latest;2;ZA7500;European Values Study 2017: Integrated Dataset;https://www.gesis.org/en/european-values-study/data-and-documentation/5th-wave-2017;ZA7500;0;1;1;0;1;False;title_exact;title_exact
V2;4;V2_TOPIC_COUNTRY_TIME_SINGLE_TOPIC;WEB_SEARCH;chat-latest;3;ZA7500;Generations and Gender Survey - Round II (GGS-II);https://www.ggp-i.org/data/generations-and-gender-survey/ggs-round-2/;ZA8913;0;0;0;0;1;False;title_exact;title_exact
V2;4;V2_TOPIC_COUNTRY_TIME_SINGLE_TOPIC;WEB_SEARCH;chat-latest;4;ZA7500;Generations and Gender Survey - Round I (GGS-I);https://www.ggp-i.org/data/generations-and-gender-survey/ggs-round-1/;ZA8913;0;0;0;0;1;False;title_exact;title_exact
V2;4;V2_TOPIC_COUNTRY_TIME_SINGLE_TOPIC;WEB_SEARCH;chat-latest;5;ZA7500;Generations & Gender Programme Data Catalog;https://www.ggp-i.org/data-catalog/;ZA8913;0;0;0;0;1;False;title_exact;title_exact
V2;4;V2_TOPIC_COUNTRY_TIME_SINGLE_TOPIC;WEB_SEARCH;chat-latest;6;ZA7500;International Social Survey Programme: Family and Changing Gender Roles IV - ISSP 2012;https://doi.org/10.4232/1.12661;ZA5900;0;0;0;0;0;True;doi;title_exact
V2;4;V2_TOPIC_COUNTRY_TIME_SINGLE_TOPIC;WEB_SEARCH;chat-latest;7;ZA7500;ISSP 2022 - Family and Changing Gender Roles;https://www.gesis.org/en/issp/data-and-documentation/family-and-changing-gender-roles/2022;ZA8980;0;0;0;0;0;False;title_exact;title_exact
V2;4;V2_TOPIC_COUNTRY_TIME_SINGLE_TOPIC;WEB_SEARCH;chat-latest;8;ZA7500;European Social Survey Data Portal;https://www.europeansocialsurvey.org/data-portal;ZA4512;0;0;0;0;0;False;title_fuzzy;title_fuzzy
V2;4;V2_TOPIC_COUNTRY_TIME_SINGLE_TOPIC;WEB_SEARCH;chat-latest;9;ZA7500;Eurostat - Demography, Population Stock and Balance Database;https://ec.europa.eu/eurostat/web/population-demography/demography-population-stock-balance;ZA0542;0;0;0;0;0;False;title_fuzzy;title_fuzzy
V2;4;V2_TOPIC_COUNTRY_TIME_SINGLE_TOPIC;WEB_SEARCH;chat-latest;10;ZA7500;Eurostat - Marriages (demo_nup);https://ec.europa.eu/eurostat/cache/metadata/EN/demo_nup_esms.htm;;0;0;0;0;0;False;unmatched;unmatched
V2;4;V2_TOPIC_COUNTRY_TIME_SINGLE_TOPIC;WEB_SEARCH;chat-latest;11;ZA7500;United Nations World Marriage Data 2019;https://www.un.org/development/desa/pd/sites/www.un.org.development.desa.pd/files/files/documents/2021/Jan/undesa_pd_2019_world_marriage_metadata.pdf;ZA1711;0;0;0;0;0;False;title_fuzzy;title_fuzzy
V2;5;V2_TOPIC_COUNTRY_TIME_SINGLE_TOPIC;WEB_SEARCH;chat-latest;1;ZA7500;European Values Study 2017: Integrated Dataset (EVS 2017);https://doi.org/10.4232/1.13897;ZA7500;1;1;1;1;1;True;doi;title_exact
V2;5;V2_TOPIC_COUNTRY_TIME_SINGLE_TOPIC;WEB_SEARCH;chat-latest;2;ZA7500;Joint European Values Study / World Values Survey 2017-2022 Dataset;https://doi.org/10.4232/1.14320;ZA7505;0;0;1;1;1;True;doi;title_fuzzy
V2;5;V2_TOPIC_COUNTRY_TIME_SINGLE_TOPIC;WEB_SEARCH;chat-latest;3;ZA7500;World Values Survey Wave 7 (2017-2022);https://doi.org/10.14281/18241.24;;0;0;0;0;0;False;unmatched;unmatched
V2;5;V2_TOPIC_COUNTRY_TIME_SINGLE_TOPIC;WEB_SEARCH;chat-latest;4;ZA7500;European Social Survey Data Portal;https://www.europeansocialsurvey.org/data-portal;ZA4512;0;0;0;0;0;False;title_fuzzy;title_fuzzy
V2;5;V2_TOPIC_COUNTRY_TIME_SINGLE_TOPIC;WEB_SEARCH;chat-latest;5;ZA7500;Comparative Study of Electoral Systems Module 4 (2011-2016);https://doi.org/10.7804/cses.module4.2018-05-29;ZA5182;0;0;0;0;0;True;doi;title_fuzzy
V2;5;V2_TOPIC_COUNTRY_TIME_SINGLE_TOPIC;WEB_SEARCH;chat-latest;6;ZA7500;Comparative Study of Electoral Systems Module 5 (2016-2021);https://doi.org/10.7804/cses.module5.2023-07-25;ZA7557;0;0;0;1;1;True;doi;title_fuzzy
V2;5;V2_TOPIC_COUNTRY_TIME_SINGLE_TOPIC;WEB_SEARCH;chat-latest;7;ZA7500;CSES Integrated Module Dataset (IMD), Phase 4;https://doi.org/10.7804/cses.imd.2024-02-27;ZA7481;0;0;0;0;1;False;title_fuzzy;title_fuzzy
V2;5;V2_TOPIC_COUNTRY_TIME_SINGLE_TOPIC;WEB_SEARCH;chat-latest;8;ZA7500;CSES Module 6: Representative Democracy Under Pressure (2021-2026), Second Advance Release;https://doi.org/10.7804/cses.module6.2025-12-16;ZA7748;0;0;0;1;1;True;doi;title_fuzzy
V2;5;V2_TOPIC_COUNTRY_TIME_SINGLE_TOPIC;WEB_SEARCH;chat-latest;9;ZA7500;International Social Survey Programme: Citizenship II - ISSP 2014;https://doi.org/10.4232/1.12590;ZA6670;0;0;0;0;0;True;doi;title_exact
V2;5;V2_TOPIC_COUNTRY_TIME_SINGLE_TOPIC;WEB_SEARCH;chat-latest;10;ZA7500;International Social Survey Programme: Role of Government V - ISSP 2016;https://doi.org/10.4232/1.13052;ZA6900;0;0;0;0;0;True;doi;title_exact
V2;5;V2_TOPIC_COUNTRY_TIME_SINGLE_TOPIC;WEB_SEARCH;chat-latest;11;ZA7500;International Social Survey Programme: Social Inequality V - ISSP 2019;https://doi.org/10.4232/1.14009;ZA7600;0;0;0;1;1;True;doi;title_exact
V2;6;V2_TOPIC_COUNTRY_TIME_SINGLE_TOPIC;WEB_SEARCH;chat-latest;1;ZA7500;European Values Study 2017: Integrated Dataset (EVS 2017);https://doi.org/10.4232/1.13511;ZA7500;0;1;1;0;1;False;title_exact;title_exact
V2;6;V2_TOPIC_COUNTRY_TIME_SINGLE_TOPIC;WEB_SEARCH;chat-latest;2;ZA7500;Joint EVS/WVS 2017-2022 Dataset;https://doi.org/10.4232/1.14320;ZA7505;0;0;0;1;1;True;doi;title_exact
V2;6;V2_TOPIC_COUNTRY_TIME_SINGLE_TOPIC;WEB_SEARCH;chat-latest;3;ZA7500;International Social Survey Programme: Family and Changing Gender Roles IV - ISSP 2012;https://doi.org/10.4232/1.12661;ZA5900;0;0;0;0;0;True;doi;title_exact
V2;6;V2_TOPIC_COUNTRY_TIME_SINGLE_TOPIC;WEB_SEARCH;chat-latest;4;ZA7500;International Social Survey Programme: Family and Changing Gender Roles V - ISSP 2022;https://access.gesis.org/dbk/79136;ZA8980;0;0;0;0;0;False;title_exact;title_exact
V2;6;V2_TOPIC_COUNTRY_TIME_SINGLE_TOPIC;WEB_SEARCH;chat-latest;5;ZA7500;European Social Survey Data Portal;https://www.europeansocialsurvey.org/data-portal;ZA4512;0;0;0;0;0;False;title_fuzzy;title_fuzzy
V2;6;V2_TOPIC_COUNTRY_TIME_SINGLE_TOPIC;WEB_SEARCH;chat-latest;6;ZA7500;Generations & Gender Programme Data Catalog;https://www.ggp-i.org/data-catalog/;ZA8913;0;0;0;0;0;False;title_exact;title_exact
V2;6;V2_TOPIC_COUNTRY_TIME_SINGLE_TOPIC;WEB_SEARCH;chat-latest;7;ZA7500;Generations and Gender Survey - Round II;https://www.ggp-i.org/data/generations-and-gender-survey/ggs-round-2/;ZA8913;0;0;0;0;0;False;title_exact;title_exact
V2;6;V2_TOPIC_COUNTRY_TIME_SINGLE_TOPIC;WEB_SEARCH;chat-latest;8;ZA7500;Generations & Gender Programme Harmonized Histories;https://www.ggp-i.org/data/harmonized-histories/;ZA8913;0;0;0;0;0;False;title_exact;title_exact
V2;6;V2_TOPIC_COUNTRY_TIME_SINGLE_TOPIC;WEB_SEARCH;chat-latest;9;ZA7500;EIGE Gender Equality Index Data;https://eige.europa.eu/gender-equality-index/2023/country;;0;0;0;0;0;False;unmatched;unmatched
V2;6;V2_TOPIC_COUNTRY_TIME_SINGLE_TOPIC;WEB_SEARCH;chat-latest;10;ZA7500;EIGE Gender Statistics Database - Gender Equality Index;https://eige.europa.eu/gender-statistics/dgs/browse/index;SDN-10.7802-2786;0;0;0;0;0;False;title_fuzzy;title_fuzzy
V2;6;V2_TOPIC_COUNTRY_TIME_SINGLE_TOPIC;WEB_SEARCH;chat-latest;11;ZA7500;UNECE Data Portal - Gender Statistics;https://stats.unece.org/;;0;0;0;0;0;False;unmatched;unmatched
V2;8;V2_TOPIC_COUNTRY_TIME_SINGLE_TOPIC;WEB_SEARCH;chat-latest;1;ZA9144;Special Eurobarometer 508 / Eurobarometer 94.1 (2020): Values and Identities of EU Citizens;https://data.europa.eu/data/datasets/s2230-94-1-508-eng?locale=en;ZA7749;0;0;0;0;0;False;title_fuzzy;title_fuzzy
V2;8;V2_TOPIC_COUNTRY_TIME_SINGLE_TOPIC;WEB_SEARCH;chat-latest;2;ZA9144;Eurobarometer 94.1 (2020) (ZA7749);https://search.gesis.org/research_data/ZA7749;ZA7749;0;0;0;0;0;True;dataset_id;title_exact
V2;8;V2_TOPIC_COUNTRY_TIME_SINGLE_TOPIC;WEB_SEARCH;chat-latest;3;ZA9144;European Social Survey Round 10 (2020-2022);https://doi.org/10.21338/NSD-ESS10-2020;ZA5145;0;0;0;0;0;False;title_fuzzy;title_fuzzy
V2;8;V2_TOPIC_COUNTRY_TIME_SINGLE_TOPIC;WEB_SEARCH;chat-latest;4;ZA9144;European Social Survey Data Portal;https://www.europeansocialsurvey.org/data-portal;ZA4512;0;0;0;0;0;False;title_fuzzy;title_fuzzy
V2;8;V2_TOPIC_COUNTRY_TIME_SINGLE_TOPIC;WEB_SEARCH;chat-latest;5;ZA9144;International Social Survey Programme: National Identity & Citizenship - ISSP 2023 (ZA10010);https://doi.org/10.4232/5.ZA10010.1.0.0;ZA10010;0;0;0;0;0;True;doi;title_exact
V2;8;V2_TOPIC_COUNTRY_TIME_SINGLE_TOPIC;WEB_SEARCH;chat-latest;6;ZA9144;Joint EVS/WVS Dataset 2017-2022;https://doi.org/10.4232/1.13899;ZA7505;0;0;0;0;0;False;title_exact;title_exact
V2;8;V2_TOPIC_COUNTRY_TIME_SINGLE_TOPIC;WEB_SEARCH;chat-latest;7;ZA9144;World Values Survey Wave 7 / Time-Series Dataset;https://doi.org/10.14281/18241.17;;0;0;0;0;0;False;unmatched;unmatched
V2;9;V2_TOPIC_COUNTRY_TIME_SINGLE_TOPIC;WEB_SEARCH;chat-latest;1;ZA9144;Standard Eurobarometer 101 – Spring 2024;https://data.europa.eu/data/datasets/s3216_101_3_std101_eng?locale=en;;0;0;0;0;0;False;unmatched;unmatched
V2;9;V2_TOPIC_COUNTRY_TIME_SINGLE_TOPIC;WEB_SEARCH;chat-latest;2;ZA9144;European Social Survey (ESS) Data Portal – Rounds 10 and 11;https://www.europeansocialsurvey.org/data-portal;ZA5145;0;0;0;0;0;False;title_fuzzy;title_fuzzy
V2;9;V2_TOPIC_COUNTRY_TIME_SINGLE_TOPIC;WEB_SEARCH;chat-latest;3;ZA9144;European Election Study 2024 – Voter Study;https://www.gesis.org/en/services/finding-and-accessing-data/international-survey-programs/european-election-studies/ees-2024-study;ZA8975;0;0;0;0;1;False;title_exact;title_exact
V2;9;V2_TOPIC_COUNTRY_TIME_SINGLE_TOPIC;WEB_SEARCH;chat-latest;4;ZA9144;Comparative Study of Electoral Systems (CSES), Module 6 (2021–2026);https://www.gesis.org/en/services/finding-and-accessing-data/cses;SDN-10.7802-1265;0;0;0;0;0;False;title_fuzzy;title_fuzzy
V2;9;V2_TOPIC_COUNTRY_TIME_SINGLE_TOPIC;WEB_SEARCH;chat-latest;5;ZA9144;Manifesto Project Dataset / Manifesto Corpus;https://manifesto-project.wzb.eu/datasets;;0;0;0;0;0;False;unmatched;unmatched
V2;9;V2_TOPIC_COUNTRY_TIME_SINGLE_TOPIC;WEB_SEARCH;chat-latest;6;ZA9144;ParlGov – Parliaments and Governments Database;https://www.parlgov.org/data-info/;SDN-10.7802-2786;0;0;0;0;0;False;title_fuzzy;title_fuzzy
V2;9;V2_TOPIC_COUNTRY_TIME_SINGLE_TOPIC;WEB_SEARCH;chat-latest;7;ZA9144;ParlGov 2020 Release;https://doi.org/10.7910/DVN/Q6CVHX;missy-mz-2020;0;0;0;0;0;False;title_fuzzy;title_fuzzy
V2;9;V2_TOPIC_COUNTRY_TIME_SINGLE_TOPIC;WEB_SEARCH;chat-latest;8;ZA9144;Joint EVS/WVS Dataset 2017–2022;https://doi.org/10.4232/1.13899;ZA7505;0;0;0;0;0;False;title_fuzzy;title_fuzzy
V2;9;V2_TOPIC_COUNTRY_TIME_SINGLE_TOPIC;WEB_SEARCH;chat-latest;9;ZA9144;Eurostat – Persons eligible to vote in the 2024 European Parliament elections (demo_popep);https://ec.europa.eu/eurostat/cache/metadata/en/demo_popep_esms.htm;ZA8975;0;0;0;0;1;False;title_fuzzy;title_fuzzy
V2;9;V2_TOPIC_COUNTRY_TIME_SINGLE_TOPIC;WEB_SEARCH;chat-latest;10;ZA9144;Flash Eurobarometer – Youth Survey 2024;https://data.europa.eu/data/datasets/s3392_fl013ep_eng?locale=en;ZA5464;0;0;0;0;0;False;title_fuzzy;title_fuzzy
V2;10;V2_TOPIC_COUNTRY_TIME_SINGLE_TOPIC;WEB_SEARCH;chat-latest;1;ZA9144;Special Eurobarometer 500: Future of Europe (2020);https://data.europa.eu/data/datasets/s2256_94_1_500_eng?locale=en;ZA7739;0;0;0;0;0;False;title_fuzzy;title_fuzzy
V2;10;V2_TOPIC_COUNTRY_TIME_SINGLE_TOPIC;WEB_SEARCH;chat-latest;2;ZA9144;Eurobarometer 93.1 (July-August 2020);https://www.gesis.org/en/eurobarometer-data-service/data-and-documentation/standard-special-eb/study-overview/eurobarometer-931-za7649-july-august-2020;ZA7649;0;0;0;0;0;True;dataset_id;title_fuzzy
V2;10;V2_TOPIC_COUNTRY_TIME_SINGLE_TOPIC;WEB_SEARCH;chat-latest;3;ZA9144;Eurobarometer 94.3 (2021) / Standard Eurobarometer 94;https://doi.org/10.4232/1.14076;ZA7780;0;0;0;0;0;True;doi;title_exact
V2;10;V2_TOPIC_COUNTRY_TIME_SINGLE_TOPIC;WEB_SEARCH;chat-latest;4;ZA9144;Eurobarometer 95.3 (June-July 2021);https://www.gesis.org/en/eurobarometer-data-service/data-and-documentation/standard-special-eb/study-overview/eurobarometer-953-za7783-june-july-2021;ZA7783;0;0;0;0;0;True;dataset_id;title_fuzzy
V2;10;V2_TOPIC_COUNTRY_TIME_SINGLE_TOPIC;WEB_SEARCH;chat-latest;5;ZA9144;Eurobarometer 99.4 (May-June 2023);https://doi.org/10.4232/1.14167;ZA7997;0;0;0;0;0;True;doi;title_fuzzy
V2;10;V2_TOPIC_COUNTRY_TIME_SINGLE_TOPIC;WEB_SEARCH;chat-latest;6;ZA9144;European Social Survey Round 10 (2020-22): Democracy, Digital Social Contacts;https://doi.org/10.21338/NSD-ESS10-2020;ZA5145;0;0;0;0;0;False;title_fuzzy;title_fuzzy
V2;10;V2_TOPIC_COUNTRY_TIME_SINGLE_TOPIC;WEB_SEARCH;chat-latest;7;ZA9144;European Social Survey Data Portal: Round 11 (2023/24);https://www.europeansocialsurvey.org/data-portal;ZA5145;0;0;0;0;0;False;title_fuzzy;title_fuzzy
V2;10;V2_TOPIC_COUNTRY_TIME_SINGLE_TOPIC;WEB_SEARCH;chat-latest;8;ZA9144;Manifesto Project Dataset;https://manifesto-project.wzb.eu/;ZA7891;0;0;0;0;0;False;title_fuzzy;title_fuzzy
V2;10;V2_TOPIC_COUNTRY_TIME_SINGLE_TOPIC;WEB_SEARCH;chat-latest;9;ZA9144;Manifesto Project Dataset, version 2025a;https://doi.org/10.25522/manifesto.mpds.2025a;;0;0;0;0;0;False;unmatched;unmatched
V2;10;V2_TOPIC_COUNTRY_TIME_SINGLE_TOPIC;WEB_SEARCH;chat-latest;10;ZA9144;ParlGov 2020 Release;https://doi.org/10.7910/DVN/Q6CVHX;missy-mz-2020;0;0;0;0;0;False;title_fuzzy;title_fuzzy
V2;10;V2_TOPIC_COUNTRY_TIME_SINGLE_TOPIC;WEB_SEARCH;chat-latest;11;ZA9144;Comparative Political Data Set 1960-2023 (CPDS);https://datafinder.qog.gu.se/dataset/cpds;;0;0;0;0;0;False;unmatched;unmatched
V2;10;V2_TOPIC_COUNTRY_TIME_SINGLE_TOPIC;WEB_SEARCH;chat-latest;12;ZA9144;V-Dem Dataset Archive;https://www.v-dem.net/data/dataset-archive/;;0;0;0;0;0;False;unmatched;unmatched
V2;10;V2_TOPIC_COUNTRY_TIME_SINGLE_TOPIC;WEB_SEARCH;chat-latest;13;ZA9144;European Commission/Eurostat Enlargement Statistics;https://ec.europa.eu/eurostat/web/international-cooperation/regional-cooperation/enlargement;;0;0;0;0;0;False;unmatched;unmatched
V2;12;V2_TOPIC_COUNTRY_TIME_SINGLE_TOPIC;WEB_SEARCH;chat-latest;1;ZA9144;V-Dem Dataset;https://www.v-dem.net/data/dataset-archive/;SDN-10.7802-2767;0;0;0;0;0;False;title_fuzzy;title_fuzzy
V2;12;V2_TOPIC_COUNTRY_TIME_SINGLE_TOPIC;WEB_SEARCH;chat-latest;2;ZA9144;Quality of Government (QoG) Standard Dataset;https://researchdata.se/en/catalogue/dataset/ext0003-1;;0;0;0;0;0;False;unmatched;unmatched
V2;12;V2_TOPIC_COUNTRY_TIME_SINGLE_TOPIC;WEB_SEARCH;chat-latest;3;ZA9144;Worldwide Governance Indicators (WGI);https://www.worldbank.org/en/publication/worldwide-governance-indicators;;0;0;0;0;0;False;unmatched;unmatched
V2;12;V2_TOPIC_COUNTRY_TIME_SINGLE_TOPIC;WEB_SEARCH;chat-latest;4;ZA9144;Global State of Democracy Indices;https://www.idea.int/democracytracker/dataset-resources;;0;0;0;0;0;False;unmatched;unmatched
V2;12;V2_TOPIC_COUNTRY_TIME_SINGLE_TOPIC;WEB_SEARCH;chat-latest;5;ZA9144;International IDEA Political Finance Database;https://www.idea.int/data-tools/data/political-finance-database;ZA6767;0;0;0;0;0;False;title_fuzzy;title_fuzzy
V2;12;V2_TOPIC_COUNTRY_TIME_SINGLE_TOPIC;WEB_SEARCH;chat-latest;6;ZA9144;International IDEA Voter Turnout Database;https://www.idea.int/data-tools/data/region-compare?database_theme=293;ZA6767;0;0;0;0;0;False;title_fuzzy;title_fuzzy
V2;12;V2_TOPIC_COUNTRY_TIME_SINGLE_TOPIC;WEB_SEARCH;chat-latest;7;ZA9144;Parliaments and Governments Database (ParlGov), Release 2024;https://doi.org/10.7910/DVN/2VZ5ZC;SDN-10.7802-2786;0;0;0;0;0;False;title_fuzzy;title_fuzzy
V2;12;V2_TOPIC_COUNTRY_TIME_SINGLE_TOPIC;WEB_SEARCH;chat-latest;8;ZA9144;Manifesto Project Dataset;https://manifesto-project.wzb.eu/;ZA7891;0;0;0;0;0;False;title_fuzzy;title_fuzzy
V2;12;V2_TOPIC_COUNTRY_TIME_SINGLE_TOPIC;WEB_SEARCH;chat-latest;9;ZA9144;Chapel Hill Expert Survey (CHES-Europe);https://www.chesdata.eu/ches-europe/;;0;0;0;0;0;False;unmatched;unmatched
V2;12;V2_TOPIC_COUNTRY_TIME_SINGLE_TOPIC;WEB_SEARCH;chat-latest;10;ZA9144;European Social Survey Data Portal;https://www.europeansocialsurvey.org/data-portal;ZA4512;0;0;0;0;0;False;title_fuzzy;title_fuzzy
V2;12;V2_TOPIC_COUNTRY_TIME_SINGLE_TOPIC;WEB_SEARCH;chat-latest;11;ZA9144;TRUEDEM: Trust in European Democracies (2023–2025);https://www.truedemdata.eu/oda/truedem;;0;0;0;0;0;False;unmatched;unmatched
V2;12;V2_TOPIC_COUNTRY_TIME_SINGLE_TOPIC;WEB_SEARCH;chat-latest;12;ZA9144;European Quality of Government Index (EQI);https://datafinder.qog.gu.se/download/eqi;;0;0;0;0;0;False;unmatched;unmatched
V2;12;V2_TOPIC_COUNTRY_TIME_SINGLE_TOPIC;WEB_SEARCH;chat-latest;13;ZA9144;Political Data Yearbook Interactive;https://politicaldatayearbook.com/;;0;0;0;0;0;False;unmatched;unmatched
V2;12;V2_TOPIC_COUNTRY_TIME_SINGLE_TOPIC;WEB_SEARCH;chat-latest;14;ZA9144;2024 European Parliament Election Results Data;https://results.elections.europa.eu/en/tools/download-datasheets/;ZA8975;0;0;0;0;1;False;title_exact;title_exact
V2;12;V2_TOPIC_COUNTRY_TIME_SINGLE_TOPIC;WEB_SEARCH;chat-latest;15;ZA9144;Eurostat: Persons Eligible to Vote in the 2024 European Parliament Elections;https://ec.europa.eu/eurostat/cache/metadata/en/demo_popep_esms.htm;ZA4921;0;0;0;0;0;False;title_fuzzy;title_fuzzy
V2;13;V2_TOPIC_COUNTRY_TIME_SINGLE_TOPIC;WEB_SEARCH;chat-latest;1;ZA9144;Eurostat Database: Economy and finance;https://ec.europa.eu/eurostat/web/main/data/database;;0;0;0;0;0;False;unmatched;unmatched
V2;13;V2_TOPIC_COUNTRY_TIME_SINGLE_TOPIC;WEB_SEARCH;chat-latest;2;ZA9144;Eurostat: European Statistical Recovery Dashboard;https://ec.europa.eu/eurostat/cache/recovery-dashboard/;;0;0;0;0;0;False;unmatched;unmatched
V2;13;V2_TOPIC_COUNTRY_TIME_SINGLE_TOPIC;WEB_SEARCH;chat-latest;3;ZA9144;World Bank: World Development Indicators;https://databank.worldbank.org/source/world-development-indicators;ZA4801;0;0;0;0;0;False;title_fuzzy;title_fuzzy
V2;13;V2_TOPIC_COUNTRY_TIME_SINGLE_TOPIC;WEB_SEARCH;chat-latest;4;ZA9144;IMF World Economic Outlook Database;https://www.imf.org/en/Publications/WEO/weo-database;SDN-10.7802-2786;0;0;0;0;0;False;title_fuzzy;title_fuzzy
V2;13;V2_TOPIC_COUNTRY_TIME_SINGLE_TOPIC;WEB_SEARCH;chat-latest;5;ZA9144;IMF International Financial Statistics;https://data.imf.org/IFS;ZA6767;0;0;0;0;0;False;title_fuzzy;title_fuzzy
V2;13;V2_TOPIC_COUNTRY_TIME_SINGLE_TOPIC;WEB_SEARCH;chat-latest;6;ZA9144;OECD Economic Outlook: Statistics and Projections;https://www.oecd.org/en/publications/oecd-economic-outlook-volume-2026-issue-1_b4926776-en.html;;0;0;0;0;0;False;unmatched;unmatched
V2;13;V2_TOPIC_COUNTRY_TIME_SINGLE_TOPIC;WEB_SEARCH;chat-latest;7;ZA9144;UNECE Statistical Database: Economic Statistics;https://w3.unece.org/PXWeb/en;;0;0;0;0;0;False;unmatched;unmatched
V2;13;V2_TOPIC_COUNTRY_TIME_SINGLE_TOPIC;WEB_SEARCH;chat-latest;8;ZA9144;EBRD Transition Report Data;https://www.ebrd.com/home/what-we-do/office-of-the-chief-economist/transition-report.html;;0;0;0;0;0;False;unmatched;unmatched
V2;13;V2_TOPIC_COUNTRY_TIME_SINGLE_TOPIC;WEB_SEARCH;chat-latest;9;ZA9144;European Commission AMECO Database;https://economy-finance.ec.europa.eu/economic-research-and-databases/economic-databases/ameco-database_en;SDN-10.7802-2786;0;0;0;0;0;False;title_fuzzy;title_fuzzy
V2;13;V2_TOPIC_COUNTRY_TIME_SINGLE_TOPIC;WEB_SEARCH;chat-latest;10;ZA9144;World Bank Global Economic Monitor;https://databank.worldbank.org/source/global-economic-monitor-(gem);;0;0;0;0;0;False;unmatched;unmatched
V2;13;V2_TOPIC_COUNTRY_TIME_SINGLE_TOPIC;WEB_SEARCH;chat-latest;11;ZA9144;World Bank Europe and Central Asia Economic Update;https://www.worldbank.org/en/region/eca/publication/europe-and-central-asia-economic-update;;0;0;0;0;0;False;unmatched;unmatched
V2;13;V2_TOPIC_COUNTRY_TIME_SINGLE_TOPIC;WEB_SEARCH;chat-latest;12;ZA9144;European Commission Business and Consumer Surveys;https://economy-finance.ec.europa.eu/economic-forecast-and-surveys/business-and-consumer-surveys_en;ZA0132;0;0;0;0;0;False;title_fuzzy;title_fuzzy
V2;14;V2_TOPIC_COUNTRY_TIME_SINGLE_TOPIC;WEB_SEARCH;chat-latest;1;ZA9144;UCDP Georeferenced Event Dataset (GED);https://ucdp.uu.se/downloads/;;0;0;0;0;0;False;unmatched;unmatched
V2;14;V2_TOPIC_COUNTRY_TIME_SINGLE_TOPIC;WEB_SEARCH;chat-latest;2;ZA9144;UCDP Candidate Events Dataset;https://ucdp.uu.se/downloads/;ZA5718;0;0;0;0;0;False;title_fuzzy;title_fuzzy
V2;14;V2_TOPIC_COUNTRY_TIME_SINGLE_TOPIC;WEB_SEARCH;chat-latest;3;ZA9144;UCDP/PRIO Armed Conflict Dataset;https://ucdp.uu.se/downloads/;;0;0;0;0;0;False;unmatched;unmatched
V2;14;V2_TOPIC_COUNTRY_TIME_SINGLE_TOPIC;WEB_SEARCH;chat-latest;4;ZA9144;UCDP Battle-Related Deaths Dataset;https://ucdp.uu.se/downloads/;;0;0;0;0;0;False;unmatched;unmatched
V2;14;V2_TOPIC_COUNTRY_TIME_SINGLE_TOPIC;WEB_SEARCH;chat-latest;5;ZA9144;UCDP Non-State Conflict Dataset;https://ucdp.uu.se/downloads/;;0;0;0;0;0;False;unmatched;unmatched
V2;14;V2_TOPIC_COUNTRY_TIME_SINGLE_TOPIC;WEB_SEARCH;chat-latest;6;ZA9144;UCDP One-Sided Violence Dataset;https://ucdp.uu.se/downloads/;;0;0;0;0;0;False;unmatched;unmatched
V2;14;V2_TOPIC_COUNTRY_TIME_SINGLE_TOPIC;WEB_SEARCH;chat-latest;7;ZA9144;ACLED Conflict Data;https://acleddata.com/conflict-data/download-data;;0;0;0;0;0;False;unmatched;unmatched
V2;14;V2_TOPIC_COUNTRY_TIME_SINGLE_TOPIC;WEB_SEARCH;chat-latest;8;ZA9144;Eurostat: Police-recorded offences by offence category (crim_off_cat);https://ec.europa.eu/eurostat/databrowser/view/crim_off_cat/default/table?lang=en;;0;0;0;0;0;False;unmatched;unmatched
V2;14;V2_TOPIC_COUNTRY_TIME_SINGLE_TOPIC;WEB_SEARCH;chat-latest;9;ZA9144;Eurostat: Police-recorded offences by NUTS 3 region (crim_gen_reg);https://ec.europa.eu/eurostat/cache/metadata/EN/crim_gen_reg_esms.htm;;0;0;0;0;0;False;unmatched;unmatched
V2;14;V2_TOPIC_COUNTRY_TIME_SINGLE_TOPIC;WEB_SEARCH;chat-latest;10;ZA9144;Eurostat: Trafficking in human beings (crim_thb);https://ec.europa.eu/eurostat/cache/metadata/en/crim_thb_esms.htm;;0;0;0;0;0;False;unmatched;unmatched
V2;14;V2_TOPIC_COUNTRY_TIME_SINGLE_TOPIC;WEB_SEARCH;chat-latest;11;ZA9144;UNODC Data Portal;https://data.unodc.org/datasearch;;0;0;0;0;0;False;unmatched;unmatched
V2;14;V2_TOPIC_COUNTRY_TIME_SINGLE_TOPIC;WEB_SEARCH;chat-latest;12;ZA9144;World Bank: Intentional homicides (per 100,000 people);https://genderdata.worldbank.org/en/indicator/vc-ihr-psrc-p5?view=trend;;0;0;0;0;0;False;unmatched;unmatched
V2;14;V2_TOPIC_COUNTRY_TIME_SINGLE_TOPIC;WEB_SEARCH;chat-latest;13;ZA9144;Global Peace Index Data;https://www.visionofhumanity.org/maps/;;0;0;0;0;0;False;unmatched;unmatched
V2;15;V2_TOPIC_COUNTRY_TIME_SINGLE_TOPIC;WEB_SEARCH;chat-latest;1;ZA9151;Bundestagswahl 2025 – Open Data;https://bundeswahlleiterin.de/bundestagswahlen/2025/ergebnisse/opendata.html;;0;0;0;0;0;False;unmatched;unmatched
V2;15;V2_TOPIC_COUNTRY_TIME_SINGLE_TOPIC;WEB_SEARCH;chat-latest;2;ZA9151;Bundestagswahl 2021 – Results;https://bundeswahlleiterin.de/bundestagswahlen/2021/ergebnisse.html;missy-mz-2021;0;0;0;0;0;False;title_fuzzy;title_fuzzy
V2;15;V2_TOPIC_COUNTRY_TIME_SINGLE_TOPIC;WEB_SEARCH;chat-latest;3;ZA9151;Europawahl 2024 – Open Data;https://www.bundeswahlleiterin.de/europawahlen/2024/ergebnisse/opendata.html;;0;0;0;0;0;False;unmatched;unmatched
V2;15;V2_TOPIC_COUNTRY_TIME_SINGLE_TOPIC;WEB_SEARCH;chat-latest;4;ZA9151;GLES Cross-Section 2021, Pre- and Post-Election;https://doi.org/10.4232/1.14170;ZA7702;0;0;0;0;0;True;doi;title_exact
V2;15;V2_TOPIC_COUNTRY_TIME_SINGLE_TOPIC;WEB_SEARCH;chat-latest;5;ZA9151;Political Identities and News Consumption in Election Times (PINCET);https://doi.org/10.7802/2524;SDN-10.7802-2585;0;0;0;0;0;True;doi;title_exact
V2;15;V2_TOPIC_COUNTRY_TIME_SINGLE_TOPIC;WEB_SEARCH;chat-latest;6;ZA9151;German Internet Panel, Wave 55 – Core Study (September 2021);https://doi.org/10.4232/1.14324;ZA7763;0;0;0;0;0;True;doi;title_fuzzy
V2;15;V2_TOPIC_COUNTRY_TIME_SINGLE_TOPIC;WEB_SEARCH;chat-latest;7;ZA9151;German Internet Panel, Wave 57 (January 2022);https://doi.org/10.4232/1.13946;ZA7877;0;0;0;0;0;True;doi;title_exact
V2;15;V2_TOPIC_COUNTRY_TIME_SINGLE_TOPIC;WEB_SEARCH;chat-latest;8;ZA9151;ARD-DeutschlandTrend 2021;https://doi.org/10.4232/1.13986;ZA7863;0;0;0;0;0;True;doi;title_exact
V2;15;V2_TOPIC_COUNTRY_TIME_SINGLE_TOPIC;WEB_SEARCH;chat-latest;9;ZA9151;Political Participation (June / July 2021);https://doi.org/10.4232/1.13861;ZA7814;0;0;0;0;0;True;doi;title_exact
V2;15;V2_TOPIC_COUNTRY_TIME_SINGLE_TOPIC;WEB_SEARCH;chat-latest;10;ZA9151;GLES Tracking 2009–2023, Cumulation;https://doi.org/10.4232/1.14232;ZA6832;0;0;0;0;0;True;doi;title_fuzzy
V2;15;V2_TOPIC_COUNTRY_TIME_SINGLE_TOPIC;WEB_SEARCH;chat-latest;11;ZA9151;Politbarometer 2023 (Cumulated Data Set);https://doi.org/10.4232/1.14405;ZA8785;0;0;0;1;1;True;doi;title_exact
V2;15;V2_TOPIC_COUNTRY_TIME_SINGLE_TOPIC;WEB_SEARCH;chat-latest;12;ZA9151;German Longitudinal Election Study (GLES) – Data and Documentation;https://www.gesis.org/en/gles/data-and-documentation;ZA3272;0;0;0;0;0;False;title_fuzzy;title_fuzzy
V2;16;V2_TOPIC_COUNTRY_TIME_SINGLE_TOPIC;WEB_SEARCH;chat-latest;1;ZA9151;GLES Cross-Section 2021, Pre- and Post-Election;https://doi.org/10.4232/1.14170;ZA7702;0;0;0;0;0;True;doi;title_exact
V2;16;V2_TOPIC_COUNTRY_TIME_SINGLE_TOPIC;WEB_SEARCH;chat-latest;2;ZA9151;Politbarometer 2024 (Cumulated Data Set);https://doi.org/10.4232/1.14517;ZA8974;0;0;0;1;1;True;doi;title_exact
V2;16;V2_TOPIC_COUNTRY_TIME_SINGLE_TOPIC;WEB_SEARCH;chat-latest;3;ZA9151;GLES Tracking 2009-2023, Cumulation;https://doi.org/10.4232/1.14232;ZA6832;0;0;0;0;0;True;doi;title_fuzzy
V2;16;V2_TOPIC_COUNTRY_TIME_SINGLE_TOPIC;WEB_SEARCH;chat-latest;4;ZA9151;ARD-DeutschlandTrend 2021;https://doi.org/10.4232/1.13986;ZA7863;0;0;0;1;1;True;doi;title_exact
V2;16;V2_TOPIC_COUNTRY_TIME_SINGLE_TOPIC;WEB_SEARCH;chat-latest;5;ZA9151;Modern State (May/June 2022);https://doi.org/10.4232/1.14039;ZA7907;0;0;0;0;0;True;doi;title_exact
V2;16;V2_TOPIC_COUNTRY_TIME_SINGLE_TOPIC;WEB_SEARCH;chat-latest;6;ZA9151;Discursive strategies of political parties in German federalism during Covid-19;https://doi.org/10.7802/2627;SDN-10.7802-2627;0;0;0;0;0;False;title_exact;title_exact
V2;16;V2_TOPIC_COUNTRY_TIME_SINGLE_TOPIC;WEB_SEARCH;chat-latest;7;ZA9151;GERDA: The German Election Database;https://doi.org/10.7910/DVN/MD1E0J;SDN-10.7802-2786;0;0;0;0;0;False;title_fuzzy;title_fuzzy
V2;16;V2_TOPIC_COUNTRY_TIME_SINGLE_TOPIC;WEB_SEARCH;chat-latest;8;ZA9151;GLES Tracking January 2021, T48;https://doi.org/10.4232/1.13727;ZA7705;0;0;0;0;0;True;doi;title_exact
V2;16;V2_TOPIC_COUNTRY_TIME_SINGLE_TOPIC;WEB_SEARCH;chat-latest;9;ZA9151;GLES Tracking April 2021, T49;https://doi.org/10.4232/1.13739;ZA7707;0;0;0;0;0;True;doi;title_exact
V2;16;V2_TOPIC_COUNTRY_TIME_SINGLE_TOPIC;WEB_SEARCH;chat-latest;10;ZA9151;Forsa-Bus 2025;https://doi.org/10.4232/1.14748;ZA8791;0;0;0;0;0;False;title_fuzzy;title_fuzzy
V2;16;V2_TOPIC_COUNTRY_TIME_SINGLE_TOPIC;WEB_SEARCH;chat-latest;11;ZA9151;The Berlin Pulse - Deutsche Außenpolitik 2022;https://doi.org/10.4232/1.14622;ZA8994;0;0;0;0;0;True;doi;title_fuzzy
V2;16;V2_TOPIC_COUNTRY_TIME_SINGLE_TOPIC;WEB_SEARCH;chat-latest;12;ZA9151;Valid second votes (Representative Federal Election Statistics): federal states, date, parties, sex;https://www.govdata.de/suche/daten/gultige-zweitstimmen-reprasentative-bundestagswahlstatistik-bundeslander-stichtag-parteien-gesc;ZA1275;0;0;0;0;0;False;title_fuzzy;title_fuzzy
V2;17;V2_TOPIC_COUNTRY_TIME_SINGLE_TOPIC;WEB_SEARCH;chat-latest;1;ZA9151;German Longitudinal Election Study (GLES);https://www.gesis.org/en/gles/data-and-documents;ZA3272;0;0;0;0;0;False;title_fuzzy;title_fuzzy
V2;17;V2_TOPIC_COUNTRY_TIME_SINGLE_TOPIC;WEB_SEARCH;chat-latest;2;ZA9151;GLES Cross-Section 2021, Pre- and Post-Election;https://doi.org/10.4232/1.14164;ZA7994;0;0;0;0;0;True;doi;title_exact
V2;17;V2_TOPIC_COUNTRY_TIME_SINGLE_TOPIC;WEB_SEARCH;chat-latest;3;ZA9151;GLES Rolling Cross-Section 2021;https://doi.org/10.4232/1.14166;ZA7996;0;0;0;0;0;True;doi;title_exact
V2;17;V2_TOPIC_COUNTRY_TIME_SINGLE_TOPIC;WEB_SEARCH;chat-latest;4;ZA9151;GLES Panel 2021;https://doi.org/10.4232/1.14264;ZA7883;0;0;0;0;0;True;doi;title_fuzzy
V2;17;V2_TOPIC_COUNTRY_TIME_SINGLE_TOPIC;WEB_SEARCH;chat-latest;5;ZA9151;ALLBUS/German General Social Survey;https://www.gesis.org/en/allbus/allbus;ZA8830;0;0;0;0;0;False;title_fuzzy;title_fuzzy
V2;17;V2_TOPIC_COUNTRY_TIME_SINGLE_TOPIC;WEB_SEARCH;chat-latest;6;ZA9151;German Internet Panel (GIP);https://www.gip-panel.org/;ZA6960;0;0;0;0;0;False;title_fuzzy;title_fuzzy
V2;17;V2_TOPIC_COUNTRY_TIME_SINGLE_TOPIC;WEB_SEARCH;chat-latest;7;ZA9151;SOEP — German Socio-Economic Panel;https://www.diw.de/en/diw_01.c.615551.en/research_infrastructure__sozio-oekonomisches_panel__soep.html;;0;0;0;0;0;False;unmatched;unmatched
V2;17;V2_TOPIC_COUNTRY_TIME_SINGLE_TOPIC;WEB_SEARCH;chat-latest;8;ZA9151;European Social Survey (ESS) Data Portal;https://ess.sikt.no/;ZA5145;0;0;0;0;0;False;title_fuzzy;title_fuzzy
V2;17;V2_TOPIC_COUNTRY_TIME_SINGLE_TOPIC;WEB_SEARCH;chat-latest;9;ZA9151;European Values Study (EVS) 2017: Integrated Dataset;https://doi.org/10.4232/1.13897;ZA7500;0;0;0;0;0;True;doi;title_fuzzy
V2;18;V2_TOPIC_COUNTRY_TIME_SINGLE_TOPIC;WEB_SEARCH;chat-latest;1;ZA9085;DWD RADKLIM-RW: Radar-based high-resolution precipitation climatology for Germany;https://doi.org/10.5676/DWD/RADKLIM_RW_V2017.002;;0;0;0;0;0;False;unmatched;unmatched
V2;18;V2_TOPIC_COUNTRY_TIME_SINGLE_TOPIC;WEB_SEARCH;chat-latest;2;ZA9085;KOSTRA-DWD-2020: Grids of return periods of heavy precipitation over Germany;https://doi.org/10.5676/DWD/KOSTRA-DWD-2020;;0;0;0;0;0;False;unmatched;unmatched
V2;18;V2_TOPIC_COUNTRY_TIME_SINGLE_TOPIC;WEB_SEARCH;chat-latest;3;ZA9085;DWD Climate Data Center: 1991–2020 climate normals for Germany;https://opendata.dwd.de/climate_environment/CDC/observations_germany/climate/multi_annual/mean_91-20/;;0;0;0;0;0;False;unmatched;unmatched
V2;18;V2_TOPIC_COUNTRY_TIME_SINGLE_TOPIC;WEB_SEARCH;chat-latest;4;ZA9085;DWD Climate Data Center: Monthly gridded climate data for Germany;https://opendata.dwd.de/climate_environment/CDC/grids_germany/monthly/;;0;0;0;0;0;False;unmatched;unmatched
V2;18;V2_TOPIC_COUNTRY_TIME_SINGLE_TOPIC;WEB_SEARCH;chat-latest;5;ZA9085;UBA Luftdaten: Air-quality data in Germany;https://luftdaten.umweltbundesamt.de/;ZA0485;0;0;0;0;0;False;title_fuzzy;title_fuzzy
V2;18;V2_TOPIC_COUNTRY_TIME_SINGLE_TOPIC;WEB_SEARCH;chat-latest;6;ZA9085;UBA Development of Air Quality in Germany;https://www.umweltbundesamt.de/themen/luft/daten-karten/entwicklung-der-luftqualitaet;ZA0485;0;0;0;0;0;False;title_fuzzy;title_fuzzy
V2;18;V2_TOPIC_COUNTRY_TIME_SINGLE_TOPIC;WEB_SEARCH;chat-latest;7;ZA9085;UBA Water Data;https://www.umweltbundesamt.de/daten/wasser;;0;0;0;0;0;False;unmatched;unmatched
V2;18;V2_TOPIC_COUNTRY_TIME_SINGLE_TOPIC;WEB_SEARCH;chat-latest;8;ZA9085;UBA Water Resources and Their Use;https://www.umweltbundesamt.de/daten/umweltzustand-trends/wasser/wasserressourcen-ihre-nutzung;;0;0;0;0;0;False;unmatched;unmatched
V2;18;V2_TOPIC_COUNTRY_TIME_SINGLE_TOPIC;WEB_SEARCH;chat-latest;9;ZA9085;UBA Data on the Environment;https://www.umweltbundesamt.de/daten;ZA1047;0;0;0;0;0;False;title_fuzzy;title_fuzzy
V2;18;V2_TOPIC_COUNTRY_TIME_SINGLE_TOPIC;WEB_SEARCH;chat-latest;10;ZA9085;DWD GWL-REA v1.6 ERA5 GLP: Grosswetterlagen catalogue;https://doi.org/10.5676/DWD/GWL-REA_V1.6_ERA5_GLP;;0;0;0;0;0;False;unmatched;unmatched
V2;19;V2_TOPIC_COUNTRY_TIME_SINGLE_TOPIC;WEB_SEARCH;chat-latest;1;ZA9085;INSPIRE Schutzgebiete in Deutschland;https://www.govdata.de/suche/daten/inspire-schutzgebiete-in-deutschland?ids=cb8b5c46-526b-43ec-a061-e0a9c0d15680;;0;0;0;0;0;False;unmatched;unmatched
V2;19;V2_TOPIC_COUNTRY_TIME_SINGLE_TOPIC;WEB_SEARCH;chat-latest;2;ZA9085;Naturschutzgebiete in Deutschland;https://www.bfn.de/daten-und-fakten/naturschutzgebiete-deutschland;;0;0;0;0;0;False;unmatched;unmatched
V2;19;V2_TOPIC_COUNTRY_TIME_SINGLE_TOPIC;WEB_SEARCH;chat-latest;3;ZA9085;Natura 2000 Gebietsmeldestatistik und Karten;https://www.bfn.de/daten-und-fakten/natura-2000-gebietsmeldestatistik-und-karten;missy-mz-2000;0;0;0;0;0;False;title_fuzzy;title_fuzzy
V2;19;V2_TOPIC_COUNTRY_TIME_SINGLE_TOPIC;WEB_SEARCH;chat-latest;4;ZA9085;Treibhausgas-Emissionen in Deutschland;https://www.umweltbundesamt.de/daten/umweltzustand-trends/klima/treibhausgas-emissionen-in-deutschland;;0;0;0;0;0;False;unmatched;unmatched
V2;19;V2_TOPIC_COUNTRY_TIME_SINGLE_TOPIC;WEB_SEARCH;chat-latest;5;ZA9085;Luftschadstoff-Emissionen in Deutschland;https://www.umweltbundesamt.de/daten/umweltzustand-trends/luft/luftschadstoff-emissionen-in-deutschland;;0;0;0;0;0;False;unmatched;unmatched
V2;19;V2_TOPIC_COUNTRY_TIME_SINGLE_TOPIC;WEB_SEARCH;chat-latest;6;ZA9085;Environmental Indicators — German Environment Agency;https://www.umweltbundesamt.de/en/daten/environmental-indicators;;0;0;0;0;0;False;unmatched;unmatched
V2;19;V2_TOPIC_COUNTRY_TIME_SINGLE_TOPIC;WEB_SEARCH;chat-latest;7;ZA9085;Data on the Environment — Environmental Monitor 2020;https://www.umweltbundesamt.de/publikationen/data-on-the-environment;missy-mz-2020;0;0;0;0;0;False;title_fuzzy;title_fuzzy
V2;19;V2_TOPIC_COUNTRY_TIME_SINGLE_TOPIC;WEB_SEARCH;chat-latest;8;ZA9085;Germany — GBIF;https://www.gbif.org/country/DE/summary;;0;0;0;0;0;False;unmatched;unmatched
V2;19;V2_TOPIC_COUNTRY_TIME_SINGLE_TOPIC;WEB_SEARCH;chat-latest;9;ZA9085;Mesofauna and macrofauna densities at species/group level from 2008 to 2020 in three regions in Germany;https://doi.org/10.5281/zenodo.12796315;ZA0485;0;0;0;0;0;False;title_fuzzy;title_fuzzy
V2;19;V2_TOPIC_COUNTRY_TIME_SINGLE_TOPIC;WEB_SEARCH;chat-latest;10;ZA9085;Data from: Biodiversity along temperate forest succession;https://doi.org/10.5061/dryad.213gk3r;;0;0;0;0;0;False;unmatched;unmatched
V2;20;V2_TOPIC_COUNTRY_TIME_SINGLE_TOPIC;WEB_SEARCH;chat-latest;1;ZA9085;Eurostat: Individuals – internet use (isoc_ci_ifp_iu);https://ec.europa.eu/eurostat/databrowser/view/isoc_ci_ifp_iu__custom_11847335/default/table?lang=en;;0;0;0;0;0;False;unmatched;unmatched
V2;20;V2_TOPIC_COUNTRY_TIME_SINGLE_TOPIC;WEB_SEARCH;chat-latest;2;ZA9085;Eurostat: Digital economy and society database;https://ec.europa.eu/eurostat/web/digital-economy-and-society/database;;0;0;0;0;0;False;unmatched;unmatched
V2;20;V2_TOPIC_COUNTRY_TIME_SINGLE_TOPIC;WEB_SEARCH;chat-latest;3;ZA9085;Eurostat: ICT usage in households and by individuals – Germany metadata and data documentation;https://ec.europa.eu/eurostat/cache/metadata/EN/isoc_i_simsih2_de.htm;ZA0485;0;0;0;0;0;False;title_fuzzy;title_fuzzy
V2;20;V2_TOPIC_COUNTRY_TIME_SINGLE_TOPIC;WEB_SEARCH;chat-latest;4;ZA9085;Destatis GENESIS-Online: IKT-Nutzung in privaten Haushalten (Statistic 12231);https://genesis.destatis.de/datenbank/online/statistic/12231/details;;0;0;0;0;0;False;unmatched;unmatched
V2;20;V2_TOPIC_COUNTRY_TIME_SINGLE_TOPIC;WEB_SEARCH;chat-latest;5;ZA9085;Destatis: Equipment of households with information and communication technology;https://www.destatis.de/EN/Themes/Society-Environment/Income-Consumption-Living-Conditions/Equipment-Consumer-Durables/Tables/equipment-ict-lwr-d.html;;0;0;0;0;0;False;unmatched;unmatched
V2;20;V2_TOPIC_COUNTRY_TIME_SINGLE_TOPIC;WEB_SEARCH;chat-latest;6;ZA9085;data.europa.eu: Internet use by individuals;https://data.europa.eu/data/datasets/1l9t6fgxhcb9pfzz8btpeq?locale=en;;0;0;0;0;0;False;unmatched;unmatched
V2;20;V2_TOPIC_COUNTRY_TIME_SINGLE_TOPIC;WEB_SEARCH;chat-latest;7;ZA9085;European Commission: Digital Economy and Society Index (DESI) 2020;https://digital-strategy.ec.europa.eu/en/library/digital-economy-and-society-index-desi-2020;ZA3658;0;0;0;0;0;False;title_fuzzy;title_fuzzy
V2;21;V2_TOPIC_COUNTRY_TIME_SINGLE_TOPIC;WEB_SEARCH;chat-latest;1;ZA9085;News on TikTok: An Annotated Dataset of TikTok Videos from German-Speaking News Outlets in 2023;https://doi.org/10.7802/2819;SDN-10.7802-2819;0;0;0;1;1;True;doi;title_exact
V2;21;V2_TOPIC_COUNTRY_TIME_SINGLE_TOPIC;WEB_SEARCH;chat-latest;2;ZA9085;Political Identities and News Consumption in Election Times (PINCET);https://doi.org/10.7802/2524;SDN-10.7802-2585;0;0;0;0;0;True;doi;title_exact
V2;21;V2_TOPIC_COUNTRY_TIME_SINGLE_TOPIC;WEB_SEARCH;chat-latest;3;ZA9085;European Parliament Election 2024: German Candidates Social Media Activities;https://access.gesis.org/dbk/78303;ZA8917;0;0;0;0;1;False;title_exact;title_exact
V2;21;V2_TOPIC_COUNTRY_TIME_SINGLE_TOPIC;WEB_SEARCH;chat-latest;4;ZA9085;DeTox: A Comprehensive Dataset for German Offensive Language and Conversation Analysis;https://zenodo.org/records/16942994;;0;0;0;0;0;False;unmatched;unmatched
V2;21;V2_TOPIC_COUNTRY_TIME_SINGLE_TOPIC;WEB_SEARCH;chat-latest;5;ZA9085;Media Plus Pandemic;https://zenodo.org/records/21221549;;0;0;0;0;0;False;unmatched;unmatched
V2;21;V2_TOPIC_COUNTRY_TIME_SINGLE_TOPIC;WEB_SEARCH;chat-latest;6;ZA9085;CLIC24 – Climate Change Multilingual Media Corpus 2024;https://doi.org/10.5281/zenodo.18924734;;0;0;0;0;0;False;unmatched;unmatched
V2;21;V2_TOPIC_COUNTRY_TIME_SINGLE_TOPIC;WEB_SEARCH;chat-latest;7;ZA9085;Diskurse zur Mediatisierung des Büros: Ein kommentierter Datensatz zu einer wissenssoziologischen Diskursanalyse von Presseartikeln (deutschsprachiger Raum, 1980–2024);https://doi.org/10.5281/zenodo.19182156;;0;0;0;0;0;False;unmatched;unmatched
V2;22;V2_TOPIC_COUNTRY_TIME_SINGLE_TOPIC;WEB_SEARCH;chat-latest;1;ZA9085;Germany Monitor '23 - Regional In-depth Survey;https://doi.org/10.4232/1.14489;ZA8802;0;0;0;0;0;True;doi;title_fuzzy
V2;22;V2_TOPIC_COUNTRY_TIME_SINGLE_TOPIC;WEB_SEARCH;chat-latest;2;ZA9085;ALLBUS/GGSS 2023 (German General Social Survey 2023);https://doi.org/10.4232/1.14544;ZA8830;0;0;0;0;0;True;doi;title_fuzzy
V2;22;V2_TOPIC_COUNTRY_TIME_SINGLE_TOPIC;WEB_SEARCH;chat-latest;3;ZA9085;ALLBUS/GGSS 2021 (German General Social Survey 2021);https://doi.org/10.4232/1.14626;ZA5280;0;0;0;0;0;False;title_fuzzy;title_fuzzy
V2;22;V2_TOPIC_COUNTRY_TIME_SINGLE_TOPIC;WEB_SEARCH;chat-latest;4;ZA9085;ISSP 2023 Germany;https://access.gesis.org/dbk/80482;ZA9009;0;0;0;0;0;False;title_fuzzy;title_fuzzy
V2;22;V2_TOPIC_COUNTRY_TIME_SINGLE_TOPIC;WEB_SEARCH;chat-latest;5;ZA9085;Mobilitätsbefragung Würzburg 2023;https://doi.org/10.4232/1.14330;ZA8798;0;0;0;0;0;True;doi;title_fuzzy
V2;22;V2_TOPIC_COUNTRY_TIME_SINGLE_TOPIC;WEB_SEARCH;chat-latest;6;ZA9085;Security and Crime in Saxony (SKiSAX) 2022 - Main Dataset;https://doi.org/10.4232/1.14424;ZA8883;0;0;0;0;0;True;doi;title_exact
V2;22;V2_TOPIC_COUNTRY_TIME_SINGLE_TOPIC;WEB_SEARCH;chat-latest;7;ZA9085;Understanding Non-compliance with Prevention Measures against COVID-19 Infections in Germany (U-Comply) - Reduced version;https://doi.org/10.4232/1.14276;ZA7999;0;0;0;0;0;True;doi;title_exact
V2;22;V2_TOPIC_COUNTRY_TIME_SINGLE_TOPIC;WEB_SEARCH;chat-latest;8;ZA9085;Deutschlandatlas – Gleichwertige Lebensverhältnisse;https://www.destatis.de/DE/Themen/Laender-Regionen/Regionales/Lebensverhaeltnisse/deutschlandatlas.html;;0;0;0;0;0;False;unmatched;unmatched
V2;22;V2_TOPIC_COUNTRY_TIME_SINGLE_TOPIC;WEB_SEARCH;chat-latest;9;ZA9085;Stadt- und Gemeindetyp (BBSR);https://data.europa.eu/data/datasets/c3b5fc9a-1950-0001-7d3f-19abd21dafd0?locale=de;;0;0;0;0;0;False;unmatched;unmatched
V2;22;V2_TOPIC_COUNTRY_TIME_SINGLE_TOPIC;WEB_SEARCH;chat-latest;10;ZA9085;SeasoNet: A Seasonal Scene Classification, Segmentation and Retrieval Dataset for Satellite Imagery over Germany;https://zenodo.org/records/6979994;;0;0;0;0;0;False;unmatched;unmatched
V2;23;V2_TOPIC_COUNTRY_TIME_SINGLE_TOPIC;WEB_SEARCH;chat-latest;1;ZA9085;GENESIS-Online: Arrivals, overnight stays and average length of stay in accommodation establishments — Germany, years, residence of guests, establishment types;https://genesis.destatis.de/datenbank/online/statistic/45412/table/45412-0005;;0;0;0;0;0;False;unmatched;unmatched
V2;23;V2_TOPIC_COUNTRY_TIME_SINGLE_TOPIC;WEB_SEARCH;chat-latest;2;ZA9085;GENESIS-Online: Arrivals, overnight stays and average length of stay — German federal states, years;https://genesis.destatis.de/datenbank/online/statistic/45412/table/45412-0020;;0;0;0;0;0;False;unmatched;unmatched
V2;23;V2_TOPIC_COUNTRY_TIME_SINGLE_TOPIC;WEB_SEARCH;chat-latest;3;ZA9085;GENESIS-Online: Arrivals, overnight stays and average length of stay — Germany, years, origin of guests by continent;https://genesis.destatis.de/datenbank/online/statistic/45412/table/45412-0007;;0;0;0;0;0;False;unmatched;unmatched
V2;23;V2_TOPIC_COUNTRY_TIME_SINGLE_TOPIC;WEB_SEARCH;chat-latest;4;ZA9085;Eurostat: Nights spent at tourist accommodation establishments — monthly data (tour_occ_nim);https://ec.europa.eu/eurostat/de/web/products-datasets/-/TOUR_OCC_NIM;;0;0;0;0;0;False;unmatched;unmatched
V2;23;V2_TOPIC_COUNTRY_TIME_SINGLE_TOPIC;WEB_SEARCH;chat-latest;5;ZA9085;Eurostat: Nights spent at tourist accommodation establishments — annual data (tour_occ_ninat);https://ec.europa.eu/eurostat/databrowser/view/tour_occ_ninat/default/table?lang=en;;0;0;0;0;0;False;unmatched;unmatched
V2;23;V2_TOPIC_COUNTRY_TIME_SINGLE_TOPIC;WEB_SEARCH;chat-latest;6;ZA9085;Eurostat: Trips of EU residents — annual data (tour_dem);https://ec.europa.eu/eurostat/cache/metadata/EN/tour_dem_esms.htm;;0;0;0;0;0;False;unmatched;unmatched
V2;23;V2_TOPIC_COUNTRY_TIME_SINGLE_TOPIC;WEB_SEARCH;chat-latest;7;ZA9085;Eurostat: Sport participation (sprt_pcs);https://ec.europa.eu/eurostat/cache/metadata/en/sprt_pcs_esms.htm;;0;0;0;0;0;False;unmatched;unmatched
V2;23;V2_TOPIC_COUNTRY_TIME_SINGLE_TOPIC;WEB_SEARCH;chat-latest;8;ZA9085;EIGE/Eurostat: Persons participating in cultural or sport activities by sex, age, disability, activity type and frequency;https://dgs-p.eige.europa.eu/data/view?code=ta_timeuse_soclesact_gen__ilc_scp37&orderby=2022&orderdir=asc;;0;0;0;0;0;False;unmatched;unmatched
V2;23;V2_TOPIC_COUNTRY_TIME_SINGLE_TOPIC;WEB_SEARCH;chat-latest;9;ZA9085;The Student Survey in Germany (2021);https://metadata.fdz.dzhw.eu/public/files/data-sets/dat-sid2021-ds1%24-1.0.1/attachments/sid2021-ds1_DsReport_en.pdf;ZA0499;0;0;0;0;0;False;title_fuzzy;title_fuzzy
V2;23;V2_TOPIC_COUNTRY_TIME_SINGLE_TOPIC;WEB_SEARCH;chat-latest;10;ZA9085;GENESIS-Online: National Accounts household consumption expenditure by purpose — Germany, years;https://genesis.destatis.de/datenbank/online/statistic/81000/table/81000-0021;;0;0;0;0;0;False;unmatched;unmatched
V2;24;V2_TOPIC_COUNTRY_TIME_SINGLE_TOPIC;WEB_SEARCH;chat-latest;1;ZA9085;ALLBUS/German General Social Survey 2023;https://www.gesis.org/en/allbus/data-and-documentation;ZA8830;0;0;0;0;0;False;title_fuzzy;title_fuzzy
V2;24;V2_TOPIC_COUNTRY_TIME_SINGLE_TOPIC;WEB_SEARCH;chat-latest;2;ZA9085;ALLBUS/German General Social Survey 2021;https://www.gesis.org/en/allbus/data-and-documentation;ZA5282;0;0;0;0;0;False;title_fuzzy;title_fuzzy
V2;24;V2_TOPIC_COUNTRY_TIME_SINGLE_TOPIC;WEB_SEARCH;chat-latest;3;ZA9085;Measuring Religious Fundamentalism in GGSS/ALLBUS 2023 (ZA8836);https://access.gesis.org/dbk/78248;ZA8836;0;0;0;0;1;False;title_fuzzy;title_fuzzy
V2;24;V2_TOPIC_COUNTRY_TIME_SINGLE_TOPIC;WEB_SEARCH;chat-latest;4;ZA9085;ISSP 2023: National Identity and Citizenship;https://doi.org/10.4232/5.ZA10010.1.0.0;ZA10010;0;0;0;0;0;True;doi;title_fuzzy
V2;24;V2_TOPIC_COUNTRY_TIME_SINGLE_TOPIC;WEB_SEARCH;chat-latest;5;ZA9085;Joint European Values Study/World Values Survey 2017-2022 Dataset;https://doi.org/10.4232/1.14320;ZA7505;0;0;0;1;1;True;doi;unmatched
V2;24;V2_TOPIC_COUNTRY_TIME_SINGLE_TOPIC;WEB_SEARCH;chat-latest;6;ZA9085;Integrated Values Surveys 1981-2022;https://doi.org/10.4232/1.14021;ZA7503;0;0;0;0;0;True;doi;title_fuzzy
V2;25;V2_TOPIC_COUNTRY_TIME_SINGLE_TOPIC;WEB_SEARCH;chat-latest;1;ZA9085;COVID-19 Snapshot Monitoring (COSMO Germany) - Full Monitoring Data Set 1-71;https://doi.org/10.23668/psycharchives.14475;;0;0;0;0;0;False;unmatched;unmatched
V2;25;V2_TOPIC_COUNTRY_TIME_SINGLE_TOPIC;WEB_SEARCH;chat-latest;2;ZA9085;Hochfrequente Mental Health Surveillance;https://doi.org/10.5281/zenodo.8246796;ZA6379;0;0;0;0;0;False;title_fuzzy;title_fuzzy
V2;25;V2_TOPIC_COUNTRY_TIME_SINGLE_TOPIC;WEB_SEARCH;chat-latest;3;ZA9085;GESIS Panel.pop Population Sample – Special Survey on the Coronavirus SARS-CoV-2 Outbreak in Germany;https://doi.org/10.4232/1.13520;ZA5667;0;0;0;0;0;True;doi;title_exact
V2;25;V2_TOPIC_COUNTRY_TIME_SINGLE_TOPIC;WEB_SEARCH;chat-latest;4;ZA9085;The ZPID Lockdown Measures Dataset for Germany;https://doi.org/10.23668/psycharchives.3020;;0;0;0;0;0;False;unmatched;unmatched
V2;25;V2_TOPIC_COUNTRY_TIME_SINGLE_TOPIC;WEB_SEARCH;chat-latest;5;ZA9085;Gesundheit in Deutschland aktuell - GEDA 2019/2020-EHIS;https://doi.org/10.5281/zenodo.7214473;;0;0;0;0;0;False;unmatched;unmatched
V2;25;V2_TOPIC_COUNTRY_TIME_SINGLE_TOPIC;WEB_SEARCH;chat-latest;6;ZA9085;BMBF-project PsyCuraDat: Online Survey (Metadata in Psychology 2.0: What researchers really need), online survey data file version 1.0.0;https://doi.org/10.23668/psycharchives.2751;;0;0;0;0;0;False;unmatched;unmatched
V2;25;V2_TOPIC_COUNTRY_TIME_SINGLE_TOPIC;WEB_SEARCH;chat-latest;7;ZA9085;Cause for Concerns: Gender Inequality in Experiencing the COVID-19 Lockdown in Germany;https://doi.org/10.7802/2034;ZA0485;0;0;0;0;0;False;title_fuzzy;title_fuzzy
V2;25;V2_TOPIC_COUNTRY_TIME_SINGLE_TOPIC;WEB_SEARCH;chat-latest;8;ZA9085;Mannheimer Corona-Studie;https://search.gesis.org/research_data/ZA7745;ZA7745;0;0;0;0;0;True;dataset_id;unmatched
V2;25;V2_TOPIC_COUNTRY_TIME_SINGLE_TOPIC;WEB_SEARCH;chat-latest;9;ZA9085;Young Germany during COVID-19;https://access.gesis.org/sharing/2125/2373;SDN-10.7802-2125;0;0;0;0;0;False;title_exact;title_exact
V2;25;V2_TOPIC_COUNTRY_TIME_SINGLE_TOPIC;WEB_SEARCH;chat-latest;10;ZA9085;2020 ELWar COVID-19 Public;https://access.gesis.org/sharing/2397/3690;SDN-10.7802-2397;0;0;0;0;0;False;title_exact;title_exact
V2;26;V2_TOPIC_COUNTRY_TIME_SINGLE_TOPIC;WEB_SEARCH;chat-latest;1;ZA9085;German General Social Survey (ALLBUS/GGSS) 2023;https://doi.org/10.4232/1.14480;ZA8830;0;0;0;0;0;False;title_fuzzy;title_fuzzy
V2;26;V2_TOPIC_COUNTRY_TIME_SINGLE_TOPIC;WEB_SEARCH;chat-latest;2;ZA9085;German General Social Survey (ALLBUS/GGSS) 2021;https://doi.org/10.4232/1.14238;ZA5280;0;0;0;0;0;True;doi;title_fuzzy
V2;26;V2_TOPIC_COUNTRY_TIME_SINGLE_TOPIC;WEB_SEARCH;chat-latest;3;ZA9085;GESIS Panel.pop Population Sample;https://doi.org/10.4232/1.13435;ZA5664;0;0;0;0;0;False;title_exact;title_exact
V2;26;V2_TOPIC_COUNTRY_TIME_SINGLE_TOPIC;WEB_SEARCH;chat-latest;4;ZA9085;GESIS Panel.pop Special Survey on the Coronavirus SARS-CoV-2 Outbreak in Germany;https://doi.org/10.4232/1.13520;ZA5667;0;0;0;0;0;True;doi;title_exact
V2;26;V2_TOPIC_COUNTRY_TIME_SINGLE_TOPIC;WEB_SEARCH;chat-latest;5;ZA9085;GLES Cross-Section 2021, Pre- and Post-Election;https://doi.org/10.4232/1.14170;ZA7702;0;0;0;0;0;True;doi;title_exact
V2;26;V2_TOPIC_COUNTRY_TIME_SINGLE_TOPIC;WEB_SEARCH;chat-latest;6;ZA9085;GESIS Panel.dbd Digital Behavioural Data Sample — 2024 European Elections Pre-Release;https://doi.org/10.4232/1.14467;ZA5668;0;0;0;1;1;True;doi;title_fuzzy
V2;26;V2_TOPIC_COUNTRY_TIME_SINGLE_TOPIC;WEB_SEARCH;chat-latest;7;ZA9085;SOEP-IS 2020 (Data 1998-2020);https://www.diw.de/en/diw_01.c.822209.en/edition/soep-is_2020___data_1998-2020.html;missy-mz-2020;0;0;0;0;0;False;title_fuzzy;title_fuzzy
V2;26;V2_TOPIC_COUNTRY_TIME_SINGLE_TOPIC;WEB_SEARCH;chat-latest;8;ZA9085;SOEP-Core v37 (Data 1984-2020);https://www.diw.de/en/diw_01.c.838852.en/edition/soep-core_v37_-_further_editions.html;;0;0;0;0;0;False;unmatched;unmatched
V2;26;V2_TOPIC_COUNTRY_TIME_SINGLE_TOPIC;WEB_SEARCH;chat-latest;9;ZA9085;Replication Data: Enforcement may crowd out voluntary support for Covid19 policies, especially where trust in government is weak and in a liberal society;https://doi.org/10.7802/2124;SDN-10.7802-2124;0;0;0;0;0;False;title_fuzzy;title_fuzzy
V2;27;V2_TOPIC_COUNTRY_TIME_SINGLE_TOPIC;WEB_SEARCH;chat-latest;1;ZA9085;EU-SILC – Poverty or Social Exclusion by Sex and Age, Germany, 2020–2025;https://genesis.destatis.de/datenbank/online/statistic/12241/table/12241-0006;missy-eu-silc-2004;0;0;0;0;0;False;title_fuzzy;title_fuzzy
V2;27;V2_TOPIC_COUNTRY_TIME_SINGLE_TOPIC;WEB_SEARCH;chat-latest;2;ZA9085;EU-SILC – Housing Cost Burden by Household Type, Germany, 2020–2025;https://genesis.destatis.de/datenbank/online/statistic/12241/table/12241-0009;missy-eu-silc-2004;0;0;0;0;0;False;title_fuzzy;title_fuzzy
V2;27;V2_TOPIC_COUNTRY_TIME_SINGLE_TOPIC;WEB_SEARCH;chat-latest;3;ZA9085;EU-SILC – Household Income by Household Type, Germany, 2020–2025;https://genesis.destatis.de/datenbank/online/statistic/12241/table/12241-0001;missy-eu-silc-2004;0;0;0;0;0;False;title_fuzzy;title_fuzzy
V2;27;V2_TOPIC_COUNTRY_TIME_SINGLE_TOPIC;WEB_SEARCH;chat-latest;4;ZA9085;EU-SILC – Equivalised Net Income by Employment Status, Germany, 2020–2025;https://genesis.destatis.de/datenbank/online/statistic/12241/table/12241-0014;missy-eu-silc-2004;0;0;0;0;0;False;title_fuzzy;title_fuzzy
V2;27;V2_TOPIC_COUNTRY_TIME_SINGLE_TOPIC;WEB_SEARCH;chat-latest;5;ZA9085;Microcensus – Population and Labour-Force Status by Sex and Age, Germany, 2020–2025;https://genesis.destatis.de/datenbank/online/table/12211-0001/;ZA0542;0;0;0;0;0;False;title_fuzzy;title_fuzzy
V2;27;V2_TOPIC_COUNTRY_TIME_SINGLE_TOPIC;WEB_SEARCH;chat-latest;6;ZA9085;Microcensus – Family and Living Arrangements, Germany, 2020–2025;https://genesis.destatis.de/datenbank/online/statistic/12211/table/12211-0420;;0;0;0;0;0;False;unmatched;unmatched
V2;27;V2_TOPIC_COUNTRY_TIME_SINGLE_TOPIC;WEB_SEARCH;chat-latest;7;ZA9085;German Labour-Market Statistics – Unemployment and Unemployment Rates;https://genesis.destatis.de/datenbank/online/statistic/13211/table/13211-0001/search/s/YXJiZWl0c2xvc2U%3D;;0;0;0;0;0;False;unmatched;unmatched
V2;27;V2_TOPIC_COUNTRY_TIME_SINGLE_TOPIC;WEB_SEARCH;chat-latest;8;ZA9085;Eurostat EU-SILC Public Microdata;https://ec.europa.eu/eurostat/web/microdata/public-microdata/statistics-on-income-and-living-conditions;missy-eu-silc-2004;0;0;0;0;0;False;title_fuzzy;title_fuzzy
V2;27;V2_TOPIC_COUNTRY_TIME_SINGLE_TOPIC;WEB_SEARCH;chat-latest;9;ZA9085;European Pillar of Social Rights – Regional Data;https://ec.europa.eu/eurostat/de/web/european-pillar-of-social-rights/database/data-by-region;ZA1701;0;0;0;0;0;False;title_fuzzy;title_fuzzy
V2;27;V2_TOPIC_COUNTRY_TIME_SINGLE_TOPIC;WEB_SEARCH;chat-latest;10;ZA9085;German General Social Survey (ALLBUS) 2021;https://doi.org/10.4232/1.13788;ZA6862;0;0;0;0;0;True;doi;title_fuzzy
V2;28;V2_TOPIC_COUNTRY_TIME_SINGLE_TOPIC;WEB_SEARCH;chat-latest;1;ZA9085;Destatis: Household consumption expenditure;https://www.destatis.de/EN/Themes/Society-Environment/Income-Consumption-Living-Conditions/Consumption-Expenditure/_node.html;;0;0;0;0;0;False;unmatched;unmatched
V2;28;V2_TOPIC_COUNTRY_TIME_SINGLE_TOPIC;WEB_SEARCH;chat-latest;2;ZA9085;Destatis: Income, consumption and living conditions;https://www.destatis.de/EN/Themes/Society-Environment/Income-Consumption-Living-Conditions/_node.html;;0;0;0;0;0;False;unmatched;unmatched
V2;28;V2_TOPIC_COUNTRY_TIME_SINGLE_TOPIC;WEB_SEARCH;chat-latest;3;ZA9085;Eurostat: Household budget surveys;https://ec.europa.eu/eurostat/web/household-budget-surveys;;0;0;0;0;0;False;unmatched;unmatched
V2;28;V2_TOPIC_COUNTRY_TIME_SINGLE_TOPIC;WEB_SEARCH;chat-latest;4;ZA9085;Eurostat: Retail trade volume and turnover;https://ec.europa.eu/eurostat/web/short-term-business-statistics/information-data/retail-trade;;0;0;0;0;0;False;unmatched;unmatched
V2;28;V2_TOPIC_COUNTRY_TIME_SINGLE_TOPIC;WEB_SEARCH;chat-latest;5;ZA9085;GESIS Panel;https://www.gesis.org/en/gesis-panel;ZA5585;0;0;0;0;0;False;title_exact;title_exact
V2;28;V2_TOPIC_COUNTRY_TIME_SINGLE_TOPIC;WEB_SEARCH;chat-latest;6;ZA9085;German Socio-Economic Panel (SOEP);https://www.diw.de/en/diw_01.c.615551.en/research_infrastructure__socio-economic_panel__soep.html;;0;0;0;0;0;False;unmatched;unmatched
V2;28;V2_TOPIC_COUNTRY_TIME_SINGLE_TOPIC;WEB_SEARCH;chat-latest;7;ZA9085;German Internet Panel (GIP);https://www.uni-mannheim.de/en/gip/;ZA6960;0;0;0;0;0;False;title_fuzzy;title_fuzzy
V2;28;V2_TOPIC_COUNTRY_TIME_SINGLE_TOPIC;WEB_SEARCH;chat-latest;8;ZA9085;Deutsche Bundesbank: Panel on Household Finances (PHF);https://www.bundesbank.de/en/bundesbank/research/panel-on-household-finances;ZA1425;0;0;0;0;0;False;title_fuzzy;title_fuzzy
V2;28;V2_TOPIC_COUNTRY_TIME_SINGLE_TOPIC;WEB_SEARCH;chat-latest;9;ZA9085;Deutsche Bundesbank: Bundesbank Online Panel – Households (BOP-HH);https://www.bundesbank.de/en/bundesbank/research/household-expectations;ZA5659;0;0;0;0;0;False;title_fuzzy;title_fuzzy
V2;29;V2_TOPIC_COUNTRY_TIME_SINGLE_TOPIC;WEB_SEARCH;chat-latest;1;ZA9085;German Labour Market Statistics;https://www.arbeitsagentur.de/en/press/2024-02-labour-market;ZA8186;0;0;0;0;0;False;title_fuzzy;title_fuzzy
V2;30;V2_TOPIC_COUNTRY_TIME_SINGLE_TOPIC;WEB_SEARCH;chat-latest;1;ZA5665;Destatis GENESIS-Online;https://www-genesis.destatis.de/genesis/online;;0;0;0;0;0;False;unmatched;unmatched
V2;30;V2_TOPIC_COUNTRY_TIME_SINGLE_TOPIC;WEB_SEARCH;chat-latest;2;ZA5665;German Socio-Economic Panel (SOEP);https://www.diw.de/en/diw_01.c.678568.en/research_data_center_soep.html;;0;0;0;0;0;False;unmatched;unmatched
V2;30;V2_TOPIC_COUNTRY_TIME_SINGLE_TOPIC;WEB_SEARCH;chat-latest;3;ZA5665;Eurostat Database;https://ec.europa.eu/eurostat/data/database;SDN-10.7802-2786;0;0;0;0;0;False;title_fuzzy;title_fuzzy
V2;30;V2_TOPIC_COUNTRY_TIME_SINGLE_TOPIC;WEB_SEARCH;chat-latest;4;ZA5665;European Union Statistics on Income and Living Conditions (EU-SILC);https://ec.europa.eu/eurostat/web/microdata/european-union-statistics-on-income-and-living-conditions;missy-european-union-statistics-on-income-and-living-conditions-2008;0;0;0;0;0;False;title_fuzzy;title_fuzzy
V2;30;V2_TOPIC_COUNTRY_TIME_SINGLE_TOPIC;WEB_SEARCH;chat-latest;5;ZA5665;European Social Survey (ESS) Data Portal;https://ess.sikt.no/;ZA5145;0;0;0;0;0;False;title_fuzzy;title_fuzzy
V2;30;V2_TOPIC_COUNTRY_TIME_SINGLE_TOPIC;WEB_SEARCH;chat-latest;6;ZA5665;GESIS Panel;https://www.gesis.org/en/gesis-panel;ZA5585;0;0;0;0;0;False;title_exact;title_exact
V2;30;V2_TOPIC_COUNTRY_TIME_SINGLE_TOPIC;WEB_SEARCH;chat-latest;7;ZA5665;German General Social Survey (ALLBUS);https://www.gesis.org/en/allbus;ZA4584;0;0;0;0;1;False;title_exact;title_exact
V2;30;V2_TOPIC_COUNTRY_TIME_SINGLE_TOPIC;WEB_SEARCH;chat-latest;8;ZA5665;OECD Data Explorer;https://data-explorer.oecd.org/;;0;0;0;0;0;False;unmatched;unmatched
V2;30;V2_TOPIC_COUNTRY_TIME_SINGLE_TOPIC;WEB_SEARCH;chat-latest;9;ZA5665;World Bank Germany Data;https://data.worldbank.org/country/germany;ZA1711;0;0;0;0;0;False;title_fuzzy;title_fuzzy
V2;30;V2_TOPIC_COUNTRY_TIME_SINGLE_TOPIC;WEB_SEARCH;chat-latest;10;ZA5665;Federal Employment Agency Statistics (Statistik der Bundesagentur für Arbeit);https://statistik.arbeitsagentur.de/;;0;0;0;0;0;False;unmatched;unmatched
V2;31;V2_TOPIC_COUNTRY_TIME_SINGLE_TOPIC;WEB_SEARCH;chat-latest;1;ZA5665;Destatis GENESIS-Online;https://www-genesis.destatis.de/genesis/online;;0;0;0;0;0;False;unmatched;unmatched
V2;31;V2_TOPIC_COUNTRY_TIME_SINGLE_TOPIC;WEB_SEARCH;chat-latest;2;ZA5665;Eurostat: Digital economy and society database;https://ec.europa.eu/eurostat/web/digital-economy-and-society/database;;0;0;0;0;0;False;unmatched;unmatched
V2;31;V2_TOPIC_COUNTRY_TIME_SINGLE_TOPIC;WEB_SEARCH;chat-latest;3;ZA5665;Eurostat: ICT usage in households and by individuals;https://ec.europa.eu/eurostat/web/digital-economy-and-society/information-data/households-individuals;;0;0;0;0;0;False;unmatched;unmatched
V2;31;V2_TOPIC_COUNTRY_TIME_SINGLE_TOPIC;WEB_SEARCH;chat-latest;4;ZA5665;Eurostat: ICT usage in enterprises;https://ec.europa.eu/eurostat/web/digital-economy-and-society/information-data/enterprises;;0;0;0;0;0;False;unmatched;unmatched
V2;31;V2_TOPIC_COUNTRY_TIME_SINGLE_TOPIC;WEB_SEARCH;chat-latest;5;ZA5665;OECD Data Explorer: ICT Access and Usage by Households and Individuals;https://data-explorer.oecd.org/;;0;0;0;0;0;False;unmatched;unmatched
V2;31;V2_TOPIC_COUNTRY_TIME_SINGLE_TOPIC;WEB_SEARCH;chat-latest;6;ZA5665;GESIS Data Search;https://search.gesis.org/;SDN-10.7802-1380;0;0;0;0;0;False;title_fuzzy;title_fuzzy
V2;31;V2_TOPIC_COUNTRY_TIME_SINGLE_TOPIC;WEB_SEARCH;chat-latest;7;ZA5665;German Internet Panel (GIP);https://www.gip-panel.org/en/;ZA6960;0;0;0;0;1;False;title_fuzzy;title_fuzzy
V2;31;V2_TOPIC_COUNTRY_TIME_SINGLE_TOPIC;WEB_SEARCH;chat-latest;8;ZA5665;SOEP — German Socio-Economic Panel;https://www.diw.de/en/diw_01.c.615551.en/research_infrastructure__socio-economic_panel__soep.html;;0;0;0;0;0;False;unmatched;unmatched
V2;32;V2_TOPIC_COUNTRY_TIME_SINGLE_TOPIC;WEB_SEARCH;chat-latest;1;ZA5665;Campaign Media Content Analysis, TV and Print Media, Cumulation 2009-2017 (GLES);https://doi.org/10.4232/1.13373;ZA6836;0;0;0;1;1;True;doi;title_exact
V2;32;V2_TOPIC_COUNTRY_TIME_SINGLE_TOPIC;WEB_SEARCH;chat-latest;2;ZA5665;Social Media Monitoring for the German Federal Election 2017;https://doi.org/10.4232/1.12992;ZA6926;0;0;0;1;1;True;doi;title_exact
V2;32;V2_TOPIC_COUNTRY_TIME_SINGLE_TOPIC;WEB_SEARCH;chat-latest;3;ZA5665;Europinions: Media Study;https://doi.org/10.4232/1.13796;ZA5554;0;0;0;1;1;True;doi;title_exact
V2;32;V2_TOPIC_COUNTRY_TIME_SINGLE_TOPIC;WEB_SEARCH;chat-latest;4;ZA5665;Media Exposure and Opinion Formation in an Age of Information Overload (MEOF) – Webtracking on-site;https://doi.org/10.4232/1.13981;ZA7896;0;0;0;1;1;True;doi;title_exact
V2;32;V2_TOPIC_COUNTRY_TIME_SINGLE_TOPIC;WEB_SEARCH;chat-latest;5;ZA5665;Political Identities and News Consumption in Election Times (PINCET);https://doi.org/10.7802/2524;SDN-10.7802-2585;0;0;0;1;1;True;doi;title_exact
V2;32;V2_TOPIC_COUNTRY_TIME_SINGLE_TOPIC;WEB_SEARCH;chat-latest;6;ZA5665;Content Analysis of Responsibility Frames on Health Topics in News Coverage;https://doi.org/10.7802/2406;ZA6379;0;0;0;0;0;False;title_fuzzy;title_fuzzy
V2;32;V2_TOPIC_COUNTRY_TIME_SINGLE_TOPIC;WEB_SEARCH;chat-latest;7;ZA5665;CommonCrawl News Articles by Political Orientation;https://doi.org/10.5281/zenodo.7476696;;0;0;0;0;0;False;unmatched;unmatched
V2;32;V2_TOPIC_COUNTRY_TIME_SINGLE_TOPIC;WEB_SEARCH;chat-latest;8;ZA5665;Discourses on the Mediatization of the Office: An Annotated Dataset of Press Articles (German-speaking countries, 1980-2024);https://doi.org/10.5281/zenodo.19182156;;0;0;0;0;0;False;unmatched;unmatched
V2;32;V2_TOPIC_COUNTRY_TIME_SINGLE_TOPIC;WEB_SEARCH;chat-latest;9;ZA5665;CLIC24 – Climate Change Multilingual Media Corpus 2024;https://doi.org/10.5281/zenodo.18924734;;0;0;0;0;0;False;unmatched;unmatched
V2;33;V2_TOPIC_COUNTRY_TIME_SINGLE_TOPIC;WEB_SEARCH;chat-latest;1;ZA5665;GLES Tracking 2009–2023, Cumulation;https://doi.org/10.4232/1.14232;ZA6832;0;0;0;0;0;True;doi;title_fuzzy
V2;33;V2_TOPIC_COUNTRY_TIME_SINGLE_TOPIC;WEB_SEARCH;chat-latest;2;ZA5665;GLES Cross-Section 2021, Pre- and Post-Election;https://search.gesis.org/research_data/ZA7702;ZA7702;0;0;0;0;0;True;dataset_id;title_exact
V2;33;V2_TOPIC_COUNTRY_TIME_SINGLE_TOPIC;WEB_SEARCH;chat-latest;3;ZA5665;GLES Tracking January 2021, T48;https://doi.org/10.4232/1.13727;ZA7705;0;0;0;0;0;True;doi;title_exact
V2;33;V2_TOPIC_COUNTRY_TIME_SINGLE_TOPIC;WEB_SEARCH;chat-latest;4;ZA5665;GLES Cross-Section Cumulation 2009–2021;https://www.gesis.org/en/gles/data-and-documentation;ZA6835;0;0;0;0;0;False;title_fuzzy;title_fuzzy
V2;33;V2_TOPIC_COUNTRY_TIME_SINGLE_TOPIC;WEB_SEARCH;chat-latest;5;ZA5665;German General Social Survey (ALLBUS) datasets;https://www.gesis.org/allbus/daten-und-dokumentation;ZA4584;0;0;0;0;1;False;title_fuzzy;title_fuzzy
V2;33;V2_TOPIC_COUNTRY_TIME_SINGLE_TOPIC;WEB_SEARCH;chat-latest;6;ZA5665;German General Social Survey – ALLBUScompact 2021;https://doi.org/10.4232/1.14213;ZA5283;0;0;0;1;1;True;doi;title_fuzzy
V2;33;V2_TOPIC_COUNTRY_TIME_SINGLE_TOPIC;WEB_SEARCH;chat-latest;7;ZA5665;Politbarometer annual and time-series data;https://www.gesis.org/en/elections/politbarometer;ZA1925;0;0;0;0;0;False;title_fuzzy;title_fuzzy
V2;33;V2_TOPIC_COUNTRY_TIME_SINGLE_TOPIC;WEB_SEARCH;chat-latest;8;ZA5665;Politbarometer 2019, Cumulated Data Set;https://search.gesis.org/research_data/ZA7599?lang=en;ZA7599;0;0;0;1;1;True;dataset_id;title_fuzzy
V2;33;V2_TOPIC_COUNTRY_TIME_SINGLE_TOPIC;WEB_SEARCH;chat-latest;9;ZA5665;GLES Candidate Studies;https://www.gesis.org/en/gles/data-and-documentation;ZA10102;0;0;0;0;1;False;title_fuzzy;title_fuzzy
V2;34;V2_TOPIC_COUNTRY_TIME_SINGLE_TOPIC;WEB_SEARCH;chat-latest;1;ZA5665;Destatis GENESIS-Online: IKT-Indikatoren für Unternehmen: Deutschland, Jahre (bis 2024);https://genesis.destatis.de/datenbank/online/statistic/52911/table/52911-0001;;0;0;0;0;0;False;unmatched;unmatched
V2;34;V2_TOPIC_COUNTRY_TIME_SINGLE_TOPIC;WEB_SEARCH;chat-latest;2;ZA5665;Eurostat: Survey on the use of ICT in households and by individuals — microdata;https://ec.europa.eu/eurostat/web/microdata/survey-ict-use-households-individuals;;0;0;0;0;0;False;unmatched;unmatched
V2;34;V2_TOPIC_COUNTRY_TIME_SINGLE_TOPIC;WEB_SEARCH;chat-latest;3;ZA5665;Eurostat: Individuals — internet use (isoc_ci_ifp_iu);https://doi.org/10.2908/isoc_ci_ifp_iu;;0;0;0;0;0;False;unmatched;unmatched
V2;34;V2_TOPIC_COUNTRY_TIME_SINGLE_TOPIC;WEB_SEARCH;chat-latest;4;ZA5665;Eurostat: Households — level of internet access (isoc_ci_in_h);https://doi.org/10.2908/ISOC_CI_IN_H;;0;0;0;0;0;False;unmatched;unmatched
V2;34;V2_TOPIC_COUNTRY_TIME_SINGLE_TOPIC;WEB_SEARCH;chat-latest;5;ZA5665;Eurostat: Digital economy and society — comprehensive databases;https://ec.europa.eu/eurostat/de/web/digital-economy-and-society/database/comprehensive-database;;0;0;0;0;0;False;unmatched;unmatched
V2;34;V2_TOPIC_COUNTRY_TIME_SINGLE_TOPIC;WEB_SEARCH;chat-latest;6;ZA5665;Eurostat: ICT specialists in employment (isoc_skslf);https://ec.europa.eu/eurostat/cache/metadata/EN/isoc_skslf_esms.htm;;0;0;0;0;0;False;unmatched;unmatched
V2;34;V2_TOPIC_COUNTRY_TIME_SINGLE_TOPIC;WEB_SEARCH;chat-latest;7;ZA5665;Eurostat: ICT sector (isoc_se);https://ec.europa.eu/eurostat/cache/metadata/en/isoc_se_esms.htm;;0;0;0;0;0;False;unmatched;unmatched
V2;34;V2_TOPIC_COUNTRY_TIME_SINGLE_TOPIC;WEB_SEARCH;chat-latest;8;ZA5665;Destatis GENESIS-Online: Enterprises by economic activity and employment-size class;https://genesis.destatis.de/datenbank/online/statistic/52111%2A/table/52111-0001;;0;0;0;0;0;False;unmatched;unmatched
V2;35;V2_TOPIC_COUNTRY_TIME_SINGLE_TOPIC;WEB_SEARCH;chat-latest;1;ZA5665;GLES Tracking 2009–2023, Cumulation;https://doi.org/10.4232/1.14232;ZA6832;0;0;0;0;0;True;doi;title_fuzzy
V2;35;V2_TOPIC_COUNTRY_TIME_SINGLE_TOPIC;WEB_SEARCH;chat-latest;2;ZA5665;GLES Cross-Section 2021, Pre- and Post-Election;https://doi.org/10.4232/1.14170;ZA7702;0;0;0;0;0;True;doi;title_exact
V2;35;V2_TOPIC_COUNTRY_TIME_SINGLE_TOPIC;WEB_SEARCH;chat-latest;3;ZA5665;Quick Survey on the Federal Parliament Election 2013;https://doi.org/10.4232/1.12160;ZA5937;0;0;0;1;1;True;doi;title_exact
V2;35;V2_TOPIC_COUNTRY_TIME_SINGLE_TOPIC;WEB_SEARCH;chat-latest;4;ZA5665;German Bundestag Elections 2013: Twitter Usage by Electoral Candidates;https://doi.org/10.4232/1.12319;ZA5973;0;0;0;0;0;True;doi;title_exact
V2;35;V2_TOPIC_COUNTRY_TIME_SINGLE_TOPIC;WEB_SEARCH;chat-latest;5;ZA5665;Long-Term Media Agenda Analysis (GLES);https://doi.org/10.4232/1.11866;ZA5323;0;0;0;0;0;True;doi;title_exact
V2;35;V2_TOPIC_COUNTRY_TIME_SINGLE_TOPIC;WEB_SEARCH;chat-latest;6;ZA5665;Forsa-Bus 2017;https://doi.org/10.4232/1.13427;ZA6705;0;0;0;1;1;True;doi;title_exact
V2;35;V2_TOPIC_COUNTRY_TIME_SINGLE_TOPIC;WEB_SEARCH;chat-latest;7;ZA5665;Jahresrückblick 2017;https://doi.org/10.4232/1.13028;ZA6639;0;0;0;1;1;True;doi;title_fuzzy
V2;35;V2_TOPIC_COUNTRY_TIME_SINGLE_TOPIC;WEB_SEARCH;chat-latest;8;ZA5665;ARD-DeutschlandTrend 2012;https://doi.org/10.4232/1.11775;ZA5849;0;0;0;1;1;True;doi;title_exact
V2;35;V2_TOPIC_COUNTRY_TIME_SINGLE_TOPIC;WEB_SEARCH;chat-latest;9;ZA5665;GLES Tracking April 2021, T49;https://doi.org/10.4232/1.13739;ZA7707;0;0;0;0;0;True;doi;title_exact
V2;35;V2_TOPIC_COUNTRY_TIME_SINGLE_TOPIC;WEB_SEARCH;chat-latest;10;ZA5665;Manifesto Project Dataset 2025a;https://doi.org/10.25522/manifesto.mpds.2025a;ZA7891;0;0;0;0;1;False;title_fuzzy;title_fuzzy
V2;35;V2_TOPIC_COUNTRY_TIME_SINGLE_TOPIC;WEB_SEARCH;chat-latest;11;ZA5665;Ergebnisse Bundestagswahlen seit 1949;https://www.govdata.de/suche/daten/ergebnisse-bundestagswahlen?ids=aa41f375-2543-4205-a080-de18c1559bed;;0;0;0;0;0;False;unmatched;unmatched
V2;35;V2_TOPIC_COUNTRY_TIME_SINGLE_TOPIC;WEB_SEARCH;chat-latest;12;ZA5665;Bundestagswahlen;https://www.govdata.de/suche/daten/bundestagswahlen;;0;0;0;0;0;False;unmatched;unmatched
V2;35;V2_TOPIC_COUNTRY_TIME_SINGLE_TOPIC;WEB_SEARCH;chat-latest;13;ZA5665;Gültige Zweitstimmen (Repräsentative Bundestagswahlstatistik): Bundesländer, Stichtag, Parteien, Geschlecht;https://www.govdata.de/suche/daten/gultige-zweitstimmen-reprasentative-bundestagswahlstatistik-bundeslander-stichtag-parteien-gesc;;0;0;0;0;0;False;unmatched;unmatched
V2;36;V2_TOPIC_COUNTRY_TIME_SINGLE_TOPIC;WEB_SEARCH;chat-latest;1;ZA5665;GLES Data and Documentation on Election Research;https://www.gesis.org/en/gles/data-and-documentation;;0;0;0;0;0;False;unmatched;unmatched
V2;36;V2_TOPIC_COUNTRY_TIME_SINGLE_TOPIC;WEB_SEARCH;chat-latest;2;ZA5665;GLES Cross-Section Cumulation 2009–2021;https://www.gesis.org/en/gles/data-and-documentation;ZA6835;0;0;0;0;0;False;title_fuzzy;title_fuzzy
V2;36;V2_TOPIC_COUNTRY_TIME_SINGLE_TOPIC;WEB_SEARCH;chat-latest;3;ZA5665;GLES 2017 Short-term Campaign Panel;https://doi.org/10.4232/1.13323;ZA6804;0;0;0;1;1;True;doi;title_fuzzy
V2;36;V2_TOPIC_COUNTRY_TIME_SINGLE_TOPIC;WEB_SEARCH;chat-latest;4;ZA5665;GLES 2017 Post-election Cross Section;https://doi.org/10.4232/1.13235;ZA6801;0;0;0;0;0;True;doi;title_fuzzy
V2;36;V2_TOPIC_COUNTRY_TIME_SINGLE_TOPIC;WEB_SEARCH;chat-latest;5;ZA5665;GLES Longterm Online Tracking T39;https://doi.org/10.4232/1.13989;ZA6823;0;0;0;0;0;True;doi;title_fuzzy
V2;36;V2_TOPIC_COUNTRY_TIME_SINGLE_TOPIC;WEB_SEARCH;chat-latest;6;ZA5665;Federal Returning Officer: 2017 Bundestag Election Final Results;https://www.bundeswahlleiterin.de/bundestagswahlen/2017/ergebnisse.html;missy-mz-2017;0;0;0;0;0;False;title_fuzzy;title_fuzzy
V2;36;V2_TOPIC_COUNTRY_TIME_SINGLE_TOPIC;WEB_SEARCH;chat-latest;7;ZA5665;Federal Returning Officer: 2017 Election-District Results and Further Results;https://www.bundeswahlleiterin.de/bundestagswahlen/2017/ergebnisse/weitere-ergebnisse.html;missy-mz-2017;0;0;0;0;0;False;title_fuzzy;title_fuzzy
V2;36;V2_TOPIC_COUNTRY_TIME_SINGLE_TOPIC;WEB_SEARCH;chat-latest;8;ZA5665;Federal Returning Officer: 2017 Constituency Geographic Data;https://www.bundeswahlleiterin.de/en/bundestagswahlen/2017/wahlkreiseinteilung/downloads.html;missy-mz-2017;0;0;0;0;0;False;title_fuzzy;title_fuzzy
V2;36;V2_TOPIC_COUNTRY_TIME_SINGLE_TOPIC;WEB_SEARCH;chat-latest;9;ZA5665;Federal Returning Officer: 2021 Bundestag Election Results;https://www.bundeswahlleiterin.de/bundestagswahlen/2021/ergebnisse.html;missy-mz-2021;0;0;0;0;0;False;title_fuzzy;title_fuzzy
V2;36;V2_TOPIC_COUNTRY_TIME_SINGLE_TOPIC;WEB_SEARCH;chat-latest;10;ZA5665;GESIS Election Studies on Federal and State Elections in Germany;https://www.gesis.org/en/elections;ZA0485;0;0;0;0;0;False;title_fuzzy;title_fuzzy
V2;37;V2_TOPIC_COUNTRY_TIME_SINGLE_TOPIC;WEB_SEARCH;chat-latest;1;ZA5665;Destatis GENESIS-Online: National Accounts – Gross Value Added and GDP, Germany, Annual;https://genesis.destatis.de/datenbank/online/table/81000-0001;;0;0;0;0;0;False;unmatched;unmatched
V2;37;V2_TOPIC_COUNTRY_TIME_SINGLE_TOPIC;WEB_SEARCH;chat-latest;2;ZA5665;Destatis GENESIS-Online: Regional Accounts (VGR der Länder);https://genesis.destatis.de/datenbank/online/statistic/82%2A;;0;0;0;0;0;False;unmatched;unmatched
V2;37;V2_TOPIC_COUNTRY_TIME_SINGLE_TOPIC;WEB_SEARCH;chat-latest;3;ZA5665;Eurostat: National Accounts Database;https://ec.europa.eu/eurostat/de/web/national-accounts/database;SDN-10.7802-2786;0;0;0;0;0;False;title_fuzzy;title_fuzzy
V2;37;V2_TOPIC_COUNTRY_TIME_SINGLE_TOPIC;WEB_SEARCH;chat-latest;4;ZA5665;Eurostat: Employment and Labour Force by Sex and Age – Annual Data;https://ec.europa.eu/eurostat/databrowser/view/LFSI_EMP_A__custom_20907971/default/table;;0;0;0;0;0;False;unmatched;unmatched
V2;37;V2_TOPIC_COUNTRY_TIME_SINGLE_TOPIC;WEB_SEARCH;chat-latest;5;ZA5665;Eurostat: Employment and Unemployment (Labour Force Survey) Database;https://ec.europa.eu/eurostat/web/lfs/database?etrans=el;SDN-10.7802-2786;0;0;0;0;0;False;title_fuzzy;title_fuzzy
V2;37;V2_TOPIC_COUNTRY_TIME_SINGLE_TOPIC;WEB_SEARCH;chat-latest;6;ZA5665;Destatis GENESIS-Online: Income and Living Conditions (EU-SILC);https://genesis.destatis.de/datenbank/online/statistic/12241/details;;0;0;0;0;0;False;unmatched;unmatched
V2;37;V2_TOPIC_COUNTRY_TIME_SINGLE_TOPIC;WEB_SEARCH;chat-latest;7;ZA5665;Destatis GENESIS-Online: EU-SILC Poverty or Social Exclusion by Sex and Age;https://genesis.destatis.de/datenbank/online/statistic/12241/table/12241-0006;missy-eu-silc-2004;0;0;0;0;0;False;title_fuzzy;title_fuzzy
V2;37;V2_TOPIC_COUNTRY_TIME_SINGLE_TOPIC;WEB_SEARCH;chat-latest;8;ZA5665;World Bank: World Development Indicators – Germany;https://data.worldbank.org/country/germany;;0;0;0;0;0;False;unmatched;unmatched
V2;37;V2_TOPIC_COUNTRY_TIME_SINGLE_TOPIC;WEB_SEARCH;chat-latest;9;ZA5665;World Bank DataBank: World Development Indicators – Germany;https://databank.worldbank.org/reports.aspx?country=DEU%2CWLD&source=2;;0;0;0;0;0;False;unmatched;unmatched
V2;37;V2_TOPIC_COUNTRY_TIME_SINGLE_TOPIC;WEB_SEARCH;chat-latest;10;ZA5665;World Bank DataBank: GDP Growth – Germany;https://databank.worldbank.org/reports.aspx?country=DEU%2CITA%2CFRA%2CGBR%2CIRL%2CDNK%2CBEL%2CGRC%2CSWE%2CNLD%2CLUX%2CPRT%2CAUT%2CFIN&series=NY.GDP.MKTP.KD.ZG&source=2;;0;0;0;0;0;False;unmatched;unmatched
V2;38;V2_TOPIC_COUNTRY_TIME_SINGLE_TOPIC;WEB_SEARCH;chat-latest;1;ZA5665;Germany: Expenditure on research and development by sector;https://www.destatis.de/EN/Themes/Society-Environment/Education-Research-Culture/Research-Development/Tables/research-development-sectors.html;;0;0;0;0;0;False;unmatched;unmatched
V2;38;V2_TOPIC_COUNTRY_TIME_SINGLE_TOPIC;WEB_SEARCH;chat-latest;2;ZA5665;Eurostat: Total intramural R&D expenditure (GERD) by sectors of performance;https://ec.europa.eu/eurostat/databrowser/view/rd_e_gerdtot/default/table;;0;0;0;0;0;False;unmatched;unmatched
V2;38;V2_TOPIC_COUNTRY_TIME_SINGLE_TOPIC;WEB_SEARCH;chat-latest;3;ZA5665;Eurostat: Science, technology and innovation database;https://ec.europa.eu/eurostat/web/science-technology-innovation/;;0;0;0;0;0;False;unmatched;unmatched
V2;38;V2_TOPIC_COUNTRY_TIME_SINGLE_TOPIC;WEB_SEARCH;chat-latest;4;ZA5665;Eurostat: Research and development (R&D) data collection;https://ec.europa.eu/eurostat/cache/metadata/en/rd_esms.htm;;0;0;0;0;0;False;unmatched;unmatched
V2;38;V2_TOPIC_COUNTRY_TIME_SINGLE_TOPIC;WEB_SEARCH;chat-latest;5;ZA5665;Eurostat Community Innovation Survey (CIS) microdata;https://ec.europa.eu/eurostat/web/microdata/community-innovation-survey;missy-community-innovation-survey-3;0;0;0;0;0;False;title_fuzzy;title_fuzzy
V2;38;V2_TOPIC_COUNTRY_TIME_SINGLE_TOPIC;WEB_SEARCH;chat-latest;6;ZA5665;Eurostat Community Innovation Survey 2022 (CIS2022);https://ec.europa.eu/eurostat/cache/metadata/EN/inn_cis13_simsci_de.htm;missy-community-innovation-survey-3;0;0;0;0;0;False;title_fuzzy;title_fuzzy
V2;38;V2_TOPIC_COUNTRY_TIME_SINGLE_TOPIC;WEB_SEARCH;chat-latest;7;ZA5665;Eurostat Community Innovation Survey 2020 (CIS2020);https://ec.europa.eu/eurostat/cache/metadata/EN/inn_cis12_esms.htm;missy-community-innovation-survey-3;0;0;0;0;0;False;title_fuzzy;title_fuzzy
V2;38;V2_TOPIC_COUNTRY_TIME_SINGLE_TOPIC;WEB_SEARCH;chat-latest;8;ZA5665;Germany: Internal R&D expenditure of government sector and private non-profit institutions;https://www.destatis.de/EN/Themes/Society-Environment/Education-Research-Culture/Research-Development/Tables/research-development.html;;0;0;0;0;0;False;unmatched;unmatched
V2;39;V2_TOPIC_COUNTRY_TIME_SINGLE_TOPIC;WEB_SEARCH;chat-latest;1;ZA5665;German Socio-Economic Panel (SOEP-Core v40r), 1984–2023;https://doi.org/10.5684/soep.core.v40r;;0;0;0;0;0;False;unmatched;unmatched
V2;39;V2_TOPIC_COUNTRY_TIME_SINGLE_TOPIC;WEB_SEARCH;chat-latest;2;ZA5665;Panel Study Labour Market and Social Security (PASS), Version 0623 v2;https://doi.org/10.5164/IAB.PASS-SUF0623.de.en.v2;ZA6312;0;0;0;0;0;False;title_fuzzy;title_fuzzy
V2;39;V2_TOPIC_COUNTRY_TIME_SINGLE_TOPIC;WEB_SEARCH;chat-latest;3;ZA5665;EU Statistics on Income and Living Conditions (EU-SILC);https://ec.europa.eu/eurostat/web/microdata/european-union-statistics-on-income-and-living-conditions;missy-european-union-statistics-on-income-and-living-conditions-2008;0;0;0;0;0;False;title_fuzzy;title_fuzzy
V2;39;V2_TOPIC_COUNTRY_TIME_SINGLE_TOPIC;WEB_SEARCH;chat-latest;4;ZA5665;EU-SILC Public Microdata;https://ec.europa.eu/eurostat/en/web/microdata/public-microdata/statistics-on-income-and-living-conditions;missy-eu-silc-2004;0;0;0;0;0;False;title_fuzzy;title_fuzzy
V2;39;V2_TOPIC_COUNTRY_TIME_SINGLE_TOPIC;WEB_SEARCH;chat-latest;5;ZA5665;ISSP 2019 Social Inequality V;https://doi.org/10.4232/1.14009;ZA7600;0;0;0;1;1;True;doi;title_exact
V2;39;V2_TOPIC_COUNTRY_TIME_SINGLE_TOPIC;WEB_SEARCH;chat-latest;6;ZA5665;German General Social Survey (ALLBUS): Cumulation 1980–2021;https://doi.org/10.4232/1.14333;ZA5284;0;0;0;1;1;True;doi;title_fuzzy
V2;39;V2_TOPIC_COUNTRY_TIME_SINGLE_TOPIC;WEB_SEARCH;chat-latest;7;ZA5665;German General Social Survey (ALLBUS): Cumulation 1980–2018;https://doi.org/10.4232/1.13774;ZA5276;0;0;0;1;1;True;doi;title_fuzzy
V2;39;V2_TOPIC_COUNTRY_TIME_SINGLE_TOPIC;WEB_SEARCH;chat-latest;8;ZA5665;Destatis: Income, poverty risk and social living conditions data sources;https://www.destatis.de/DE/Themen/Gesellschaft-Umwelt/Einkommen-Konsum-Lebensbedingungen/Lebensbedingungen-Armutsgefaehrdung/Schongewusst_Indikatoren.html;;0;0;0;0;0;False;unmatched;unmatched
V2;39;V2_TOPIC_COUNTRY_TIME_SINGLE_TOPIC;WEB_SEARCH;chat-latest;9;ZA5665;Destatis: Risk of Poverty or Social Exclusion (AROPE);https://www.destatis.de/DE/Themen/Gesellschaft-Umwelt/Einkommen-Konsum-Lebensbedingungen/Lebensbedingungen-Armutsgefaehrdung/Tabellen/arope-armut-ausgrenz-zvgl.html;;0;0;0;0;0;False;unmatched;unmatched
V2;40;V2_TOPIC_COUNTRY_TIME_SINGLE_TOPIC;WEB_SEARCH;chat-latest;1;ZA5665;Socio-Economic Panel, data from 1984-2022 (SOEP-Core v39, International Edition);https://doi.org/10.5684/soep.core.v39i;ZA6767;0;0;0;0;0;False;title_fuzzy;title_fuzzy
V2;40;V2_TOPIC_COUNTRY_TIME_SINGLE_TOPIC;WEB_SEARCH;chat-latest;2;ZA5665;German Socio-Economic Panel Study (SOEP), data of the years 1984-2010;https://doi.org/10.5684/soep.v27.2i;;0;0;0;0;0;False;unmatched;unmatched
V2;40;V2_TOPIC_COUNTRY_TIME_SINGLE_TOPIC;WEB_SEARCH;chat-latest;3;ZA5665;GESIS Panel.pop Population Sample – Special Survey on the Coronavirus SARS-CoV-2 Outbreak in Germany;https://doi.org/10.4232/1.13520;ZA5667;0;0;0;0;0;True;doi;title_exact
V2;40;V2_TOPIC_COUNTRY_TIME_SINGLE_TOPIC;WEB_SEARCH;chat-latest;4;ZA5665;Values in Crisis - a Crisis of Values? Moral Values and Social Orientations under the Imprint of the Corona Pandemic;https://doi.org/10.4232/1.14148;ZA7989;0;0;0;0;0;True;doi;title_exact
V2;40;V2_TOPIC_COUNTRY_TIME_SINGLE_TOPIC;WEB_SEARCH;chat-latest;5;ZA5665;SOECBIAS-COVREF Data Set;https://doi.org/10.7802/2772;SDN-10.7802-2590;0;0;0;0;0;True;doi;title_exact
V2;40;V2_TOPIC_COUNTRY_TIME_SINGLE_TOPIC;WEB_SEARCH;chat-latest;6;ZA5665;Trend Questions Corona (Week 19/2020);https://doi.org/10.4232/1.13608;ZA7663;0;0;0;0;0;True;doi;title_exact
V2;40;V2_TOPIC_COUNTRY_TIME_SINGLE_TOPIC;WEB_SEARCH;chat-latest;7;ZA5665;Trend Questions Corona (Week 51/2020);https://doi.org/10.4232/1.13705;ZA7680;0;0;0;0;0;True;doi;title_exact
V2;40;V2_TOPIC_COUNTRY_TIME_SINGLE_TOPIC;WEB_SEARCH;chat-latest;8;ZA5665;Trend Questions Corona (Week 6/2021);https://doi.org/10.4232/1.13755;ZA7688;0;0;0;0;0;True;doi;title_exact
V2;40;V2_TOPIC_COUNTRY_TIME_SINGLE_TOPIC;WEB_SEARCH;chat-latest;9;ZA5665;Trend Questions Corona (Week 37/2021);https://doi.org/10.4232/1.13868;ZA7817;0;0;0;0;0;True;doi;title_exact
V2;40;V2_TOPIC_COUNTRY_TIME_SINGLE_TOPIC;WEB_SEARCH;chat-latest;10;ZA5665;Trend Questions Corona (Week 8/2022);https://doi.org/10.4232/1.13906;ZA7828;0;0;0;0;0;True;doi;title_exact
V2;41;V2_TOPIC_COUNTRY_TIME_SINGLE_TOPIC;WEB_SEARCH;chat-latest;1;ZA5665;ALLBUS/GGSS 2010 (German General Social Survey 2010);https://doi.org/10.4232/1.10760;ZA4610;0;0;0;0;0;True;doi;title_fuzzy
V2;41;V2_TOPIC_COUNTRY_TIME_SINGLE_TOPIC;WEB_SEARCH;chat-latest;2;ZA5665;Diversity and Contact;https://doi.org/10.4232/1.12883;ZA6898;0;0;0;0;0;True;doi;title_exact
V2;41;V2_TOPIC_COUNTRY_TIME_SINGLE_TOPIC;WEB_SEARCH;chat-latest;3;ZA5665;PIAAC, Germany - Extended Version – microm data;https://doi.org/10.4232/1.12926;ZA5963;0;0;0;0;0;True;doi;title_fuzzy
V2;41;V2_TOPIC_COUNTRY_TIME_SINGLE_TOPIC;WEB_SEARCH;chat-latest;4;ZA5665;PIAAC-Longitudinal (PIAAC-L), Germany;https://doi.org/10.4232/1.12925;ZA5989;0;0;0;1;1;True;doi;title_exact
V2;41;V2_TOPIC_COUNTRY_TIME_SINGLE_TOPIC;WEB_SEARCH;chat-latest;5;ZA5665;ALLBUS/GGSS 2018 (German General Social Survey 2018);https://doi.org/10.4232/1.13250;ZA5270;0;0;0;1;1;True;doi;title_fuzzy
V2;41;V2_TOPIC_COUNTRY_TIME_SINGLE_TOPIC;WEB_SEARCH;chat-latest;6;ZA5665;Inequality Barometer - Wave 2020;https://doi.org/10.7802/2740;SDN-10.7802-2740;0;0;0;0;1;False;title_fuzzy;title_fuzzy
V2;41;V2_TOPIC_COUNTRY_TIME_SINGLE_TOPIC;WEB_SEARCH;chat-latest;7;ZA5665;ALLBUS/GGSS 2021 (German General Social Survey 2021);https://doi.org/10.4232/1.14238;ZA5280;0;0;0;1;1;True;doi;title_fuzzy
V2;41;V2_TOPIC_COUNTRY_TIME_SINGLE_TOPIC;WEB_SEARCH;chat-latest;8;ZA5665;Survey Inequality and Conflict;https://doi.org/10.4232/1.14419;ZA8826;0;0;0;1;1;True;doi;title_exact
V2;41;V2_TOPIC_COUNTRY_TIME_SINGLE_TOPIC;WEB_SEARCH;chat-latest;9;ZA5665;German General Social Survey ALLBUScompact 2023;https://doi.org/10.4232/1.14481;ZA8831;0;0;0;0;1;False;title_exact;title_exact
V2;41;V2_TOPIC_COUNTRY_TIME_SINGLE_TOPIC;WEB_SEARCH;chat-latest;10;ZA5665;German General Social Survey ALLBUS 2023;https://doi.org/10.4232/1.14544;ZA8830;0;0;0;1;1;True;doi;title_exact
V2;41;V2_TOPIC_COUNTRY_TIME_SINGLE_TOPIC;WEB_SEARCH;chat-latest;11;ZA5665;SOEP-Core v41o, data 1984-2024 (Onsite Edition);https://doi.org/10.5684/soep.core.v41o;;0;0;0;0;0;False;unmatched;unmatched
V2;42;V2_TOPIC_COUNTRY_TIME_SINGLE_TOPIC;WEB_SEARCH;chat-latest;1;ZA5665;German Health Update (GEDA) 2019/2020-EHIS — Scientific Use File;https://doi.org/10.7797/31-201920-1-1-1;ZA6379;0;0;0;0;0;False;title_fuzzy;title_fuzzy
V2;42;V2_TOPIC_COUNTRY_TIME_SINGLE_TOPIC;WEB_SEARCH;chat-latest;2;ZA5665;German Health Update (GEDA) 2014/2015-EHIS — Scientific Use File;https://doi.org/10.7797/19-201415-1-1-1;ZA6379;0;0;0;0;0;False;title_fuzzy;title_fuzzy
V2;42;V2_TOPIC_COUNTRY_TIME_SINGLE_TOPIC;WEB_SEARCH;chat-latest;3;ZA5665;German Health Update (GEDA) 2012 — Scientific Use File;https://doi.org/10.7797/29-201213-1-1-1;missy-mz-2012;0;0;0;0;0;False;title_fuzzy;title_fuzzy
V2;42;V2_TOPIC_COUNTRY_TIME_SINGLE_TOPIC;WEB_SEARCH;chat-latest;4;ZA5665;German Health Update (GEDA) 2010 — Scientific Use File;https://doi.org/10.7797/27-200910-1-1-3;missy-mz-2010;0;0;0;0;0;False;title_fuzzy;title_fuzzy
V2;42;V2_TOPIC_COUNTRY_TIME_SINGLE_TOPIC;WEB_SEARCH;chat-latest;5;ZA5665;Socio-Economic Panel (SOEP-Core), v41, 1984–2024;https://doi.org/10.5684/soep.core.v41r;;0;0;0;0;0;False;unmatched;unmatched
V2;42;V2_TOPIC_COUNTRY_TIME_SINGLE_TOPIC;WEB_SEARCH;chat-latest;6;ZA5665;German Ageing Survey (DEAS), Scientific Use Files 1996–2021, Version 1.1;https://doi.org/10.5156/DEAS.1996-2021.M.002;;0;0;0;0;0;False;unmatched;unmatched
V2;42;V2_TOPIC_COUNTRY_TIME_SINGLE_TOPIC;WEB_SEARCH;chat-latest;7;ZA5665;German Ageing Survey (DEAS) — Data and Access Landing Page;https://www.dza.de/en/research/fdz/german-ageing-survey;;0;0;0;0;0;False;unmatched;unmatched
V2;42;V2_TOPIC_COUNTRY_TIME_SINGLE_TOPIC;WEB_SEARCH;chat-latest;8;ZA5665;Survey of Health, Ageing and Retirement in Europe (SHARE) — Data Access;https://share-eric.eu/data/data-access;ZA4560;0;0;0;0;0;False;title_exact;title_exact
V2;42;V2_TOPIC_COUNTRY_TIME_SINGLE_TOPIC;WEB_SEARCH;chat-latest;9;ZA5665;German General Social Survey (ALLBUS) — Data and Documentation;https://www.gesis.org/en/allbus/data-and-documentation;ZA8830;0;0;0;0;1;False;title_fuzzy;title_fuzzy
V2;42;V2_TOPIC_COUNTRY_TIME_SINGLE_TOPIC;WEB_SEARCH;chat-latest;10;ZA5665;German Family Panel (pairfam), Version 13.0.0;https://doi.org/10.4232/pairfam.5678.13.0.0;ZA5678;0;0;0;0;1;False;title_fuzzy;title_fuzzy
V2;42;V2_TOPIC_COUNTRY_TIME_SINGLE_TOPIC;WEB_SEARCH;chat-latest;11;ZA5665;pairfam COVID-19 Survey, Version 1.1.0;https://doi.org/10.4232/pairfam.5959.1.1.0;ZA5959;0;0;0;1;1;True;doi;title_fuzzy
V2;43;V2_TOPIC_COUNTRY_TIME_SINGLE_TOPIC;WEB_SEARCH;chat-latest;1;ZA5665;German Family Panel (pairfam), Release 14.2;https://doi.org/10.4232/pairfam.5678.14.2.0;ZA5678;0;0;0;1;1;True;doi;title_fuzzy
V2;43;V2_TOPIC_COUNTRY_TIME_SINGLE_TOPIC;WEB_SEARCH;chat-latest;2;ZA5665;GENESIS-Online: Statistics of Marriages (Eheschließungen), Germany;https://genesis.destatis.de/datenbank/online/statistic/12611/details;;0;0;0;0;0;False;unmatched;unmatched
V2;43;V2_TOPIC_COUNTRY_TIME_SINGLE_TOPIC;WEB_SEARCH;chat-latest;3;ZA5665;GENESIS-Online: Marriages by Month, Germany;https://genesis.destatis.de/datenbank/online/table/12611-0002;;0;0;0;0;0;False;unmatched;unmatched
V2;43;V2_TOPIC_COUNTRY_TIME_SINGLE_TOPIC;WEB_SEARCH;chat-latest;4;ZA5665;GENESIS-Online: Marriages by Age of Spouses, Germany;https://genesis.destatis.de/datenbank/online/statistic/12611/table/12611-0006;;0;0;0;0;0;False;unmatched;unmatched
V2;43;V2_TOPIC_COUNTRY_TIME_SINGLE_TOPIC;WEB_SEARCH;chat-latest;5;ZA5665;GENESIS-Online: Statistics of Divorces (Ehescheidungen), Germany;https://genesis.destatis.de/datenbank/online/?selectionname=12631&sequenz=statistikTabellen;;0;0;0;0;0;False;unmatched;unmatched
V2;43;V2_TOPIC_COUNTRY_TIME_SINGLE_TOPIC;WEB_SEARCH;chat-latest;6;ZA5665;GENESIS-Online: Divorces by Federal State and Minor Children;https://genesis.destatis.de/datenbank/online/statistic/126%2A/table/12631-0012;ZA1253;0;0;0;0;0;False;title_fuzzy;title_fuzzy
V2;43;V2_TOPIC_COUNTRY_TIME_SINGLE_TOPIC;WEB_SEARCH;chat-latest;7;ZA5665;GENESIS-Online: Family and Living Arrangements in Main-Residence Households;https://genesis.destatis.de/datenbank/online/statistic/12211/table/12211-0420;;0;0;0;0;0;False;unmatched;unmatched
V2;43;V2_TOPIC_COUNTRY_TIME_SINGLE_TOPIC;WEB_SEARCH;chat-latest;8;ZA5665;GENESIS-Online: Live Births by Parents' Marital Status;https://genesis.destatis.de/datenbank/online/table/12612-0004/search/s/MTI2MTItMDAwNA%3D%3D;;0;0;0;0;0;False;unmatched;unmatched
V2;44;V2_TOPIC_COUNTRY_TIME_SINGLE_TOPIC;WEB_SEARCH;chat-latest;1;ZA5665;Destatis GENESIS: Passengers, passenger-kilometres and companies in bus and rail transport, quarterly, Germany;https://genesis.destatis.de/datenbank/online/statistic/46181/table/46181-0005;ZA0485;0;0;0;0;0;False;title_fuzzy;title_fuzzy
V2;44;V2_TOPIC_COUNTRY_TIME_SINGLE_TOPIC;WEB_SEARCH;chat-latest;2;ZA5665;Destatis GENESIS: Passenger transport by buses and railways, annual, Germany;https://genesis.destatis.de/datenbank/online/statistic/46181/table/46181-0003;;0;0;0;0;0;False;unmatched;unmatched
V2;44;V2_TOPIC_COUNTRY_TIME_SINGLE_TOPIC;WEB_SEARCH;chat-latest;3;ZA5665;Destatis GENESIS: Rail freight transport, Germany;https://genesis.destatis.de/datenbank/online/statistic/46131/table/46131-0017;;0;0;0;0;0;False;unmatched;unmatched
V2;44;V2_TOPIC_COUNTRY_TIME_SINGLE_TOPIC;WEB_SEARCH;chat-latest;4;ZA5665;Eurostat Transport Database;https://ec.europa.eu/eurostat/web/transport/database;SDN-10.7802-2786;0;0;0;0;0;False;title_fuzzy;title_fuzzy
V2;44;V2_TOPIC_COUNTRY_TIME_SINGLE_TOPIC;WEB_SEARCH;chat-latest;5;ZA5665;Destatis GENESIS: Tourist arrivals, overnight stays and average length of stay in Germany;https://genesis.destatis.de/datenbank/online/statistic/45412/table/45412-0001;ZA0485;0;0;0;0;0;False;title_fuzzy;title_fuzzy
V2;44;V2_TOPIC_COUNTRY_TIME_SINGLE_TOPIC;WEB_SEARCH;chat-latest;6;ZA5665;Destatis GENESIS: Tourist arrivals and overnight stays by guests' place of residence;https://genesis.destatis.de/datenbank/online/statistic/45412/table/45412-0002;;0;0;0;0;0;False;unmatched;unmatched
V2;44;V2_TOPIC_COUNTRY_TIME_SINGLE_TOPIC;WEB_SEARCH;chat-latest;7;ZA5665;Destatis GENESIS: Tourist arrivals and overnight stays by accommodation type and guest residence;https://genesis.destatis.de/datenbank/online/statistic/45412/table/45412-0005;;0;0;0;0;0;False;unmatched;unmatched
V2;44;V2_TOPIC_COUNTRY_TIME_SINGLE_TOPIC;WEB_SEARCH;chat-latest;8;ZA5665;Destatis GENESIS: Tourist arrivals and overnight stays by German federal state;https://genesis.destatis.de/datenbank/online/statistic/45412/table/45412-0020;;0;0;0;0;0;False;unmatched;unmatched
V2;44;V2_TOPIC_COUNTRY_TIME_SINGLE_TOPIC;WEB_SEARCH;chat-latest;9;ZA5665;Eurostat Tourism Database;https://ec.europa.eu/eurostat/web/tourism/database;ZA0098;0;0;0;0;0;False;title_exact;title_exact
V2;44;V2_TOPIC_COUNTRY_TIME_SINGLE_TOPIC;WEB_SEARCH;chat-latest;10;ZA5665;Eurostat: Trips of EU residents — annual data (tour_dem);https://ec.europa.eu/eurostat/cache/metadata/EN/tour_dem_esms.htm;;0;0;0;0;0;False;unmatched;unmatched
V2;46;V2_TOPIC_COUNTRY_TIME_SINGLE_TOPIC;WEB_SEARCH;chat-latest;1;ZA5665;Eurostat — Employment and labour force by sex and age, annual data (lfsi_emp_a);https://doi.org/10.2908/lfsi_emp_a;;0;0;0;0;0;False;unmatched;unmatched
V2;46;V2_TOPIC_COUNTRY_TIME_SINGLE_TOPIC;WEB_SEARCH;chat-latest;2;ZA5665;EU Labour Force Survey (EU-LFS) microdata, 1983–2023, release 2024;https://doi.org/10.2907/LFS1983-2023;;0;0;0;0;0;False;unmatched;unmatched
V2;46;V2_TOPIC_COUNTRY_TIME_SINGLE_TOPIC;WEB_SEARCH;chat-latest;3;ZA5665;Eurostat — EU Labour Force Survey microdata;https://ec.europa.eu/eurostat/web/microdata/european-union-labour-force-survey;missy-european-union-labour-force-survey-1993;0;0;0;0;0;False;title_fuzzy;title_fuzzy
V2;46;V2_TOPIC_COUNTRY_TIME_SINGLE_TOPIC;WEB_SEARCH;chat-latest;4;ZA5665;Destatis GENESIS — Population and employment, Germany, quarterly national accounts (81000-0012);https://genesis.destatis.de/datenbank/online/statistic/81000/table/81000-0012;ZA0542;0;0;0;0;0;False;title_fuzzy;title_fuzzy
V2;46;V2_TOPIC_COUNTRY_TIME_SINGLE_TOPIC;WEB_SEARCH;chat-latest;5;ZA5665;Destatis GENESIS — Employed persons, employees and self-employed by economic activity (13311-0001);https://genesis.destatis.de/datenbank/online/statistic/13311/table/13311-0001;;0;0;0;0;0;False;unmatched;unmatched
V2;46;V2_TOPIC_COUNTRY_TIME_SINGLE_TOPIC;WEB_SEARCH;chat-latest;6;ZA5665;Destatis GENESIS — Population, employed, unemployed, labour force and inactive population by sex and age (12211-0001);https://genesis.destatis.de/datenbank/online/table/12211-0001/;;0;0;0;0;0;False;unmatched;unmatched
V2;46;V2_TOPIC_COUNTRY_TIME_SINGLE_TOPIC;WEB_SEARCH;chat-latest;7;ZA5665;German Federal Employment Agency — Labour-market time series;https://statistik.arbeitsagentur.de/DE/Navigation/Statistiken/Interaktive-Statistiken/Zeitreihen/Lange-Zeitreihen-Nav.html;;0;0;0;0;0;False;unmatched;unmatched
V2;46;V2_TOPIC_COUNTRY_TIME_SINGLE_TOPIC;WEB_SEARCH;chat-latest;8;ZA5665;Destatis GENESIS — Unemployed, unemployment rates, registered vacancies and short-time workers, Germany (13211-0001);https://genesis.destatis.de/datenbank/online/statistic/13211/table/13211-0001/search/s/YXJiZWl0c2xvc2U%3D;;0;0;0;0;0;False;unmatched;unmatched
V2;46;V2_TOPIC_COUNTRY_TIME_SINGLE_TOPIC;WEB_SEARCH;chat-latest;9;ZA5665;Destatis GENESIS — Unemployed, unemployment rates and registered vacancies by federal state (13211-0007);https://genesis.destatis.de/datenbank/online/statistic/13211/table/13211-0007/search/s/YXJiZWl0c2xvc2U%3D;;0;0;0;0;0;False;unmatched;unmatched
V2;46;V2_TOPIC_COUNTRY_TIME_SINGLE_TOPIC;WEB_SEARCH;chat-latest;10;ZA5665;Eurostat — Unemployment by sex and age, monthly data (une_rt_m);https://doi.org/10.2908/une_rt_m;;0;0;0;0;0;False;unmatched;unmatched
V2;46;V2_TOPIC_COUNTRY_TIME_SINGLE_TOPIC;WEB_SEARCH;chat-latest;11;ZA5665;Eurostat — Job vacancy statistics by economic activity, quarterly data (jvs_q_r21);https://doi.org/10.2908/jvs_q_r21;;0;0;0;0;0;False;unmatched;unmatched
V2;46;V2_TOPIC_COUNTRY_TIME_SINGLE_TOPIC;WEB_SEARCH;chat-latest;12;ZA5665;Eurostat — Employment and unemployment (Labour Force Survey) database;https://ec.europa.eu/eurostat/web/lfs/database;;0;0;0;0;0;False;unmatched;unmatched
V2;47;V2_TOPIC_COUNTRY_TIME_SINGLE_TOPIC;WEB_SEARCH;chat-latest;1;ZA5665;BAuA Working Time Survey 2015 (Scientific Use File, Version 2);https://doi.org/10.48697/baua.azb15.suf.2;;0;0;0;0;0;False;unmatched;unmatched
V2;47;V2_TOPIC_COUNTRY_TIME_SINGLE_TOPIC;WEB_SEARCH;chat-latest;2;ZA5665;BAuA Working Time Survey 2017 (Scientific Use File, Version 2);https://doi.org/10.48697/baua.azb17.suf.2;missy-mz-2017;0;0;0;0;0;False;title_fuzzy;title_fuzzy
V2;47;V2_TOPIC_COUNTRY_TIME_SINGLE_TOPIC;WEB_SEARCH;chat-latest;3;ZA5665;BAuA Working Time Survey 2019 (Scientific Use File, Version 2);https://doi.org/10.48697/baua.azb19.suf.2;missy-mz-2019;0;0;0;0;0;False;title_fuzzy;title_fuzzy
V2;47;V2_TOPIC_COUNTRY_TIME_SINGLE_TOPIC;WEB_SEARCH;chat-latest;4;ZA5665;BAuA Working Time Survey 2021 (Scientific Use File, Version 1);https://doi.org/10.48697/baua.azb21.suf.1;missy-mz-2021;0;0;0;0;0;False;title_fuzzy;title_fuzzy
V2;47;V2_TOPIC_COUNTRY_TIME_SINGLE_TOPIC;WEB_SEARCH;chat-latest;5;ZA5665;BAuA Working Time Survey 2023 (Scientific Use File, Version 1);https://doi.org/10.48697/baua.azb23.suf.1;;0;0;0;0;0;False;unmatched;unmatched
V2;47;V2_TOPIC_COUNTRY_TIME_SINGLE_TOPIC;WEB_SEARCH;chat-latest;6;ZA5665;BIBB/BAuA Employment Survey 2012 (Scientific Use File);https://doi.org/10.7803/501.12.1.1.60;missy-mz-2012;0;0;0;0;0;False;title_fuzzy;title_fuzzy
V2;47;V2_TOPIC_COUNTRY_TIME_SINGLE_TOPIC;WEB_SEARCH;chat-latest;7;ZA5665;BIBB/BAuA Employment Survey 2018 (Scientific Use File);https://doi.org/10.7803/501.18.1.1.10;ZA7603;0;0;0;0;1;False;title_fuzzy;title_fuzzy
V2;47;V2_TOPIC_COUNTRY_TIME_SINGLE_TOPIC;WEB_SEARCH;chat-latest;8;ZA5665;BIBB/BAuA Employment Survey 2024 (Scientific Use File);https://doi.org/10.7803/501.24.1.1.10;ZA9065;0;0;0;0;0;False;title_fuzzy;title_fuzzy
V2;47;V2_TOPIC_COUNTRY_TIME_SINGLE_TOPIC;WEB_SEARCH;chat-latest;9;ZA5665;Harmonised BIBB/BAuA Employment Survey Dataset 2006, 2012 and 2018;https://www.bibb.de/de/190900.php;missy-mz-2012;0;0;0;0;0;False;title_fuzzy;title_fuzzy
V2;47;V2_TOPIC_COUNTRY_TIME_SINGLE_TOPIC;WEB_SEARCH;chat-latest;10;ZA5665;European Working Conditions Survey 2010;https://www.eurofound.europa.eu/en/surveys-and-data/surveys/european-working-conditions-survey/ewcs-2010;missy-european-union-statistics-on-income-and-living-conditions-2010;0;0;0;0;0;False;title_fuzzy;title_fuzzy
V2;47;V2_TOPIC_COUNTRY_TIME_SINGLE_TOPIC;WEB_SEARCH;chat-latest;11;ZA5665;European Working Conditions Telephone Survey 2021;https://www.eurofound.europa.eu/en/surveys-and-data/surveys/european-working-conditions-survey/ewcts-2021/;missy-mz-2021;0;0;0;0;0;False;title_fuzzy;title_fuzzy
V2;47;V2_TOPIC_COUNTRY_TIME_SINGLE_TOPIC;WEB_SEARCH;chat-latest;12;ZA5665;Linked Employer-Employee Data of the IAB (LIAB), Cross-sectional Model 1993-2023;https://doi.org/10.5164/IAB.LIABQM9323.de.en.v1;;0;0;0;0;0;False;unmatched;unmatched
V2;47;V2_TOPIC_COUNTRY_TIME_SINGLE_TOPIC;WEB_SEARCH;chat-latest;13;ZA5665;Linked Employer-Employee Data of the IAB (LIAB), Longitudinal Model 1975-2021;https://doi.org/10.5164/IAB.LIABLM7521.de.en.v1;;0;0;0;0;0;False;unmatched;unmatched
V2;47;V2_TOPIC_COUNTRY_TIME_SINGLE_TOPIC;WEB_SEARCH;chat-latest;14;ZA5665;IAB Establishment Panel, Version 1993-2023;https://doi.org/10.5164/IAB.IABBP9323.de.en.v1;;0;0;0;0;0;False;unmatched;unmatched
V2;48;V2_TOPIC_COUNTRY_TIME_SINGLE_TOPIC;WEB_SEARCH;chat-latest;1;ZA5665;Tourism in Germany: Arrivals and overnight stays;https://www-genesis.destatis.de/genesis/online?operation=statistic&levelindex=0&levelid=1663194272557&code=45412;ZA0098;0;0;0;0;0;False;title_exact;title_exact
V2;48;V2_TOPIC_COUNTRY_TIME_SINGLE_TOPIC;WEB_SEARCH;chat-latest;2;ZA5665;German Time Use Survey (Zeitverwendungserhebung) 2012/2013;https://www.forschungsdatenzentrum.de/de/haushalte/zve;;0;0;0;0;0;False;unmatched;unmatched
V2;48;V2_TOPIC_COUNTRY_TIME_SINGLE_TOPIC;WEB_SEARCH;chat-latest;3;ZA5665;German Time Use Survey (Zeitverwendungserhebung) 2022;https://www.forschungsdatenzentrum.de/de/haushalte/zve;;0;0;0;0;0;False;unmatched;unmatched
V2;48;V2_TOPIC_COUNTRY_TIME_SINGLE_TOPIC;WEB_SEARCH;chat-latest;4;ZA5665;German Socio-Economic Panel (SOEP-Core);https://doi.org/10.5684/soep.core.v39eu;;0;0;0;0;0;False;unmatched;unmatched
V2;48;V2_TOPIC_COUNTRY_TIME_SINGLE_TOPIC;WEB_SEARCH;chat-latest;5;ZA5665;German Health Update (GEDA);https://www.rki.de/EN/Content/Health_Monitoring/HealthSurveys/Geda/Geda_node.html;ZA6379;0;0;0;0;0;False;title_fuzzy;title_fuzzy
V2;48;V2_TOPIC_COUNTRY_TIME_SINGLE_TOPIC;WEB_SEARCH;chat-latest;6;ZA5665;Eurostat tourism database;https://ec.europa.eu/eurostat/web/tourism/database;;0;0;0;0;0;False;unmatched;unmatched
V2;48;V2_TOPIC_COUNTRY_TIME_SINGLE_TOPIC;WEB_SEARCH;chat-latest;7;ZA5665;Eurostat sport statistics database;https://ec.europa.eu/eurostat/web/sport/database;;0;0;0;0;0;False;unmatched;unmatched
V2;48;V2_TOPIC_COUNTRY_TIME_SINGLE_TOPIC;WEB_SEARCH;chat-latest;8;ZA5665;Eurostat culture database;https://ec.europa.eu/eurostat/web/culture/database;;0;0;0;0;0;False;unmatched;unmatched
V2;49;V2_TOPIC_COUNTRY_TIME_SINGLE_TOPIC;WEB_SEARCH;chat-latest;1;ZA5665;Panel on Household Finances (PHF), Waves 1–5 — Deutsche Bundesbank;https://doi.org/10.12757/bbk.phf.w1-w5.01.01;ZA1425;0;0;0;0;0;False;title_fuzzy;title_fuzzy
V2;49;V2_TOPIC_COUNTRY_TIME_SINGLE_TOPIC;WEB_SEARCH;chat-latest;2;ZA5665;Panel on Household Finances (PHF) — Deutsche Bundesbank;https://www.bundesbank.de/en/bundesbank/research/panel-on-household-finances-phf/panel-on-household-finances-phf--939422;ZA1425;0;0;0;0;0;False;title_fuzzy;title_fuzzy
V2;49;V2_TOPIC_COUNTRY_TIME_SINGLE_TOPIC;WEB_SEARCH;chat-latest;3;ZA5665;Household Finance and Consumption Survey (HFCS) — European Central Bank;https://www.ecb.europa.eu/stats/ecb_surveys/hfcs/html/index.en.html;;0;0;0;0;0;False;unmatched;unmatched
V2;49;V2_TOPIC_COUNTRY_TIME_SINGLE_TOPIC;WEB_SEARCH;chat-latest;4;ZA5665;Socio-Economic Panel (SOEP-Core v41r), data 1984–2024 — DIW Berlin;https://www.diw.de/en/diw_01.c.997315.en/edition/soep-core_v41r__data_1984-2024__remote_edition.html;;0;0;0;0;0;False;unmatched;unmatched
V2;49;V2_TOPIC_COUNTRY_TIME_SINGLE_TOPIC;WEB_SEARCH;chat-latest;5;ZA5665;EU Statistics on Income and Living Conditions (EU-SILC) microdata — Eurostat;https://ec.europa.eu/eurostat/web/microdata/european-union-statistics-on-income-and-living-conditions;missy-european-union-statistics-on-income-and-living-conditions-2008;0;0;0;0;0;False;title_fuzzy;title_fuzzy
V2;49;V2_TOPIC_COUNTRY_TIME_SINGLE_TOPIC;WEB_SEARCH;chat-latest;6;ZA5665;EU-SILC Public Microdata — Eurostat;https://ec.europa.eu/eurostat/en/web/microdata/public-microdata/statistics-on-income-and-living-conditions;missy-eu-silc-2004;0;0;0;0;0;False;title_fuzzy;title_fuzzy
V2;50;V2_TOPIC_COUNTRY_TIME_SINGLE_TOPIC;WEB_SEARCH;chat-latest;1;ZA5665;German Sample Survey of Income and Expenditure (EVS): Main Programme;https://genesis.destatis.de/datenbank/online/statistic/63221/details;;0;0;0;0;0;False;unmatched;unmatched
V2;50;V2_TOPIC_COUNTRY_TIME_SINGLE_TOPIC;WEB_SEARCH;chat-latest;2;ZA5665;Private consumption expenditure of households in Germany — EVS time comparison;https://www.destatis.de/EN/Themes/Society-Environment/Income-Consumption-Living-Conditions/Consumption-Expenditure/Tables/liste-germany.html;ZA0485;0;0;0;0;0;False;title_fuzzy;title_fuzzy
V2;50;V2_TOPIC_COUNTRY_TIME_SINGLE_TOPIC;WEB_SEARCH;chat-latest;3;ZA5665;Private consumption expenditure — German National Accounts long-term series;https://www.destatis.de/EN/Themes/Economy/National-Accounts-Domestic-Product/Tables/lrvgr01.html;;0;0;0;0;0;False;unmatched;unmatched
V2;50;V2_TOPIC_COUNTRY_TIME_SINGLE_TOPIC;WEB_SEARCH;chat-latest;4;ZA5665;Eurostat Household Budget Surveys (HBS);https://ec.europa.eu/eurostat/web/household-budget-surveys/information-data;;0;0;0;0;0;False;unmatched;unmatched
V2;50;V2_TOPIC_COUNTRY_TIME_SINGLE_TOPIC;WEB_SEARCH;chat-latest;5;ZA5665;Eurostat: Household final consumption expenditure by purpose (COICOP 1999);https://doi.org/10.2908/nama_10_co3_p3;;0;0;0;0;0;False;unmatched;unmatched
V2;50;V2_TOPIC_COUNTRY_TIME_SINGLE_TOPIC;WEB_SEARCH;chat-latest;6;ZA5665;GESIS Panel.pop Population Sample;https://doi.org/10.4232/1.14285;ZA5664;0;0;0;0;0;False;title_exact;title_exact
V2;50;V2_TOPIC_COUNTRY_TIME_SINGLE_TOPIC;WEB_SEARCH;chat-latest;7;ZA5665;GESIS Panel.dbd Digital Behavioural Data Sample;https://doi.org/10.4232/1.14467;ZA5668;0;0;0;0;0;True;doi;title_fuzzy
V2;50;V2_TOPIC_COUNTRY_TIME_SINGLE_TOPIC;WEB_SEARCH;chat-latest;8;ZA5665;ALLBUS/GGSScompact 1980-2018;https://doi.org/10.4232/1.13775;ZA5277;0;0;0;1;1;True;doi;unmatched
V2;51;V2_TOPIC_COUNTRY_TIME_SINGLE_TOPIC;WEB_SEARCH;chat-latest;1;ZA5665;Open Power System Data — Conventional power plants;https://doi.org/10.25832/conventional_power_plants/2020-10-01;;0;0;0;0;0;False;unmatched;unmatched
V2;51;V2_TOPIC_COUNTRY_TIME_SINGLE_TOPIC;WEB_SEARCH;chat-latest;2;ZA5665;Open Power System Data — Renewable power plants;https://data.open-power-system-data.org/renewable_power_plants/;;0;0;0;0;0;False;unmatched;unmatched
V2;51;V2_TOPIC_COUNTRY_TIME_SINGLE_TOPIC;WEB_SEARCH;chat-latest;3;ZA5665;Open Power System Data — Data Platform;https://data.open-power-system-data.org/;;0;0;0;0;0;False;unmatched;unmatched
V2;51;V2_TOPIC_COUNTRY_TIME_SINGLE_TOPIC;WEB_SEARCH;chat-latest;4;ZA5665;Fraunhofer ISE Energy-Charts — Germany Downloads;https://www.energy-charts.info/downloads.html?c=DE&l=en;;0;0;0;0;0;False;unmatched;unmatched
V2;51;V2_TOPIC_COUNTRY_TIME_SINGLE_TOPIC;WEB_SEARCH;chat-latest;5;ZA5665;Umweltbundesamt — Renewable Energy in Figures;https://www.umweltbundesamt.de/themen/klima-energie/erneuerbare-energien/erneuerbare-energien-in-zahlen;;0;0;0;0;0;False;unmatched;unmatched
V2;51;V2_TOPIC_COUNTRY_TIME_SINGLE_TOPIC;WEB_SEARCH;chat-latest;6;ZA5665;Destatis GENESIS — Energy consumption of manufacturing establishments;https://genesis.destatis.de/datenbank/online/statistic/43531/table/43531-0001;;0;0;0;0;0;False;unmatched;unmatched
V2;51;V2_TOPIC_COUNTRY_TIME_SINGLE_TOPIC;WEB_SEARCH;chat-latest;7;ZA5665;GovData — Primary energy consumption 2016-2024;https://www.govdata.de/suche/daten/primarenergieverbrauch-2016-2019;;0;0;0;0;0;False;unmatched;unmatched
V2;51;V2_TOPIC_COUNTRY_TIME_SINGLE_TOPIC;WEB_SEARCH;chat-latest;8;ZA5665;GovData — Gross electricity generation by energy carrier and federal state;https://www.govdata.de/suche/daten/bruttostromerzeugung-nach-art-der-energietrager-jahr-regionale-tiefe-bundeslander;;0;0;0;0;0;False;unmatched;unmatched
V2;51;V2_TOPIC_COUNTRY_TIME_SINGLE_TOPIC;WEB_SEARCH;chat-latest;9;ZA5665;BGR — Energy Data and Energy Resources;https://www.bgr.bund.de/DE/Themen/Energie/Produkte/produkte_node.html?tab=Energiedaten;ZA6740;0;0;0;0;0;False;title_fuzzy;title_fuzzy
V2;51;V2_TOPIC_COUNTRY_TIME_SINGLE_TOPIC;WEB_SEARCH;chat-latest;10;ZA5665;BGR Energy Data 2023;https://doi.org/10.25928/es-2023-tab;;0;0;0;0;0;False;unmatched;unmatched
V2;52;V2_TOPIC_COUNTRY_TIME_SINGLE_TOPIC;WEB_SEARCH;chat-latest;1;ZA5665;GBD Results Tool | Institute for Health Metrics and Evaluation;https://vizhub.healthdata.org/gbd-results/;ZA6379;0;0;0;0;0;False;title_fuzzy;title_fuzzy
V2;52;V2_TOPIC_COUNTRY_TIME_SINGLE_TOPIC;WEB_SEARCH;chat-latest;2;ZA5665;German Centre for Cancer Registry Data (ZfKD) Database Query;https://www.krebsdaten.de/Krebs/EN/Database/databasequery_step1_node.html;SDN-10.7802-2786;0;0;0;0;0;False;title_fuzzy;title_fuzzy
V2;52;V2_TOPIC_COUNTRY_TIME_SINGLE_TOPIC;WEB_SEARCH;chat-latest;3;ZA5665;European Health Interview Survey (EHIS);https://ec.europa.eu/eurostat/web/microdata/european-health-interview-survey;ZA6379;0;0;0;0;0;False;title_fuzzy;title_fuzzy
V2;52;V2_TOPIC_COUNTRY_TIME_SINGLE_TOPIC;WEB_SEARCH;chat-latest;4;ZA5665;European Health Interview Survey (EHIS) — Eurostat database;https://ec.europa.eu/eurostat/web/health/database;ZA6379;0;0;0;0;0;False;title_fuzzy;title_fuzzy
V2;52;V2_TOPIC_COUNTRY_TIME_SINGLE_TOPIC;WEB_SEARCH;chat-latest;5;ZA5665;European Cancer Information System (ECIS);https://ecis.jrc.ec.europa.eu/;;0;0;0;0;0;False;unmatched;unmatched
V2;52;V2_TOPIC_COUNTRY_TIME_SINGLE_TOPIC;WEB_SEARCH;chat-latest;6;ZA5665;WHO Global Health Observatory;https://www.who.int/data/gho;ZA6379;0;0;0;0;0;False;title_fuzzy;title_fuzzy
V2;53;V2_TOPIC_COUNTRY_TIME_SINGLE_TOPIC;WEB_SEARCH;chat-latest;1;ZA5665;Destatis GENESIS: Government revenue, expenditure and net lending/net borrowing — Germany, annual data (81000-0031);https://genesis.destatis.de/datenbank/online/statistic/81000/table/81000-0031/search/s/ODEwMDA%3D;;0;0;0;0;0;False;unmatched;unmatched
V2;53;V2_TOPIC_COUNTRY_TIME_SINGLE_TOPIC;WEB_SEARCH;chat-latest;2;ZA5665;Destatis GENESIS: Annual accounts of the overall public budget (71141);https://genesis.destatis.de/datenbank/online/statistic/71141/details;;0;0;0;0;0;False;unmatched;unmatched
V2;53;V2_TOPIC_COUNTRY_TIME_SINGLE_TOPIC;WEB_SEARCH;chat-latest;3;ZA5665;Destatis: Public finance — expenditure, revenue and financial balance of public budgets (time series);https://www.destatis.de/EN/Themes/Government/Public-Finance/Expenditure-Revenue-And-Financial-Balance-Of-Public-Budgets/Tables/expenditure-revenue-balance.html;;0;0;0;0;0;False;unmatched;unmatched
V2;53;V2_TOPIC_COUNTRY_TIME_SINGLE_TOPIC;WEB_SEARCH;chat-latest;4;ZA5665;Destatis: Expenditure, revenue and financial balance of the overall public budget — quarterly data;https://www.destatis.de/EN/Themes/Government/Public-Finance/EU-Directive-Budgetary-Frameworks/Tables/general-government.html;;0;0;0;0;0;False;unmatched;unmatched
V2;53;V2_TOPIC_COUNTRY_TIME_SINGLE_TOPIC;WEB_SEARCH;chat-latest;5;ZA5665;Eurostat: Government revenue, expenditure and main aggregates (gov_10a_main);https://ec.europa.eu/eurostat/databrowser/view/gov_10a_main/default/table?lang=en;;0;0;0;0;0;False;unmatched;unmatched
V2;53;V2_TOPIC_COUNTRY_TIME_SINGLE_TOPIC;WEB_SEARCH;chat-latest;6;ZA5665;Eurostat: General government expenditure by function (COFOG) (gov_10a_exp);https://ec.europa.eu/eurostat/databrowser/view/gov_10a_exp/default/table?lang=en;;0;0;0;0;0;False;unmatched;unmatched
V2;53;V2_TOPIC_COUNTRY_TIME_SINGLE_TOPIC;WEB_SEARCH;chat-latest;7;ZA5665;Eurostat: Main national accounts tax aggregates (gov_10a_taxag);https://ec.europa.eu/eurostat/web/products-datasets/-/GOV_10A_TAXAG;;0;0;0;0;0;False;unmatched;unmatched
V2;53;V2_TOPIC_COUNTRY_TIME_SINGLE_TOPIC;WEB_SEARCH;chat-latest;8;ZA5665;Eurostat: Government deficit/surplus, debt and associated data (gov_10dd_edpt1);https://ec.europa.eu/eurostat/databrowser/view/gov_10dd_edpt1/default/table?lang=en;;0;0;0;0;0;False;unmatched;unmatched
V2;53;V2_TOPIC_COUNTRY_TIME_SINGLE_TOPIC;WEB_SEARCH;chat-latest;9;ZA5665;Deutsche Bundesbank: Public finances;https://www.bundesbank.de/en/statistics/public-finances;;0;0;0;0;0;False;unmatched;unmatched
V2;54;V2_TOPIC_COUNTRY_TIME_SINGLE_TOPIC;WEB_SEARCH;chat-latest;1;ZA5665;Naturschutzgebiete in Deutschland;https://www.bfn.de/daten-und-fakten/naturschutzgebiete-deutschland;;0;0;0;0;0;False;unmatched;unmatched
V2;54;V2_TOPIC_COUNTRY_TIME_SINGLE_TOPIC;WEB_SEARCH;chat-latest;2;ZA5665;Ausgewählte Schutzgebietskategorien in Deutschland;https://www.bfn.de/daten-und-fakten/ausgewaehlte-schutzgebietskategorien-deutschland;;0;0;0;0;0;False;unmatched;unmatched
V2;54;V2_TOPIC_COUNTRY_TIME_SINGLE_TOPIC;WEB_SEARCH;chat-latest;3;ZA5665;FFH-Gebiete Deutschland;https://www.govdata.de/suche/daten/ffh-gebiete-deutschland?ids=179f3b59-49fe-4a74-a56c-6b7201fa3afe&ids=940657b0-f7cc-4162-8357-18431777ea30&ids=c2059838-8c3d-4af1-b590-363390133fc3&ids=c2832c4b-27b3-4d10-9007-2a04108f9698;;0;0;0;0;0;False;unmatched;unmatched
V2;54;V2_TOPIC_COUNTRY_TIME_SINGLE_TOPIC;WEB_SEARCH;chat-latest;4;ZA5665;Luftqualitätsdaten (Datenstrom E2a) - Unvalidierte Einzelwerte und Monatswerte;https://www.govdata.de/suche/daten/luftqualitatsdaten-datenstrom-e2a-unvalidierte-einzelwerte-und-monatswerte-datensatza99eb;;0;0;0;0;0;False;unmatched;unmatched
V2;54;V2_TOPIC_COUNTRY_TIME_SINGLE_TOPIC;WEB_SEARCH;chat-latest;5;ZA5665;Gesamtindikator Artenvielfalt und Landschaftsqualität;https://www.bfn.de/daten-und-fakten/gesamtindikator-artenvielfalt-und-landschaftsqualitaet;;0;0;0;0;0;False;unmatched;unmatched
V2;54;V2_TOPIC_COUNTRY_TIME_SINGLE_TOPIC;WEB_SEARCH;chat-latest;6;ZA5665;Rote Liste-Status der Biotoptypen in Deutschland;https://www.bfn.de/daten-und-fakten/rote-liste-status-der-biotoptypen-deutschland;;0;0;0;0;0;False;unmatched;unmatched
V2;54;V2_TOPIC_COUNTRY_TIME_SINGLE_TOPIC;WEB_SEARCH;chat-latest;7;ZA5665;Rote Listen Deutschland – Tiere, Pflanzen und Pilze;https://www.bfn.de/rote-listen-tiere-pflanzen-und-pilze;;0;0;0;0;0;False;unmatched;unmatched
V2;54;V2_TOPIC_COUNTRY_TIME_SINGLE_TOPIC;WEB_SEARCH;chat-latest;8;ZA5665;Rote Liste der Tiere, Pflanzen und Pilze Deutschlands – Säugetiere;https://doi.org/10.19213/972172;;0;0;0;0;0;False;unmatched;unmatched
V2;54;V2_TOPIC_COUNTRY_TIME_SINGLE_TOPIC;WEB_SEARCH;chat-latest;9;ZA5665;Daten zur Umwelt – Umweltbundesamt;https://www.umweltbundesamt.de/daten;;0;0;0;0;0;False;unmatched;unmatched
V2;55;V2_TOPIC_COUNTRY_TIME_SINGLE_TOPIC;WEB_SEARCH;chat-latest;1;ZA5665;Destatis GENESIS: Gesamtwanderungen über die Grenzen der Bundesländer — Deutschland, Jahre, Nationalität, Geschlecht (12711-0001);https://genesis.destatis.de/datenbank/online/statistic/127%2A/table/12711-0001;;0;0;0;0;0;False;unmatched;unmatched
V2;55;V2_TOPIC_COUNTRY_TIME_SINGLE_TOPIC;WEB_SEARCH;chat-latest;2;ZA5665;Destatis GENESIS: Wanderungen zwischen Deutschland und dem Ausland — Deutschland, Jahre, Staatsangehörigkeit (12711-0007);https://genesis.destatis.de/datenbank/online/table/12711-0007/table-toolbar;;0;0;0;0;0;False;unmatched;unmatched
V2;55;V2_TOPIC_COUNTRY_TIME_SINGLE_TOPIC;WEB_SEARCH;chat-latest;3;ZA5665;Destatis: Migration between Germany and foreign countries, 1950 to 2025;https://www.destatis.de/EN/Themes/Society-Environment/Population/Migration/Tables/migration-year-01.html;;0;0;0;0;0;False;unmatched;unmatched
V2;55;V2_TOPIC_COUNTRY_TIME_SINGLE_TOPIC;WEB_SEARCH;chat-latest;4;ZA5665;Destatis GENESIS: Foreign population register movements by citizenship/country grouping (12521-0009);https://genesis.destatis.de/datenbank/online/statistic/125%2A/table/12521-0009;ZA0421;0;0;0;0;0;False;title_fuzzy;title_fuzzy
V2;55;V2_TOPIC_COUNTRY_TIME_SINGLE_TOPIC;WEB_SEARCH;chat-latest;5;ZA5665;Eurostat: Immigration (migr_immi);https://ec.europa.eu/eurostat/cache/metadata/en/migr_immi_esms.htm;;0;0;0;0;0;False;unmatched;unmatched
V2;55;V2_TOPIC_COUNTRY_TIME_SINGLE_TOPIC;WEB_SEARCH;chat-latest;6;ZA5665;Eurostat: Migrant population indicators (migr_ind);https://ec.europa.eu/eurostat/cache/metadata/en/migr_ind_esmsip2.htm;;0;0;0;0;0;False;unmatched;unmatched
V2;55;V2_TOPIC_COUNTRY_TIME_SINGLE_TOPIC;WEB_SEARCH;chat-latest;7;ZA5665;IAB-SOEP Migration Sample;https://www.diw.de/en/diw_01.c.930514.en/iab-soep_migration_sample.html;;0;0;0;0;0;False;unmatched;unmatched
V2;55;V2_TOPIC_COUNTRY_TIME_SINGLE_TOPIC;WEB_SEARCH;chat-latest;8;ZA5665;IAB-SOEP Migration Samples, data 2013–2024;10.5684/soep.iab-soep-mig.2024;;0;0;0;0;0;False;unmatched;unmatched
V2;55;V2_TOPIC_COUNTRY_TIME_SINGLE_TOPIC;WEB_SEARCH;chat-latest;9;ZA5665;IAB-BAMF-SOEP Survey of Refugees;https://fdz.iab.de/en/our-data-products/individual-and-household-data/iab-bamf-soep/;ZA0345;0;0;0;0;0;False;title_fuzzy;title_fuzzy
V2;55;V2_TOPIC_COUNTRY_TIME_SINGLE_TOPIC;WEB_SEARCH;chat-latest;10;ZA5665;IAB-BAMF-SOEP Survey of Refugees, waves 1–8;10.5684/soep.iab-bamf-soep-mig.2023.1;;0;0;0;0;0;False;unmatched;unmatched
V2;55;V2_TOPIC_COUNTRY_TIME_SINGLE_TOPIC;WEB_SEARCH;chat-latest;11;ZA5665;SOEP-Core v41 Remote Edition, data 1984–2024;10.5684/soep.core.v41r;;0;0;0;0;0;False;unmatched;unmatched
V2;55;V2_TOPIC_COUNTRY_TIME_SINGLE_TOPIC;WEB_SEARCH;chat-latest;12;ZA5665;GERPS 2020 — German Emigration and Remigration Panel Study;https://access.gesis.org/dbk/72820;ZA7585;0;0;0;0;1;False;title_fuzzy;title_fuzzy
V2;56;V2_TOPIC_COUNTRY_TIME_SINGLE_TOPIC;WEB_SEARCH;chat-latest;1;ZA5665;Deutsche Bundesbank — Long time series on economic development in Germany;https://www.bundesbank.de/en/statistics/sets-of-indicators/long-time-series/long-time-series-802922;ZA0485;0;0;0;0;0;False;title_fuzzy;title_fuzzy
V2;56;V2_TOPIC_COUNTRY_TIME_SINGLE_TOPIC;WEB_SEARCH;chat-latest;2;ZA5665;Deutsche Bundesbank — Economic activity and prices;https://www.bundesbank.de/en/statistics/economic-activity-and-prices/-/economic-activity-and-prices-795260;;0;0;0;0;0;False;unmatched;unmatched
V2;56;V2_TOPIC_COUNTRY_TIME_SINGLE_TOPIC;WEB_SEARCH;chat-latest;3;ZA5665;Deutsche Bundesbank — GDP and gross value added of selected economic sectors;https://www.bundesbank.de/en/statistics/overview-of-the-statistical-series/-/1-gdp-and-gross-value-added-of-selected-economic-sectors-808658;;0;0;0;0;0;False;unmatched;unmatched
V2;56;V2_TOPIC_COUNTRY_TIME_SINGLE_TOPIC;WEB_SEARCH;chat-latest;4;ZA5665;Deutsche Bundesbank — Macroeconomic real-time database;https://www.bundesbank.de/en/statistics/time-series-and-real-time-data;;0;0;0;0;0;False;unmatched;unmatched
V2;56;V2_TOPIC_COUNTRY_TIME_SINGLE_TOPIC;WEB_SEARCH;chat-latest;5;ZA5665;German Federal Statistical Office (Destatis) — GENESIS-Online national and regional accounts;https://genesis.destatis.de/datenbank/online/statistic/82%2A;;0;0;0;0;0;False;unmatched;unmatched
V2;56;V2_TOPIC_COUNTRY_TIME_SINGLE_TOPIC;WEB_SEARCH;chat-latest;6;ZA5665;Eurostat — Database;https://ec.europa.eu/eurostat/data/database;SDN-10.7802-2786;0;0;0;0;0;False;title_fuzzy;title_fuzzy
V2;56;V2_TOPIC_COUNTRY_TIME_SINGLE_TOPIC;WEB_SEARCH;chat-latest;7;ZA5665;World Bank — Germany Data;https://data.worldbank.org/country/germany;ZA1711;0;0;0;0;0;False;title_fuzzy;title_fuzzy
V2;56;V2_TOPIC_COUNTRY_TIME_SINGLE_TOPIC;WEB_SEARCH;chat-latest;8;ZA5665;IMF — World Economic Outlook Database;https://data.imf.org/Datasets/WEO;SDN-10.7802-2786;0;0;0;0;0;False;title_fuzzy;title_fuzzy
V2;56;V2_TOPIC_COUNTRY_TIME_SINGLE_TOPIC;WEB_SEARCH;chat-latest;9;ZA5665;OECD — GDP and Non-financial Accounts;https://www.oecd.org/en/data/datasets/gdp-and-non-financial-accounts.html;;0;0;0;0;0;False;unmatched;unmatched
V2;56;V2_TOPIC_COUNTRY_TIME_SINGLE_TOPIC;WEB_SEARCH;chat-latest;10;ZA5665;OECD — Data Explorer;https://www.oecd.org/en/data/datasets/oecd-DE.html;;0;0;0;0;0;False;unmatched;unmatched
V2;57;V2_TOPIC_COUNTRY_TIME_SINGLE_TOPIC;WEB_SEARCH;chat-latest;1;ZA5665;Gesundheitsberichterstattung des Bundes (GBE) – Injuries and poisoning / hospital diagnoses;https://www.gbe-bund.de/;;0;0;0;0;0;False;unmatched;unmatched
V2;57;V2_TOPIC_COUNTRY_TIME_SINGLE_TOPIC;WEB_SEARCH;chat-latest;2;ZA5665;GENESIS-Online – Diagnosis statistics of hospital patients (23131);https://www-genesis.destatis.de/genesis/online;;0;0;0;0;0;False;unmatched;unmatched
V2;57;V2_TOPIC_COUNTRY_TIME_SINGLE_TOPIC;WEB_SEARCH;chat-latest;3;ZA5665;German Hospital Quality Reports (Qualitätsberichte der Krankenhäuser);https://www.g-ba.de/themen/qualitaetssicherung/datenerhebung-zur-qualitaetssicherung/datenerhebung-qualitaetsbericht/;;0;0;0;0;0;False;unmatched;unmatched
V2;57;V2_TOPIC_COUNTRY_TIME_SINGLE_TOPIC;WEB_SEARCH;chat-latest;4;ZA5665;German Statutory Accident Insurance (DGUV) statistics;https://www.dguv.de/de/zahlen-fakten/index.jsp;;0;0;0;0;0;False;unmatched;unmatched
V2;57;V2_TOPIC_COUNTRY_TIME_SINGLE_TOPIC;WEB_SEARCH;chat-latest;5;ZA5665;Eurostat – Accidents at work (ESAW);https://ec.europa.eu/eurostat/web/health/database;;0;0;0;0;0;False;unmatched;unmatched
V2;57;V2_TOPIC_COUNTRY_TIME_SINGLE_TOPIC;WEB_SEARCH;chat-latest;6;ZA5665;Eurostat – Causes of death;https://ec.europa.eu/eurostat/web/health/database;;0;0;0;0;0;False;unmatched;unmatched
V2;57;V2_TOPIC_COUNTRY_TIME_SINGLE_TOPIC;WEB_SEARCH;chat-latest;7;ZA5665;Robert Koch Institute – Gesundheit in Deutschland aktuell (GEDA);https://www.rki.de/DE/Themen/Gesundheit-und-Gesellschaft/Gesundheitssurveys/GEDA/geda_node.html;;0;0;0;0;0;False;unmatched;unmatched
V2;58;V2_TOPIC_COUNTRY_TIME_SINGLE_TOPIC;WEB_SEARCH;chat-latest;1;ZA5665;Attitudes towards Current Questions of Foreign Policy and TTIP;https://doi.org/10.4232/1.12554;ZA6615;0;0;0;0;0;True;doi;title_exact
V2;58;V2_TOPIC_COUNTRY_TIME_SINGLE_TOPIC;WEB_SEARCH;chat-latest;2;ZA5665;The Berlin Pulse - German Foreign Policy 2018;https://doi.org/10.4232/1.14613;ZA8985;0;0;0;1;1;True;doi;title_exact
V2;58;V2_TOPIC_COUNTRY_TIME_SINGLE_TOPIC;WEB_SEARCH;chat-latest;3;ZA5665;The Berlin Pulse - German Foreign Policy 2019;https://doi.org/10.4232/1.14614;ZA8986;0;0;0;1;1;True;doi;title_exact
V2;58;V2_TOPIC_COUNTRY_TIME_SINGLE_TOPIC;WEB_SEARCH;chat-latest;4;ZA5665;The Berlin Pulse - German Foreign Policy 2020;https://doi.org/10.4232/1.14616;ZA8988;0;0;0;1;1;True;doi;title_exact
V2;58;V2_TOPIC_COUNTRY_TIME_SINGLE_TOPIC;WEB_SEARCH;chat-latest;5;ZA5665;The Berlin Pulse - German Foreign Policy 2021;https://doi.org/10.4232/1.14619;ZA8991;0;0;0;1;1;True;doi;title_exact
V2;58;V2_TOPIC_COUNTRY_TIME_SINGLE_TOPIC;WEB_SEARCH;chat-latest;6;ZA5665;The Berlin Pulse - German Foreign Policy 2022;https://doi.org/10.4232/1.14622;ZA8994;0;0;0;1;1;True;doi;title_exact
V2;58;V2_TOPIC_COUNTRY_TIME_SINGLE_TOPIC;WEB_SEARCH;chat-latest;7;ZA5665;The Berlin Pulse - After the US Election 2024;https://doi.org/10.4232/1.14625;ZA8997;0;0;0;1;1;True;doi;title_exact
V2;58;V2_TOPIC_COUNTRY_TIME_SINGLE_TOPIC;WEB_SEARCH;chat-latest;8;ZA5665;IOParlspeech: International Organizations in National Parliamentary Debates;https://doi.org/10.7910/DVN/MBLASU;ZA6767;0;0;0;0;0;False;title_fuzzy;title_fuzzy
V2;58;V2_TOPIC_COUNTRY_TIME_SINGLE_TOPIC;WEB_SEARCH;chat-latest;9;ZA5665;Regional Organizations' Competencies Version 2.0 (ROCO 2.0);https://doi.org/10.7910/DVN/UBOE1N;;0;0;0;0;0;False;unmatched;unmatched
V2;58;V2_TOPIC_COUNTRY_TIME_SINGLE_TOPIC;WEB_SEARCH;chat-latest;10;ZA5665;Major International Organizations (MIA) Dataset;https://www.tobiaslenz.com/dataset-i/;ZA6767;0;0;0;0;0;False;title_fuzzy;title_fuzzy
V2;58;V2_TOPIC_COUNTRY_TIME_SINGLE_TOPIC;WEB_SEARCH;chat-latest;11;ZA5665;Intergovernmental Organizations (v3) - Correlates of War Project;https://correlatesofwar.org/data-sets/igos/;;0;0;0;0;0;False;unmatched;unmatched
V2;58;V2_TOPIC_COUNTRY_TIME_SINGLE_TOPIC;WEB_SEARCH;chat-latest;12;ZA5665;International Social Survey Programme: Citizenship II - ISSP 2014;https://search.gesis.org/research_data/ZA6670?doi=10.4232%2F1.12590;ZA6670;0;0;0;1;1;True;dataset_id;title_exact
V2;58;V2_TOPIC_COUNTRY_TIME_SINGLE_TOPIC;WEB_SEARCH;chat-latest;13;ZA5665;European Parliament Election Study 2014, Voter Study, Supplementary Study;https://search.gesis.org/research_data/ZA5161;ZA5161;0;0;0;0;0;True;dataset_id;title_exact
V2;58;V2_TOPIC_COUNTRY_TIME_SINGLE_TOPIC;WEB_SEARCH;chat-latest;14;ZA5665;Eurobarometer 82.3 (2014);https://search.gesis.org/research_data/ZA5932?doi=10.4232%2F1.12259;ZA5932;0;0;0;0;0;True;dataset_id;title_exact
V2;58;V2_TOPIC_COUNTRY_TIME_SINGLE_TOPIC;WEB_SEARCH;chat-latest;15;ZA5665;Youth and Europe (March/April 2022);https://search.gesis.org/research_data/ZA7906?doi=10.4232%2F1.14038;ZA7906;0;0;0;1;1;True;dataset_id;title_exact
V2;58;V2_TOPIC_COUNTRY_TIME_SINGLE_TOPIC;WEB_SEARCH;chat-latest;16;ZA5665;Foreign Policy Attitudes of German Elites: Expert Interview Transcripts;https://doi.org/10.1594/PANGAEA.972522;ZA0421;0;0;0;0;0;False;title_fuzzy;title_fuzzy
V2;59;V2_TOPIC_COUNTRY_TIME_SINGLE_TOPIC;WEB_SEARCH;chat-latest;1;ZA5665;Gesundheit in Deutschland aktuell 2019/2020-EHIS (GEDA 2019/2020-EHIS) — Scientific Use File;https://doi.org/10.7797/31-201920-1-1-1;;0;0;0;0;0;False;unmatched;unmatched
V2;59;V2_TOPIC_COUNTRY_TIME_SINGLE_TOPIC;WEB_SEARCH;chat-latest;2;ZA5665;Gesundheit in Deutschland aktuell 2014/2015-EHIS (GEDA 2014/2015-EHIS) — Scientific Use File;https://doi.org/10.7797/19-201415-1-1-1;;0;0;0;0;0;False;unmatched;unmatched
V2;59;V2_TOPIC_COUNTRY_TIME_SINGLE_TOPIC;WEB_SEARCH;chat-latest;3;ZA5665;Gesundheit in Deutschland aktuell 2012 (GEDA 2012) — Scientific Use File;https://doi.org/10.7797/29-201213-1-1-1;missy-mz-2012;0;0;0;0;0;False;title_fuzzy;title_fuzzy
V2;59;V2_TOPIC_COUNTRY_TIME_SINGLE_TOPIC;WEB_SEARCH;chat-latest;4;ZA5665;Gesundheit in Deutschland aktuell 2010 (GEDA 2010) — Scientific Use File;https://doi.org/10.7797/27-200910-1-1-3;missy-mz-2010;0;0;0;0;0;False;title_fuzzy;title_fuzzy
V2;59;V2_TOPIC_COUNTRY_TIME_SINGLE_TOPIC;WEB_SEARCH;chat-latest;5;ZA5665;Replication Data for: Financing the welfare state in times of extreme crisis: Public support for health care spending during the Covid-19 pandemic in Germany;https://doi.org/10.7802/2304;SDN-10.7802-2304;0;0;0;0;1;False;title_fuzzy;title_fuzzy
V2;59;V2_TOPIC_COUNTRY_TIME_SINGLE_TOPIC;WEB_SEARCH;chat-latest;6;ZA5665;Trend Questions Corona (Week 49/2020) (ZA7679);https://search.gesis.org/research_data/ZA7679;ZA7679;0;0;0;1;1;True;dataset_id;title_exact
V2;59;V2_TOPIC_COUNTRY_TIME_SINGLE_TOPIC;WEB_SEARCH;chat-latest;7;ZA5665;European System of Social Indicators: Health, 1980–2013 (ZA8691);https://doi.org/10.4232/1.13647;ZA8691;0;0;0;1;1;True;doi;title_fuzzy
V2;59;V2_TOPIC_COUNTRY_TIME_SINGLE_TOPIC;WEB_SEARCH;chat-latest;8;ZA5665;OECD Health Statistics;https://doi.org/10.1787/adc3c39f-en;ZA8133;0;0;0;0;0;False;title_fuzzy;title_fuzzy
V2;59;V2_TOPIC_COUNTRY_TIME_SINGLE_TOPIC;WEB_SEARCH;chat-latest;9;ZA5665;International Social Survey Programme: Health and Health Care I-II Cumulation (ZA8794);https://search.gesis.org/research_data/ZA8794;ZA8794;0;0;0;0;0;True;dataset_id;title_exact
V2;59;V2_TOPIC_COUNTRY_TIME_SINGLE_TOPIC;WEB_SEARCH;chat-latest;10;ZA5665;Information System on Medical Statistics of the Federal Republic of Germany (ZA8134);https://doi.org/10.4232/1.8134;ZA8134;0;0;0;0;0;True;doi;title_exact
V2;60;V2_TOPIC_COUNTRY_TIME_SINGLE_TOPIC;WEB_SEARCH;chat-latest;1;ZA5665;ISSP 2012 – Family and Changing Gender Roles IV;https://doi.org/10.4232/1.12661;ZA5900;0;0;0;0;0;True;doi;title_fuzzy
V2;60;V2_TOPIC_COUNTRY_TIME_SINGLE_TOPIC;WEB_SEARCH;chat-latest;2;ZA5665;ISSP 1988/1994/2002/2012/2022 Cumulation – Family and Changing Gender Roles I–V;https://doi.org/10.4232/1.14750;;0;0;0;0;0;False;unmatched;unmatched
V2;60;V2_TOPIC_COUNTRY_TIME_SINGLE_TOPIC;WEB_SEARCH;chat-latest;3;ZA5665;German General Social Survey (ALLBUS) – Cumulation 1980–2021;https://doi.org/10.4232/1.14333;ZA5284;0;0;0;1;1;True;doi;title_fuzzy
V2;60;V2_TOPIC_COUNTRY_TIME_SINGLE_TOPIC;WEB_SEARCH;chat-latest;4;ZA5665;ALLBUS datasets and documentation;https://www.gesis.org/en/allbus/data-and-documentation;;0;0;0;0;0;False;unmatched;unmatched
V2;60;V2_TOPIC_COUNTRY_TIME_SINGLE_TOPIC;WEB_SEARCH;chat-latest;5;ZA5665;Socio-Economic Panel (SOEP-Core), version 41, data 1984–2024, Remote Edition;https://doi.org/10.5684/soep.core.v41r;;0;0;0;0;0;False;unmatched;unmatched
V2;60;V2_TOPIC_COUNTRY_TIME_SINGLE_TOPIC;WEB_SEARCH;chat-latest;6;ZA5665;FReDA – The German Family Demography Panel Study – Restricted Use File, Version 2.0.0;https://doi.org/10.4232/1.14546;ZA8755;0;0;0;1;1;True;doi;title_fuzzy
V2;61;V2_TOPIC_COUNTRY_TIME_SINGLE_TOPIC;WEB_SEARCH;chat-latest;1;ZA5665;GEDA 2019/2020-EHIS (German Health Update) — Scientific Use File;https://doi.org/10.7797/31-201920-1-1-1;ZA6379;0;0;0;0;0;False;title_fuzzy;title_fuzzy
V2;61;V2_TOPIC_COUNTRY_TIME_SINGLE_TOPIC;WEB_SEARCH;chat-latest;2;ZA5665;GEDA 2014/2015-EHIS (German Health Update) — Scientific Use File;https://doi.org/10.7797/19-201415-1-1-1;ZA6379;0;0;0;0;0;False;title_fuzzy;title_fuzzy
V2;61;V2_TOPIC_COUNTRY_TIME_SINGLE_TOPIC;WEB_SEARCH;chat-latest;3;ZA5665;GEDA 2012 (German Health Update) — Scientific Use File;https://doi.org/10.7797/29-201213-1-1-1;missy-mz-2012;0;0;0;0;0;False;title_fuzzy;title_fuzzy
V2;61;V2_TOPIC_COUNTRY_TIME_SINGLE_TOPIC;WEB_SEARCH;chat-latest;4;ZA5665;GEDA 2010 (German Health Update) — Scientific Use File;https://doi.org/10.7797/27-200910-1-1-3;missy-mz-2010;0;0;0;0;0;False;title_fuzzy;title_fuzzy
V2;61;V2_TOPIC_COUNTRY_TIME_SINGLE_TOPIC;WEB_SEARCH;chat-latest;5;ZA5665;KiGGS Wave 2 (German Health Interview and Examination Survey for Children and Adolescents) — Scientific Use File;https://doi.org/10.7797/17-201417-1-1-1;ZA1240;0;0;0;0;0;False;title_exact;title_exact
V2;61;V2_TOPIC_COUNTRY_TIME_SINGLE_TOPIC;WEB_SEARCH;chat-latest;6;ZA5665;KiGGS Wave 1 (German Health Interview and Examination Survey for Children and Adolescents) — Scientific Use File;https://doi.org/10.7797/15-200912-1-1-1;ZA1240;0;0;0;0;0;False;title_exact;title_exact
V2;61;V2_TOPIC_COUNTRY_TIME_SINGLE_TOPIC;WEB_SEARCH;chat-latest;7;ZA5665;Eurobarometer 88.4 (December 2017): Sport and Physical Activity;https://doi.org/10.4232/1.14003;ZA6939;0;0;0;1;1;True;doi;title_fuzzy
V2;61;V2_TOPIC_COUNTRY_TIME_SINGLE_TOPIC;WEB_SEARCH;chat-latest;8;ZA5665;Eurobarometer 97.3 (April–May 2022): Sport and Physical Activity;https://doi.org/10.4232/1.14055;ZA7888;0;0;0;1;1;True;doi;title_fuzzy
V2;61;V2_TOPIC_COUNTRY_TIME_SINGLE_TOPIC;WEB_SEARCH;chat-latest;9;ZA5665;Motorik-Modul (MoMo) / MoMo 2.0 Study;https://www.momo-studie.de/;;0;0;0;0;0;False;unmatched;unmatched
V2;62;V2_TOPIC_COUNTRY_TIME_SINGLE_TOPIC;WEB_SEARCH;chat-latest;1;ZA5665;Polizeiliche Kriminalstatistik: Straftaten in Deutschland, Jahre;https://genesis.destatis.de/datenbank/online/statistic/249%2A/table/24911-0001;;0;0;0;0;0;False;unmatched;unmatched
V2;62;V2_TOPIC_COUNTRY_TIME_SINGLE_TOPIC;WEB_SEARCH;chat-latest;2;ZA5665;Polizeiliche Kriminalstatistik: Tatverdächtige nach Nationalität und Geschlecht;https://genesis.destatis.de/datenbank/online/table/24911-0002;;0;0;0;0;0;False;unmatched;unmatched
V2;62;V2_TOPIC_COUNTRY_TIME_SINGLE_TOPIC;WEB_SEARCH;chat-latest;3;ZA5665;BKA Polizeiliche Kriminalstatistik 2024 – Zeitreihen;https://www.bka.de/DE/AktuelleInformationen/StatistikenLagebilder/PolizeilicheKriminalstatistik/PKS2024/PKSTabellen/Zeitreihen/zeitreihen_node.html;;0;0;0;0;0;False;unmatched;unmatched
V2;62;V2_TOPIC_COUNTRY_TIME_SINGLE_TOPIC;WEB_SEARCH;chat-latest;4;ZA5665;Strafverfolgungsstatistik: Verurteilte nach Art der Straftat;https://genesis.destatis.de/datenbank/online/table/24311-0001/;;0;0;0;0;0;False;unmatched;unmatched
V2;62;V2_TOPIC_COUNTRY_TIME_SINGLE_TOPIC;WEB_SEARCH;chat-latest;5;ZA5665;Strafverfolgungsstatistik: Verurteilte nach Nationalität, Geschlecht, Alter und Straftat;https://genesis.destatis.de/datenbank/online/statistic/24311/table/24311-0002/table-toolbar;;0;0;0;0;0;False;unmatched;unmatched
V2;62;V2_TOPIC_COUNTRY_TIME_SINGLE_TOPIC;WEB_SEARCH;chat-latest;6;ZA5665;Strafvollzugsstatistik: Strafgefangene und Sicherungsverwahrte;https://genesis.destatis.de/datenbank/online/table/24321-0001;;0;0;0;0;0;False;unmatched;unmatched
V2;62;V2_TOPIC_COUNTRY_TIME_SINGLE_TOPIC;WEB_SEARCH;chat-latest;7;ZA5665;Statistik bei den Staats- und Amtsanwaltschaften: Erledigte Ermittlungsverfahren;https://genesis.destatis.de/datenbank/online/statistic/24211/table/24211-0001/chart/column;;0;0;0;0;0;False;unmatched;unmatched
V2;62;V2_TOPIC_COUNTRY_TIME_SINGLE_TOPIC;WEB_SEARCH;chat-latest;8;ZA5665;Statistik über Straf- und Bußgeldverfahren;https://genesis.destatis.de/datenbank/online/statistic/24221/details;;0;0;0;0;0;False;unmatched;unmatched
V2;62;V2_TOPIC_COUNTRY_TIME_SINGLE_TOPIC;WEB_SEARCH;chat-latest;9;ZA5665;Zivilsachen vor dem Amtsgericht: Deutschland, Jahre, Stand der Erledigung;https://genesis.destatis.de/datenbank/online/statistic/24231/table/24231-0002;;0;0;0;0;0;False;unmatched;unmatched
V2;62;V2_TOPIC_COUNTRY_TIME_SINGLE_TOPIC;WEB_SEARCH;chat-latest;10;ZA5665;Sicherheit und Kriminalität in Deutschland (SKiD);https://www.bka.de/DE/UnsereAufgaben/Forschung/ForschungsprojekteUndErgebnisse/Dunkelfeldforschung/SKiD/skid_node.html;;0;0;0;0;0;False;unmatched;unmatched
V2;62;V2_TOPIC_COUNTRY_TIME_SINGLE_TOPIC;WEB_SEARCH;chat-latest;11;ZA5665;SKiD Dashboard;https://skid.bka.de/;;0;0;0;0;0;False;unmatched;unmatched
V2;62;V2_TOPIC_COUNTRY_TIME_SINGLE_TOPIC;WEB_SEARCH;chat-latest;12;ZA5665;Deutscher Viktimisierungssurvey 2017;https://access.gesis.org/dbk/70504;missy-mz-2017;0;0;0;0;0;False;title_fuzzy;title_fuzzy
V2;62;V2_TOPIC_COUNTRY_TIME_SINGLE_TOPIC;WEB_SEARCH;chat-latest;13;ZA5665;Sicherheit im privaten Umfeld;https://doi.org/10.4232/1.12857;ZA6631;0;0;0;0;0;True;doi;unmatched
V2;62;V2_TOPIC_COUNTRY_TIME_SINGLE_TOPIC;WEB_SEARCH;chat-latest;14;ZA5665;ALLBUS Data and Documentation;https://www.gesis.org/en/allbus/data-and-documentation;;0;0;0;0;0;False;unmatched;unmatched
V2;63;V2_TOPIC_COUNTRY_TIME_SINGLE_TOPIC;WEB_SEARCH;chat-latest;1;SDN-10.7802-2863;Der Einfluss redaktioneller Konvergenz auf die Vielfalt der Berichterstattung im deutschen Nachrichten- und Informationsjournalismus;https://doi.org/10.7802/2393;SDN-10.7802-2393;0;0;0;0;0;False;title_exact;title_exact
V2;63;V2_TOPIC_COUNTRY_TIME_SINGLE_TOPIC;WEB_SEARCH;chat-latest;2;SDN-10.7802-2863;Worlds of Journalism Study Wave 3 (2021-2025) Consolidated Dataset;https://doi.org/10.5281/zenodo.15280739;;0;0;0;0;0;False;unmatched;unmatched
V2;63;V2_TOPIC_COUNTRY_TIME_SINGLE_TOPIC;WEB_SEARCH;chat-latest;3;SDN-10.7802-2863;Political Identities and News Consumption in Election Times (PINCET);https://doi.org/10.7802/3031;SDN-10.7802-2524;0;0;0;0;0;False;title_exact;title_exact
V2;63;V2_TOPIC_COUNTRY_TIME_SINGLE_TOPIC;WEB_SEARCH;chat-latest;4;SDN-10.7802-2863;Inhaltsanalyse von Responsibility Frames zu Gesundheitsthemen in der Berichterstattung;https://doi.org/10.7802/2406;SDN-10.7802-2406;0;0;0;0;0;False;title_exact;title_exact
V2;63;V2_TOPIC_COUNTRY_TIME_SINGLE_TOPIC;WEB_SEARCH;chat-latest;5;SDN-10.7802-2863;News on TikTok: An Annotated Dataset of TikTok Videos from German-Speaking News;https://access.gesis.org/sharing/2863;SDN-10.7802-2863;0;1;1;0;1;False;title_exact;title_exact
V2;63;V2_TOPIC_COUNTRY_TIME_SINGLE_TOPIC;WEB_SEARCH;chat-latest;6;SDN-10.7802-2863;Diskurse zur Mediatisierung des Büros: Ein kommentierter Datensatz zu einer wissenssoziologischen Diskursanalyse von Presseartikeln (deutschsprachiger Raum, 1980–2024);https://doi.org/10.5281/zenodo.19182156;;0;0;0;0;0;False;unmatched;unmatched
V2;63;V2_TOPIC_COUNTRY_TIME_SINGLE_TOPIC;WEB_SEARCH;chat-latest;7;SDN-10.7802-2863;digilog@bw—Dynamics of Participation in the Era of Digitalisation. Cross-section May-June 2022;https://doi.org/10.7802/2459;SDN-10.7802-2459;0;0;0;0;0;False;title_exact;title_exact
V2;63;V2_TOPIC_COUNTRY_TIME_SINGLE_TOPIC;WEB_SEARCH;chat-latest;8;SDN-10.7802-2863;Political Information Behaviour;https://doi.org/10.4232/1.13478;ZA6739;0;0;0;0;0;True;doi;title_exact
V2;64;V2_TOPIC_COUNTRY_TIME_SINGLE_TOPIC;WEB_SEARCH;chat-latest;1;SDN-10.7802-2863;Worlds of Journalism Study Wave 3 (2021–2025) Consolidated Dataset;https://doi.org/10.5281/zenodo.17403573;;0;0;0;0;0;False;unmatched;unmatched
V2;64;V2_TOPIC_COUNTRY_TIME_SINGLE_TOPIC;WEB_SEARCH;chat-latest;2;SDN-10.7802-2863;Improving science literacy in the newsroom: Experimental evidence — replication package;https://osf.io/vqszt/;;0;0;0;0;0;False;unmatched;unmatched
V2;65;V2_TOPIC_COUNTRY_TIME_SINGLE_TOPIC;WEB_SEARCH;chat-latest;1;SDN-10.7802-2863;DeTox-Dataset;https://zenodo.org/records/16942994;;0;0;0;0;0;False;unmatched;unmatched
V2;65;V2_TOPIC_COUNTRY_TIME_SINGLE_TOPIC;WEB_SEARCH;chat-latest;2;SDN-10.7802-2863;Twitter accounts of candidates in the German federal election 2021 (GLES);https://doi.org/10.4232/1.14233;ZA7721;0;0;0;0;0;True;doi;title_exact
V2;65;V2_TOPIC_COUNTRY_TIME_SINGLE_TOPIC;WEB_SEARCH;chat-latest;3;SDN-10.7802-2863;European Parliament Election 2024: German Candidates Social Media Activities;https://access.gesis.org/dbk/78303;ZA8917;0;0;0;0;1;False;title_exact;title_exact
V2;65;V2_TOPIC_COUNTRY_TIME_SINGLE_TOPIC;WEB_SEARCH;chat-latest;4;SDN-10.7802-2863;Social Media Accounts of Candidates from the German Federal Election 2025;https://access.gesis.org/dbk/80189;ZA9076;0;0;0;0;0;False;title_exact;title_exact
V2;65;V2_TOPIC_COUNTRY_TIME_SINGLE_TOPIC;WEB_SEARCH;chat-latest;5;SDN-10.7802-2863;GLES Tracking Oktober 2024;https://access.gesis.org/dbk/78342;ZA10002;0;0;0;0;1;False;title_fuzzy;title_fuzzy
V2;65;V2_TOPIC_COUNTRY_TIME_SINGLE_TOPIC;WEB_SEARCH;chat-latest;6;SDN-10.7802-2863;GLES Kandidierendenstudie Europawahl 2024;https://access.gesis.org/dbk/78320;;0;0;0;0;0;False;unmatched;unmatched
V2;65;V2_TOPIC_COUNTRY_TIME_SINGLE_TOPIC;WEB_SEARCH;chat-latest;7;SDN-10.7802-2863;A German Language Labeled Dataset of Tweets;https://zenodo.org/records/10053508;;0;0;0;0;0;False;unmatched;unmatched
V2;65;V2_TOPIC_COUNTRY_TIME_SINGLE_TOPIC;WEB_SEARCH;chat-latest;8;SDN-10.7802-2863;Comprehensive Collection of English, German, Russian and Ukrainian Tweets Containing the Word or Hashtag Ukraine During the Russian Invasion, February 2022 until May 2023;https://zenodo.org/records/10930822;;0;0;0;0;0;False;unmatched;unmatched
V2;65;V2_TOPIC_COUNTRY_TIME_SINGLE_TOPIC;WEB_SEARCH;chat-latest;9;SDN-10.7802-2863;CREXWET: CREdata-Weather-Emergency-Twitter;https://zenodo.org/records/17950332;;0;0;0;0;0;False;unmatched;unmatched
V2;66;V2_TOPIC_COUNTRY_TIME_SINGLE_TOPIC;WEB_SEARCH;chat-latest;1;SDN-10.7802-2863;German News Dataset;https://www.kaggle.com/datasets/pqbsbk/german-news-dataset/data;ZA4182;0;0;0;0;0;False;title_fuzzy;title_fuzzy
V2;66;V2_TOPIC_COUNTRY_TIME_SINGLE_TOPIC;WEB_SEARCH;chat-latest;2;SDN-10.7802-2863;A geolocated dataset of German news articles;https://doi.org/10.22029/jlupub-19573;;0;0;0;0;0;False;unmatched;unmatched
V2;66;V2_TOPIC_COUNTRY_TIME_SINGLE_TOPIC;WEB_SEARCH;chat-latest;3;SDN-10.7802-2863;Leipzig Corpora Collection — German News Corpora;https://wortschatz.uni-leipzig.de/en/download/deu;;0;0;0;0;0;False;unmatched;unmatched
V2;66;V2_TOPIC_COUNTRY_TIME_SINGLE_TOPIC;WEB_SEARCH;chat-latest;4;SDN-10.7802-2863;GDELT 2.0;https://gdeltproject.org/data.html;;0;0;0;0;0;False;unmatched;unmatched
V2;66;V2_TOPIC_COUNTRY_TIME_SINGLE_TOPIC;WEB_SEARCH;chat-latest;5;SDN-10.7802-2863;LeiKo — Comparable Corpus of German Easy-to-Read News Texts;https://live.european-language-grid.eu/catalogue/corpus/22646;;0;0;0;0;0;False;unmatched;unmatched
V3;1;V3_TITLE_ONLY;WEB_SEARCH;chat-latest;1;ZA8832;German General Social Survey ALLBUS 2023;https://doi.org/10.4232/1.14480;ZA8830;0;0;0;0;0;False;title_exact;title_exact
V3;2;V3_TITLE_ONLY;WEB_SEARCH;chat-latest;1;ZA10010;International Social Survey Programme: National Identity & Citizenship - ISSP 2023;https://doi.org/10.4232/1.14420;ZA8879;0;0;1;0;0;True;doi;title_exact
V3;3;V3_TITLE_ONLY;WEB_SEARCH;chat-latest;1;ZA7500;European Values Study 2017: Integrated Dataset (EVS 2017);https://doi.org/10.4232/1.13897;ZA7500;1;1;1;1;1;True;doi;title_exact
V3;4;V3_TITLE_ONLY;WEB_SEARCH;chat-latest;1;ZA9144;Standard Eurobarometer 105: Eurobarometer 105.2 (2026);https://www.gesis.org/en/eurobarometer-data-service/data-and-documentation/standard-special-eb/study-overview/eurobarometer-1052-za9144-march-april-2026;ZA9144;1;1;1;1;1;True;dataset_id;title_exact
V3;5;V3_TITLE_ONLY;WEB_SEARCH;chat-latest;1;ZA9151;Politbarometer 2025 (Cumulated Data Set);https://doi.org/10.4232/1.14379;ZA7802;0;0;0;0;0;True;doi;title_fuzzy
V3;6;V3_TITLE_ONLY;WEB_SEARCH;chat-latest;1;ZA9085;German Longitudinal Environmental Study (GLEN);https://doi.org/10.7802/2425;ZA9085;0;1;1;0;1;False;title_exact;title_exact
V3;7;V3_TITLE_ONLY;WEB_SEARCH;chat-latest;1;ZA5665;GESIS Panel.pop Population Sample – Standard Edition;https://doi.org/10.4232/1.14772;ZA5665;0;1;1;0;1;False;title_exact;title_exact
V3;8;V3_TITLE_ONLY;WEB_SEARCH;chat-latest;1;SDN-10.7802-2985;Tweetplomacy 23 – An Annotated Collection of Tweets Outlining Strategies of Political Risk Communication during Global Crises (2018-2023);https://doi.org/10.7802/2860;SDN-10.7802-2985;1;1;0;1;1;True;doi;title_exact
V3;9;V3_TITLE_ONLY;WEB_SEARCH;chat-latest;1;SDN-10.7802-2620;ClaimsKG - A Knowledge Graph of Fact-Checked Claims (January, 2023);https://doi.org/10.5281/zenodo.7572891;SDN-10.7802-2620;0;1;1;0;1;False;title_exact;title_exact
V3;10;V3_TITLE_ONLY;WEB_SEARCH;chat-latest;1;SDN-10.7802-2863;News on TikTok: An Annotated Dataset of TikTok Videos from German-Speaking News Outlets in 2023;;SDN-10.7802-2863;0;1;1;0;1;False;title_exact;title_exact
V6;1;V6_TOPIC_COUNTRY_TIME_ABSTRACT_NATURAL_LANGUAGE;WEB_SEARCH;chat-latest;1;ZA7500;European Values Study (EVS) Trend File 1981-2017 (ZA7503);https://doi.org/10.4232/1.14021;ZA7503;0;0;0;1;1;True;doi;title_fuzzy
V6;1;V6_TOPIC_COUNTRY_TIME_ABSTRACT_NATURAL_LANGUAGE;WEB_SEARCH;chat-latest;2;ZA7500;European Values Study 2017: Integrated Dataset (ZA7500);https://doi.org/10.4232/1.13897;ZA7500;1;1;1;1;1;True;doi;title_fuzzy
V6;1;V6_TOPIC_COUNTRY_TIME_ABSTRACT_NATURAL_LANGUAGE;WEB_SEARCH;chat-latest;3;ZA7500;Joint EVS/WVS 2017-2022 Dataset (ZA7505);https://www.gesis.org/en/european-values-study/data-and-documentation/joint-evs/wvs-2017-2022-dataset;ZA7505;0;0;0;0;1;False;title_fuzzy;title_fuzzy
V6;1;V6_TOPIC_COUNTRY_TIME_ABSTRACT_NATURAL_LANGUAGE;WEB_SEARCH;chat-latest;4;ZA7500;World Values Survey Time Series 1981-2022;https://doi.org/10.14281/18241.22;;0;0;0;0;0;False;unmatched;unmatched
V6;1;V6_TOPIC_COUNTRY_TIME_ABSTRACT_NATURAL_LANGUAGE;WEB_SEARCH;chat-latest;5;ZA7500;Integrated Values Surveys (EVS/WVS Trend 1981-2022);https://www.worldvaluessurvey.org/WVSEVStrend.jsp;;0;0;0;0;0;False;unmatched;unmatched
V6;1;V6_TOPIC_COUNTRY_TIME_ABSTRACT_NATURAL_LANGUAGE;WEB_SEARCH;chat-latest;6;ZA7500;European Social Survey (ESS) Data Portal;https://www.europeansocialsurvey.org/data-portal;ZA5145;0;0;0;0;0;False;title_fuzzy;title_fuzzy
V6;1;V6_TOPIC_COUNTRY_TIME_ABSTRACT_NATURAL_LANGUAGE;WEB_SEARCH;chat-latest;7;ZA7500;ISSP Family and Changing Gender Roles I-V Cumulation, 1988/1994/2002/2012/2022 (ZA8795);https://www.gesis.org/en/issp/data-and-documentation/family-and-changing-gender-roles/cumulation;;0;0;0;0;0;False;unmatched;unmatched
V6;1;V6_TOPIC_COUNTRY_TIME_ABSTRACT_NATURAL_LANGUAGE;WEB_SEARCH;chat-latest;8;ZA7500;ISSP Family and Changing Gender Roles IV 2012 (ZA5900);https://doi.org/10.4232/1.12661;ZA5900;0;0;0;0;0;True;doi;title_fuzzy
V6;1;V6_TOPIC_COUNTRY_TIME_ABSTRACT_NATURAL_LANGUAGE;WEB_SEARCH;chat-latest;9;ZA7500;ISSP Work Orientations I-IV Cumulation, 1989/1997/2005/2015 (ZA8797);https://doi.org/10.4232/1.14391;ZA8797;0;0;0;0;0;True;doi;unmatched
V6;1;V6_TOPIC_COUNTRY_TIME_ABSTRACT_NATURAL_LANGUAGE;WEB_SEARCH;chat-latest;10;ZA7500;ISSP Work Orientations IV 2015 (ZA6770);https://doi.org/10.4232/1.12848;ZA6770;0;0;0;0;0;True;doi;title_fuzzy
V6;1;V6_TOPIC_COUNTRY_TIME_ABSTRACT_NATURAL_LANGUAGE;WEB_SEARCH;chat-latest;11;ZA7500;ISSP Religion I-IV Cumulation, 1991/1998/2008/2018 (ZA8792);https://doi.org/10.4232/1.14482;ZA8792;0;0;0;0;0;True;doi;unmatched
V6;1;V6_TOPIC_COUNTRY_TIME_ABSTRACT_NATURAL_LANGUAGE;WEB_SEARCH;chat-latest;12;ZA7500;ISSP Religion IV 2018 (ZA7570);https://doi.org/10.4232/1.13629;ZA7570;0;0;0;1;1;True;doi;title_fuzzy
V6;1;V6_TOPIC_COUNTRY_TIME_ABSTRACT_NATURAL_LANGUAGE;WEB_SEARCH;chat-latest;13;ZA7500;ISSP Environment I-IV Cumulation, 1993/2000/2010/2020 (ZA8793);https://doi.org/10.4232/1.14767;;0;0;0;0;0;False;unmatched;unmatched
V6;1;V6_TOPIC_COUNTRY_TIME_ABSTRACT_NATURAL_LANGUAGE;WEB_SEARCH;chat-latest;14;ZA7500;ISSP Environment IV 2020 (ZA7650);https://doi.org/10.4232/1.14153;ZA7650;0;0;0;1;1;True;doi;title_fuzzy
V6;1;V6_TOPIC_COUNTRY_TIME_ABSTRACT_NATURAL_LANGUAGE;WEB_SEARCH;chat-latest;15;ZA7500;ISSP National Identity I-III Cumulation, 1995/2003/2013 (ZA5960);https://doi.org/10.4232/1.13471;ZA5960;0;0;0;0;0;True;doi;unmatched
V6;1;V6_TOPIC_COUNTRY_TIME_ABSTRACT_NATURAL_LANGUAGE;WEB_SEARCH;chat-latest;16;ZA7500;ISSP National Identity and Citizenship 2023 (ZA10010);https://doi.org/10.4232/5.ZA10010.1.0.0;ZA10010;0;0;0;1;1;True;doi;title_fuzzy
V6;2;V6_TOPIC_COUNTRY_TIME_ABSTRACT_NATURAL_LANGUAGE;WEB_SEARCH;chat-latest;1;ZA9151;GLES Rolling Cross-Section 2025 (ZA10101);https://doi.org/10.4232/5.ZA10101.3.0.0;ZA10101;0;0;0;1;1;False;dataset_id;title_exact
V6;2;V6_TOPIC_COUNTRY_TIME_ABSTRACT_NATURAL_LANGUAGE;WEB_SEARCH;chat-latest;2;ZA9151;GLES Cross-Section 2025, Post-Election (ZA10100);https://access.gesis.org/dbk/79270;ZA7701;0;0;0;0;0;False;title_fuzzy;title_fuzzy
V6;2;V6_TOPIC_COUNTRY_TIME_ABSTRACT_NATURAL_LANGUAGE;WEB_SEARCH;chat-latest;3;ZA9151;GLES Panel 2025, Wave 29 (ZA10118);https://doi.org/10.4232/5.ZA10118.1.0.0;ZA10118;0;0;0;1;1;True;doi;title_exact
V6;2;V6_TOPIC_COUNTRY_TIME_ABSTRACT_NATURAL_LANGUAGE;WEB_SEARCH;chat-latest;4;ZA9151;GLES Panel 2025, Wave 30 (ZA10119);https://doi.org/10.4232/5.ZA10119.1.0.0;ZA10119;0;0;0;1;1;True;doi;title_exact
V6;2;V6_TOPIC_COUNTRY_TIME_ABSTRACT_NATURAL_LANGUAGE;WEB_SEARCH;chat-latest;5;ZA9151;GLES Tracking February 2025, T60 (ZA10105);https://doi.org/10.4232/5.ZA10105.2.0.0;ZA10105;0;0;0;1;1;False;dataset_id;title_exact
V6;3;V6_TOPIC_COUNTRY_TIME_ABSTRACT_NATURAL_LANGUAGE;WEB_SEARCH;chat-latest;1;ZA9085;German Longitudinal Environmental Study (GLEN), Release 1.0;https://doi.org/10.4232/1.14731;ZA9085;1;1;1;1;1;True;doi;title_fuzzy
V6;4;V6_TOPIC_COUNTRY_TIME_ABSTRACT_NATURAL_LANGUAGE;WEB_SEARCH;chat-latest;1;ZA5665;"GESIS Panel.pop Population Sample – Standard Edition (ZA5665; Version 62.0.0)";https://doi.org/10.4232/1.14772;ZA5665;0;1;1;0;1;False;title_exact;title_exact
V6;4;V6_TOPIC_COUNTRY_TIME_ABSTRACT_NATURAL_LANGUAGE;WEB_SEARCH;chat-latest;2;ZA5665;"GESIS Panel.pop Population Sample – Extended Edition (ZA5664; Version 62.0.0)";https://doi.org/10.4232/1.14771;ZA5664;0;0;0;0;1;False;title_exact;title_exact
V6;4;V6_TOPIC_COUNTRY_TIME_ABSTRACT_NATURAL_LANGUAGE;WEB_SEARCH;chat-latest;3;ZA5665;"GESIS Panel Special Survey on the Coronavirus SARS-CoV-2 Outbreak in Germany (ZA5667; Version 1.1.0)";https://doi.org/10.4232/1.13520;ZA5667;0;0;0;1;1;True;doi;title_fuzzy
V6;5;V6_TOPIC_COUNTRY_TIME_ABSTRACT_NATURAL_LANGUAGE;WEB_SEARCH;chat-latest;1;SDN-10.7802-2863;News on TikTok: An Annotated Dataset of TikTok Videos from German-Speaking News Outlets in 2023;https://doi.org/10.7802/2863;SDN-10.7802-2819;0;0;1;1;1;True;doi;title_exact
