query_id,query_variant,source_dataset_id,source_title,query_text,query_topics,query_countries,query_time_collection_years,relevant_dataset_id,relevant_title,relevant_topic,relevant_country,relevant_time_collection_years
1,V2_TOPIC_COUNTRY_TIME_SINGLE_TOPIC,ZA0840,"Federal Parliament Election 1972 (Panel: 2nd Wave, October 1971 - January 1972)",Can you find GESIS datasets about Political behaviour and attitudes in Germany during the 1970s?,"[""Political behaviour and attitudes""]","[""Germany""]","[""1971"", ""1972""]",ZA0840,"Federal Parliament Election 1972 (Panel: 2nd Wave, October 1971 - January 1972)",,"[""Germany""]",
2,V2_TOPIC_COUNTRY_TIME_SINGLE_TOPIC,ZA0840,"Federal Parliament Election 1972 (Panel: 2nd Wave, October 1971 - January 1972)","Can you find GESIS datasets about Government, political systems and organisations in Germany during the 1970s?","[""Government, political systems and organisations""]","[""Germany""]","[""1971"", ""1972""]",ZA0840,"Federal Parliament Election 1972 (Panel: 2nd Wave, October 1971 - January 1972)",,"[""Germany""]",
3,V2_TOPIC_COUNTRY_TIME_SINGLE_TOPIC,ZA0840,"Federal Parliament Election 1972 (Panel: 2nd Wave, October 1971 - January 1972)",Can you find GESIS datasets about Elections in Germany during the 1970s?,"[""Elections""]","[""Germany""]","[""1971"", ""1972""]",ZA0840,"Federal Parliament Election 1972 (Panel: 2nd Wave, October 1971 - January 1972)",,"[""Germany""]",
4,V2_TOPIC_COUNTRY_TIME_SINGLE_TOPIC,ZA0529,Political Socialization in Pre-School Age,Can you find GESIS datasets about Compulsory and pre-school education in Hesse during the 1960s?,"[""Compulsory and pre-school education""]","[""Hesse""]","[""1969"", ""1969""]",ZA0529,Political Socialization in Pre-School Age,,,
5,V2_TOPIC_COUNTRY_TIME_SINGLE_TOPIC,ZA0529,Political Socialization in Pre-School Age,Can you find GESIS datasets about Children in Hesse during the 1960s?,"[""Children""]","[""Hesse""]","[""1969"", ""1969""]",ZA0529,Political Socialization in Pre-School Age,,,
6,V2_TOPIC_COUNTRY_TIME_SINGLE_TOPIC,ZA8194,Social Change and Violent Crime,"Can you find GESIS datasets about HISTORY in Germany, England, Sweden, and United States of America during the 1950s and 1960s and 1970s and 1980s and 1990s and 2000s?","[""HISTORY""]","[""Germany"", ""England"", ""Sweden"", ""United States of America""]","[""1950"", ""2004""]",ZA8194,Social Change and Violent Crime,,"[""Germany"", ""Sweden"", ""United States of America""]",
7,V2_TOPIC_COUNTRY_TIME_SINGLE_TOPIC,ZA0590,Political Situation in West Berlin (Young People from the GDR),Can you find GESIS datasets about Social conditions and indicators in Berlin during the 1950s?,"[""Social conditions and indicators""]","[""Berlin""]","[""1955"", ""1955""]",ZA0590,Political Situation in West Berlin (Young People from the GDR),,,
8,V2_TOPIC_COUNTRY_TIME_SINGLE_TOPIC,ZA0590,Political Situation in West Berlin (Young People from the GDR),Can you find GESIS datasets about Political behaviour and attitudes in Berlin during the 1950s?,"[""Political behaviour and attitudes""]","[""Berlin""]","[""1955"", ""1955""]",ZA0590,Political Situation in West Berlin (Young People from the GDR),,,
9,V2_TOPIC_COUNTRY_TIME_SINGLE_TOPIC,ZA0590,Political Situation in West Berlin (Young People from the GDR),Can you find GESIS datasets about Youth in Berlin during the 1950s?,"[""Youth""]","[""Berlin""]","[""1955"", ""1955""]",ZA0590,Political Situation in West Berlin (Young People from the GDR),,,
10,V2_TOPIC_COUNTRY_TIME_SINGLE_TOPIC,ZA0590,Political Situation in West Berlin (Young People from the GDR),Can you find GESIS datasets about Economic systems and development in Berlin during the 1950s?,"[""Economic systems and development""]","[""Berlin""]","[""1955"", ""1955""]",ZA0590,Political Situation in West Berlin (Young People from the GDR),,,
11,V2_TOPIC_COUNTRY_TIME_SINGLE_TOPIC,ZA6621,General Public´s Trust in Politics,Can you find GESIS datasets about Media in Germany during the 2010s?,"[""Media""]","[""Germany""]","[""2016"", ""2016""]",ZA6621,General Public´s Trust in Politics,,"[""Germany""]",
12,V2_TOPIC_COUNTRY_TIME_SINGLE_TOPIC,ZA6621,General Public´s Trust in Politics,Can you find GESIS datasets about POLITICS in Germany during the 2010s?,"[""POLITICS""]","[""Germany""]","[""2016"", ""2016""]",ZA6621,General Public´s Trust in Politics,,"[""Germany""]",
13,V2_TOPIC_COUNTRY_TIME_SINGLE_TOPIC,ZA6621,General Public´s Trust in Politics,Can you find GESIS datasets about Political behaviour and attitudes in Germany during the 2010s?,"[""Political behaviour and attitudes""]","[""Germany""]","[""2016"", ""2016""]",ZA6621,General Public´s Trust in Politics,,"[""Germany""]",
14,V2_TOPIC_COUNTRY_TIME_SINGLE_TOPIC,ZA6621,General Public´s Trust in Politics,"Can you find GESIS datasets about Government, political systems and organisations in Germany during the 2010s?","[""Government, political systems and organisations""]","[""Germany""]","[""2016"", ""2016""]",ZA6621,General Public´s Trust in Politics,,"[""Germany""]",
15,V2_TOPIC_COUNTRY_TIME_SINGLE_TOPIC,ZA7315,Sofortresonanzen DDR Fernsehen 5. Woche 1988 (SFR 5/88),Can you find GESIS datasets about Media in German Democratic Republic (1949-1990) during the 1980s?,"[""Media""]","[""German Democratic Republic (1949-1990)""]","[""1988"", ""1988""]",ZA7315,Sofortresonanzen DDR Fernsehen 5. Woche 1988 (SFR 5/88),,,
16,V2_TOPIC_COUNTRY_TIME_SINGLE_TOPIC,ZA6865,Second European Survey of Enterprises on New and Emerging Risks 2014 (ESENER-2),"Can you find GESIS datasets about Working conditions in Belgium, Denmark, Germany, Greece, Spain, Finland, France, Ireland, Italy, Luxembourg, Netherlands, Austria, Portugal, Sweden, United Kingdom, Bulgaria, Cyprus, Czech Republic, Estonia, Hungary, Latvia, Lithuania, Malta, Poland, Romania, Slovakia, Slovenia, Turkey, Croatia, Switzerland, Norway, Albania, Iceland, Montenegro, North Macedonia, and Serbia during the 2010s?","[""Working conditions""]","[""Belgium"", ""Denmark"", ""Germany"", ""Greece"", ""Spain"", ""Finland"", ""France"", ""Ireland"", ""Italy"", ""Luxembourg"", ""Netherlands"", ""Austria"", ""Portugal"", ""Sweden"", ""United Kingdom"", ""Bulgaria"", ""Cyprus"", ""Czech Republic"", ""Estonia"", ""Hungary"", ""Latvia"", ""Lithuania"", ""Malta"", ""Poland"", ""Romania"", ""Slovakia"", ""Slovenia"", ""Turkey"", ""Croatia"", ""Switzerland"", ""Norway"", ""Albania"", ""Iceland"", ""Montenegro"", ""North Macedonia"", ""Serbia""]","[""2014"", ""2014""]",ZA6865,Second European Survey of Enterprises on New and Emerging Risks 2014 (ESENER-2),,"[""Belgium"", ""Denmark"", ""Germany"", ""Greece"", ""Spain"", ""Finland"", ""France"", ""Ireland"", ""Italy"", ""Luxembourg"", ""Netherlands"", ""Austria"", ""Portugal"", ""Sweden"", ""United Kingdom"", ""Bulgaria"", ""Cyprus"", ""Czech Republic"", ""Estonia"", ""Hungary"", ""Latvia"", ""Lithuania"", ""Malta"", ""Poland"", ""Romania"", ""Slovakia"", ""Slovenia"", ""Turkey"", ""Croatia"", ""Switzerland"", ""Norway"", ""Albania"", ""Iceland"", ""Montenegro"", ""North Macedonia"", ""Serbia""]",
17,V2_TOPIC_COUNTRY_TIME_SINGLE_TOPIC,ZA6865,Second European Survey of Enterprises on New and Emerging Risks 2014 (ESENER-2),"Can you find GESIS datasets about Occupational health in Belgium, Denmark, Germany, Greece, Spain, Finland, France, Ireland, Italy, Luxembourg, Netherlands, Austria, Portugal, Sweden, United Kingdom, Bulgaria, Cyprus, Czech Republic, Estonia, Hungary, Latvia, Lithuania, Malta, Poland, Romania, Slovakia, Slovenia, Turkey, Croatia, Switzerland, Norway, Albania, Iceland, Montenegro, North Macedonia, and Serbia during the 2010s?","[""Occupational health""]","[""Belgium"", ""Denmark"", ""Germany"", ""Greece"", ""Spain"", ""Finland"", ""France"", ""Ireland"", ""Italy"", ""Luxembourg"", ""Netherlands"", ""Austria"", ""Portugal"", ""Sweden"", ""United Kingdom"", ""Bulgaria"", ""Cyprus"", ""Czech Republic"", ""Estonia"", ""Hungary"", ""Latvia"", ""Lithuania"", ""Malta"", ""Poland"", ""Romania"", ""Slovakia"", ""Slovenia"", ""Turkey"", ""Croatia"", ""Switzerland"", ""Norway"", ""Albania"", ""Iceland"", ""Montenegro"", ""North Macedonia"", ""Serbia""]","[""2014"", ""2014""]",ZA6865,Second European Survey of Enterprises on New and Emerging Risks 2014 (ESENER-2),,"[""Belgium"", ""Denmark"", ""Germany"", ""Greece"", ""Spain"", ""Finland"", ""France"", ""Ireland"", ""Italy"", ""Luxembourg"", ""Netherlands"", ""Austria"", ""Portugal"", ""Sweden"", ""United Kingdom"", ""Bulgaria"", ""Cyprus"", ""Czech Republic"", ""Estonia"", ""Hungary"", ""Latvia"", ""Lithuania"", ""Malta"", ""Poland"", ""Romania"", ""Slovakia"", ""Slovenia"", ""Turkey"", ""Croatia"", ""Switzerland"", ""Norway"", ""Albania"", ""Iceland"", ""Montenegro"", ""North Macedonia"", ""Serbia""]",
18,V2_TOPIC_COUNTRY_TIME_SINGLE_TOPIC,ZA0682,Family Planning as Health Task,Can you find GESIS datasets about Reproductive health in Germany during the 1970s?,"[""Reproductive health""]","[""Germany""]","[""1972"", ""1972""]",ZA0682,Family Planning as Health Task,,"[""Germany""]",
19,V2_TOPIC_COUNTRY_TIME_SINGLE_TOPIC,ZA6370,Partnership Conflicts and Psychosomatic Gynecological Illnesses 1988/89 (Additional Survey: Sterile Women),Can you find GESIS datasets about Employment in German Democratic Republic (1949-1990) during the 1980s?,"[""Employment""]","[""German Democratic Republic (1949-1990)""]","[""1988"", ""1989""]",ZA6370,Partnership Conflicts and Psychosomatic Gynecological Illnesses 1988/89 (Additional Survey: Sterile Women),,,
20,V2_TOPIC_COUNTRY_TIME_SINGLE_TOPIC,ZA6370,Partnership Conflicts and Psychosomatic Gynecological Illnesses 1988/89 (Additional Survey: Sterile Women),"Can you find GESIS datasets about Leisure, tourism and sport in German Democratic Republic (1949-1990) during the 1980s?","[""Leisure, tourism and sport""]","[""German Democratic Republic (1949-1990)""]","[""1988"", ""1989""]",ZA6370,Partnership Conflicts and Psychosomatic Gynecological Illnesses 1988/89 (Additional Survey: Sterile Women),,,
21,V2_TOPIC_COUNTRY_TIME_SINGLE_TOPIC,ZA6370,Partnership Conflicts and Psychosomatic Gynecological Illnesses 1988/89 (Additional Survey: Sterile Women),Can you find GESIS datasets about Reproductive health in German Democratic Republic (1949-1990) during the 1980s?,"[""Reproductive health""]","[""German Democratic Republic (1949-1990)""]","[""1988"", ""1989""]",ZA6370,Partnership Conflicts and Psychosomatic Gynecological Illnesses 1988/89 (Additional Survey: Sterile Women),,,
22,V2_TOPIC_COUNTRY_TIME_SINGLE_TOPIC,ZA6370,Partnership Conflicts and Psychosomatic Gynecological Illnesses 1988/89 (Additional Survey: Sterile Women),"Can you find GESIS datasets about Specific diseases, disorders and medical conditions in German Democratic Republic (1949-1990) during the 1980s?","[""Specific diseases, disorders and medical conditions""]","[""German Democratic Republic (1949-1990)""]","[""1988"", ""1989""]",ZA6370,Partnership Conflicts and Psychosomatic Gynecological Illnesses 1988/89 (Additional Survey: Sterile Women),,,
23,V2_TOPIC_COUNTRY_TIME_SINGLE_TOPIC,ZA6370,Partnership Conflicts and Psychosomatic Gynecological Illnesses 1988/89 (Additional Survey: Sterile Women),Can you find GESIS datasets about Family life and marriage in German Democratic Republic (1949-1990) during the 1980s?,"[""Family life and marriage""]","[""German Democratic Republic (1949-1990)""]","[""1988"", ""1989""]",ZA6370,Partnership Conflicts and Psychosomatic Gynecological Illnesses 1988/89 (Additional Survey: Sterile Women),,,
24,V2_TOPIC_COUNTRY_TIME_SINGLE_TOPIC,ZA6370,Partnership Conflicts and Psychosomatic Gynecological Illnesses 1988/89 (Additional Survey: Sterile Women),Can you find GESIS datasets about Gender and gender roles in German Democratic Republic (1949-1990) during the 1980s?,"[""Gender and gender roles""]","[""German Democratic Republic (1949-1990)""]","[""1988"", ""1989""]",ZA6370,Partnership Conflicts and Psychosomatic Gynecological Illnesses 1988/89 (Additional Survey: Sterile Women),,,
25,V2_TOPIC_COUNTRY_TIME_SINGLE_TOPIC,ZA2235,Sexual Conduct of Men and Women in the Federal Republic of Germany 1989,Can you find GESIS datasets about Reproductive health in Germany during the 1980s?,"[""Reproductive health""]","[""Germany""]","[""1989"", ""1989""]",ZA2235,Sexual Conduct of Men and Women in the Federal Republic of Germany 1989,,"[""Germany""]",
26,V2_TOPIC_COUNTRY_TIME_SINGLE_TOPIC,ZA2235,Sexual Conduct of Men and Women in the Federal Republic of Germany 1989,"Can you find GESIS datasets about Specific diseases, disorders and medical conditions in Germany during the 1980s?","[""Specific diseases, disorders and medical conditions""]","[""Germany""]","[""1989"", ""1989""]",ZA2235,Sexual Conduct of Men and Women in the Federal Republic of Germany 1989,,"[""Germany""]",
27,V2_TOPIC_COUNTRY_TIME_SINGLE_TOPIC,ZA2235,Sexual Conduct of Men and Women in the Federal Republic of Germany 1989,Can you find GESIS datasets about Family life and marriage in Germany during the 1980s?,"[""Family life and marriage""]","[""Germany""]","[""1989"", ""1989""]",ZA2235,Sexual Conduct of Men and Women in the Federal Republic of Germany 1989,,"[""Germany""]",
28,V2_TOPIC_COUNTRY_TIME_SINGLE_TOPIC,ZA8413,"""Arma sunt necessaria"" (Arms are necessary) Guns, Gun Culture and Cultural Origins of the Second Amendment to the U.S. Constitution",Can you find GESIS datasets about HISTORY in South Carolina and Massachusetts during the 1730s and 1740s and 1750s and 1760s and 1770s and 1780s and 1790s?,"[""HISTORY""]","[""South Carolina"", ""Massachusetts""]","[""1732"", ""1791""]",ZA8413,"""Arma sunt necessaria"" (Arms are necessary) Guns, Gun Culture and Cultural Origins of the Second Amendment to the U.S. Constitution",,,
29,V2_TOPIC_COUNTRY_TIME_SINGLE_TOPIC,ZA1296,A Survey of Europe Today (Finland),"Can you find GESIS datasets about Leisure, tourism and sport in Finland during the 1960s?","[""Leisure, tourism and sport""]","[""Finland""]","[""1969"", ""1969""]",ZA1296,A Survey of Europe Today (Finland),,"[""Finland""]",
30,V2_TOPIC_COUNTRY_TIME_SINGLE_TOPIC,ZA1296,A Survey of Europe Today (Finland),Can you find GESIS datasets about Social behaviour and attitudes in Finland during the 1960s?,"[""Social behaviour and attitudes""]","[""Finland""]","[""1969"", ""1969""]",ZA1296,A Survey of Europe Today (Finland),,"[""Finland""]",
31,V2_TOPIC_COUNTRY_TIME_SINGLE_TOPIC,ZA1296,A Survey of Europe Today (Finland),Can you find GESIS datasets about Media in Finland during the 1960s?,"[""Media""]","[""Finland""]","[""1969"", ""1969""]",ZA1296,A Survey of Europe Today (Finland),,"[""Finland""]",
32,V2_TOPIC_COUNTRY_TIME_SINGLE_TOPIC,ZA1296,A Survey of Europe Today (Finland),Can you find GESIS datasets about TRANSPORT AND TRAVEL in Finland during the 1960s?,"[""TRANSPORT AND TRAVEL""]","[""Finland""]","[""1969"", ""1969""]",ZA1296,A Survey of Europe Today (Finland),,"[""Finland""]",
33,V2_TOPIC_COUNTRY_TIME_SINGLE_TOPIC,ZA1296,A Survey of Europe Today (Finland),Can you find GESIS datasets about Consumption and consumer behaviour in Finland during the 1960s?,"[""Consumption and consumer behaviour""]","[""Finland""]","[""1969"", ""1969""]",ZA1296,A Survey of Europe Today (Finland),,"[""Finland""]",
34,V2_TOPIC_COUNTRY_TIME_SINGLE_TOPIC,ZA1296,A Survey of Europe Today (Finland),Can you find GESIS datasets about Economic systems and development in Finland during the 1960s?,"[""Economic systems and development""]","[""Finland""]","[""1969"", ""1969""]",ZA1296,A Survey of Europe Today (Finland),,"[""Finland""]",
35,V2_TOPIC_COUNTRY_TIME_SINGLE_TOPIC,ZA1296,A Survey of Europe Today (Finland),Can you find GESIS datasets about Economic conditions and indicators in Finland during the 1960s?,"[""Economic conditions and indicators""]","[""Finland""]","[""1969"", ""1969""]",ZA1296,A Survey of Europe Today (Finland),,"[""Finland""]",
36,V2_TOPIC_COUNTRY_TIME_SINGLE_TOPIC,ZA1458,College Education and Profession,Can you find GESIS datasets about Employment in Bavaria during the 1970s?,"[""Employment""]","[""Bavaria""]","[""1975"", ""1975""]",ZA1458,College Education and Profession,,,
37,V2_TOPIC_COUNTRY_TIME_SINGLE_TOPIC,ZA1458,College Education and Profession,Can you find GESIS datasets about Higher and further education in Bavaria during the 1970s?,"[""Higher and further education""]","[""Bavaria""]","[""1975"", ""1975""]",ZA1458,College Education and Profession,,,
38,V2_TOPIC_COUNTRY_TIME_SINGLE_TOPIC,ZA3222,50 Years Federal Republic of Germany,Can you find GESIS datasets about Social conditions and indicators in Germany during the 1990s?,"[""Social conditions and indicators""]","[""Germany""]","[""1999"", ""1999""]",ZA3222,50 Years Federal Republic of Germany,,"[""Germany""]",
39,V2_TOPIC_COUNTRY_TIME_SINGLE_TOPIC,ZA3222,50 Years Federal Republic of Germany,Can you find GESIS datasets about Political behaviour and attitudes in Germany during the 1990s?,"[""Political behaviour and attitudes""]","[""Germany""]","[""1999"", ""1999""]",ZA3222,50 Years Federal Republic of Germany,,"[""Germany""]",
40,V2_TOPIC_COUNTRY_TIME_SINGLE_TOPIC,ZA3222,50 Years Federal Republic of Germany,"Can you find GESIS datasets about Government, political systems and organisations in Germany during the 1990s?","[""Government, political systems and organisations""]","[""Germany""]","[""1999"", ""1999""]",ZA3222,50 Years Federal Republic of Germany,,"[""Germany""]",
41,V2_TOPIC_COUNTRY_TIME_SINGLE_TOPIC,ZA3222,50 Years Federal Republic of Germany,Can you find GESIS datasets about Elections in Germany during the 1990s?,"[""Elections""]","[""Germany""]","[""1999"", ""1999""]",ZA3222,50 Years Federal Republic of Germany,,"[""Germany""]",
42,V2_TOPIC_COUNTRY_TIME_SINGLE_TOPIC,ZA6262,Future Plans of Young People at Special Schools of Emotional and Social Development,Can you find GESIS datasets about Youth in Germany during the 2010s?,"[""Youth""]","[""Germany""]","[""2017"", ""2019""]",ZA6262,Future Plans of Young People at Special Schools of Emotional and Social Development,,"[""Germany""]",
43,V2_TOPIC_COUNTRY_TIME_SINGLE_TOPIC,ZA6262,Future Plans of Young People at Special Schools of Emotional and Social Development,Can you find GESIS datasets about EDUCATION in Germany during the 2010s?,"[""EDUCATION""]","[""Germany""]","[""2017"", ""2019""]",SDN-10.7802-2106,"Shell Jugendstudie 2019 (Kumulation 2002, 2006, 2010, 2015, 2019)","[""education"", ""youth research"", ""socialization research"", ""political interest"", ""value-orientation"", ""vocational guidance"", ""family planning"", ""media behavior"", ""social inequality""]","[""Germany""]","[""2019"", ""2019""]"
44,V2_TOPIC_COUNTRY_TIME_SINGLE_TOPIC,ZA6262,Future Plans of Young People at Special Schools of Emotional and Social Development,Can you find GESIS datasets about Higher and further education in Germany during the 2010s?,"[""Higher and further education""]","[""Germany""]","[""2017"", ""2019""]",ZA6262,Future Plans of Young People at Special Schools of Emotional and Social Development,,"[""Germany""]",
45,V2_TOPIC_COUNTRY_TIME_SINGLE_TOPIC,ZA6262,Future Plans of Young People at Special Schools of Emotional and Social Development,Can you find GESIS datasets about Migration in Germany during the 2010s?,"[""Migration""]","[""Germany""]","[""2017"", ""2019""]",SDN-10.7802-1955,"Qualifications, Potentials and Life Courses of Syrian Asylum Seekers in Germany","[""migration"", ""integration""]","[""Germany"", ""Bayern""]","[""2017"", ""2017""]"
45,V2_TOPIC_COUNTRY_TIME_SINGLE_TOPIC,ZA6262,Future Plans of Young People at Special Schools of Emotional and Social Development,Can you find GESIS datasets about Migration in Germany during the 2010s?,"[""Migration""]","[""Germany""]","[""2017"", ""2019""]",SDN-10.7802-2588,Bodyrules – Interviews mit Badegästen,"[""Federal Republic of Germany"", ""migration"", ""religion"", ""cultural diversity"", ""clothing"", ""body"", ""regulation"", ""recreational facilities"", ""watersports""]","[""Germany""]","[""2019"", ""2019""]"
45,V2_TOPIC_COUNTRY_TIME_SINGLE_TOPIC,ZA6262,Future Plans of Young People at Special Schools of Emotional and Social Development,Can you find GESIS datasets about Migration in Germany during the 2010s?,"[""Migration""]","[""Germany""]","[""2017"", ""2019""]",SDN-10.7802-1.2007,Bodyrules - Swimming Pool Survey,"[""Federal Republic of Germany"", ""migration"", ""religion"", ""cultural diversity"", ""clothing"", ""body"", ""regulation"", ""recreational facilities"", ""watersports""]","[""Germany""]","[""2018"", ""2018""]"
46,V2_TOPIC_COUNTRY_TIME_SINGLE_TOPIC,ZA6262,Future Plans of Young People at Special Schools of Emotional and Social Development,Can you find GESIS datasets about Social behaviour and attitudes in Germany during the 2010s?,"[""Social behaviour and attitudes""]","[""Germany""]","[""2017"", ""2019""]",ZA6262,Future Plans of Young People at Special Schools of Emotional and Social Development,,"[""Germany""]",
47,V2_TOPIC_COUNTRY_TIME_SINGLE_TOPIC,ZA6262,Future Plans of Young People at Special Schools of Emotional and Social Development,"Can you find GESIS datasets about Leisure, tourism and sport in Germany during the 2010s?","[""Leisure, tourism and sport""]","[""Germany""]","[""2017"", ""2019""]",ZA6262,Future Plans of Young People at Special Schools of Emotional and Social Development,,"[""Germany""]",
48,V2_TOPIC_COUNTRY_TIME_SINGLE_TOPIC,ZA6262,Future Plans of Young People at Special Schools of Emotional and Social Development,Can you find GESIS datasets about Children in Germany during the 2010s?,"[""Children""]","[""Germany""]","[""2017"", ""2019""]",ZA6262,Future Plans of Young People at Special Schools of Emotional and Social Development,,"[""Germany""]",
49,V2_TOPIC_COUNTRY_TIME_SINGLE_TOPIC,ZA6262,Future Plans of Young People at Special Schools of Emotional and Social Development,Can you find GESIS datasets about Family life and marriage in Germany during the 2010s?,"[""Family life and marriage""]","[""Germany""]","[""2017"", ""2019""]",ZA6262,Future Plans of Young People at Special Schools of Emotional and Social Development,,"[""Germany""]",
50,V2_TOPIC_COUNTRY_TIME_SINGLE_TOPIC,ZA3468,Citizen Survey Duisburg (Spring 2000),"Can you find GESIS datasets about Community, urban and rural life in North Rhine-Westphalia during the 2000s?","[""Community, urban and rural life""]","[""North Rhine-Westphalia""]","[""2000"", ""2000""]",ZA3468,Citizen Survey Duisburg (Spring 2000),,,
51,V2_TOPIC_COUNTRY_TIME_SINGLE_TOPIC,ZA3468,Citizen Survey Duisburg (Spring 2000),Can you find GESIS datasets about Cultural activities and participation in North Rhine-Westphalia during the 2000s?,"[""Cultural activities and participation""]","[""North Rhine-Westphalia""]","[""2000"", ""2000""]",ZA3468,Citizen Survey Duisburg (Spring 2000),,,
52,V2_TOPIC_COUNTRY_TIME_SINGLE_TOPIC,ZA3468,Citizen Survey Duisburg (Spring 2000),Can you find GESIS datasets about Political behaviour and attitudes in North Rhine-Westphalia during the 2000s?,"[""Political behaviour and attitudes""]","[""North Rhine-Westphalia""]","[""2000"", ""2000""]",ZA3468,Citizen Survey Duisburg (Spring 2000),,,
53,V2_TOPIC_COUNTRY_TIME_SINGLE_TOPIC,ZA3468,Citizen Survey Duisburg (Spring 2000),"Can you find GESIS datasets about Government, political systems and organisations in North Rhine-Westphalia during the 2000s?","[""Government, political systems and organisations""]","[""North Rhine-Westphalia""]","[""2000"", ""2000""]",ZA3468,Citizen Survey Duisburg (Spring 2000),,,
54,V2_TOPIC_COUNTRY_TIME_SINGLE_TOPIC,ZA3468,Citizen Survey Duisburg (Spring 2000),Can you find GESIS datasets about Housing in North Rhine-Westphalia during the 2000s?,"[""Housing""]","[""North Rhine-Westphalia""]","[""2000"", ""2000""]",ZA3468,Citizen Survey Duisburg (Spring 2000),,,
55,V2_TOPIC_COUNTRY_TIME_SINGLE_TOPIC,ZA2146,Flash Eurobarometer 10 (Managers),"Can you find GESIS datasets about Business/industrial management and organisation in Belgium, Germany, Denmark, France, Greece, Ireland, Italy, Luxembourg, Netherlands, Portugal, Spain, and Great Britain during the 1990s?","[""Business/industrial management and organisation""]","[""Belgium"", ""Germany"", ""Denmark"", ""France"", ""Greece"", ""Ireland"", ""Italy"", ""Luxembourg"", ""Netherlands"", ""Portugal"", ""Spain"", ""Great Britain""]","[""1992"", ""1992""]",ZA2146,Flash Eurobarometer 10 (Managers),,"[""Belgium"", ""Germany"", ""Denmark"", ""France"", ""Greece"", ""Ireland"", ""Italy"", ""Luxembourg"", ""Netherlands"", ""Portugal"", ""Spain""]",
56,V2_TOPIC_COUNTRY_TIME_SINGLE_TOPIC,ZA2146,Flash Eurobarometer 10 (Managers),"Can you find GESIS datasets about Economic systems and development in Belgium, Germany, Denmark, France, Greece, Ireland, Italy, Luxembourg, Netherlands, Portugal, Spain, and Great Britain during the 1990s?","[""Economic systems and development""]","[""Belgium"", ""Germany"", ""Denmark"", ""France"", ""Greece"", ""Ireland"", ""Italy"", ""Luxembourg"", ""Netherlands"", ""Portugal"", ""Spain"", ""Great Britain""]","[""1992"", ""1992""]",ZA2146,Flash Eurobarometer 10 (Managers),,"[""Belgium"", ""Germany"", ""Denmark"", ""France"", ""Greece"", ""Ireland"", ""Italy"", ""Luxembourg"", ""Netherlands"", ""Portugal"", ""Spain""]",
57,V2_TOPIC_COUNTRY_TIME_SINGLE_TOPIC,ZA8423,Labour market policy in the German Empire.,Can you find GESIS datasets about HISTORY in German Reich (1871-1945) during the 1900s and 1910s and 1920s?,"[""HISTORY""]","[""German Reich (1871-1945)""]","[""1904"", ""1928""]",ZA8423,Labour market policy in the German Empire.,,,
58,V2_TOPIC_COUNTRY_TIME_SINGLE_TOPIC,ZA4347,"Duisburg Citizen Survey (Autumn 2002, Foreign population)",Can you find GESIS datasets about Migration in North Rhine-Westphalia during the 2000s?,"[""Migration""]","[""North Rhine-Westphalia""]","[""2002"", ""2002""]",ZA4347,"Duisburg Citizen Survey (Autumn 2002, Foreign population)",,,
59,V2_TOPIC_COUNTRY_TIME_SINGLE_TOPIC,ZA5003,"The Role of Women in the Informal sector: The Case of Ajegunle, Nigeria",Can you find GESIS datasets about Employment in Lagos during the 1980s?,"[""Employment""]","[""Lagos""]","[""1983"", ""1983""]",ZA5003,"The Role of Women in the Informal sector: The Case of Ajegunle, Nigeria",,,
60,V2_TOPIC_COUNTRY_TIME_SINGLE_TOPIC,ZA5003,"The Role of Women in the Informal sector: The Case of Ajegunle, Nigeria","Can you find GESIS datasets about Community, urban and rural life in Lagos during the 1980s?","[""Community, urban and rural life""]","[""Lagos""]","[""1983"", ""1983""]",ZA5003,"The Role of Women in the Informal sector: The Case of Ajegunle, Nigeria",,,
61,V2_TOPIC_COUNTRY_TIME_SINGLE_TOPIC,ZA5003,"The Role of Women in the Informal sector: The Case of Ajegunle, Nigeria","Can you find GESIS datasets about TRADE, INDUSTRY AND MARKETS in Lagos during the 1980s?","[""TRADE, INDUSTRY AND MARKETS""]","[""Lagos""]","[""1983"", ""1983""]",ZA5003,"The Role of Women in the Informal sector: The Case of Ajegunle, Nigeria",,,
62,V2_TOPIC_COUNTRY_TIME_SINGLE_TOPIC,ZA5003,"The Role of Women in the Informal sector: The Case of Ajegunle, Nigeria",Can you find GESIS datasets about Specific social services: use and availability in Lagos during the 1980s?,"[""Specific social services: use and availability""]","[""Lagos""]","[""1983"", ""1983""]",ZA5003,"The Role of Women in the Informal sector: The Case of Ajegunle, Nigeria",,,
63,V2_TOPIC_COUNTRY_TIME_SINGLE_TOPIC,ZA8286,"The CFS’s (Center for Financial Studies) historical money and capital market data base, Germany 1871 to 1914.",Can you find GESIS datasets about HISTORY in German Reich (1871-1945) during the 1870s and 1880s and 1890s and 1900s and 1910s?,"[""HISTORY""]","[""German Reich (1871-1945)""]","[""1871"", ""1914""]",ZA8286,"The CFS’s (Center for Financial Studies) historical money and capital market data base, Germany 1871 to 1914.",,,
64,V2_TOPIC_COUNTRY_TIME_SINGLE_TOPIC,ZA0977,The Death Penalty (1978),Can you find GESIS datasets about Crime and law enforcement in Germany during the 1970s?,"[""Crime and law enforcement""]","[""Germany""]","[""1978"", ""1978""]",ZA0977,The Death Penalty (1978),,"[""Germany""]",
65,V2_TOPIC_COUNTRY_TIME_SINGLE_TOPIC,ZA6350,Social Situation and Political Orientations of the Jena  Populace before the Municipal Election in May 1990,"Can you find GESIS datasets about Community, urban and rural life in German Democratic Republic (1949-1990) during the 1990s?","[""Community, urban and rural life""]","[""German Democratic Republic (1949-1990)""]","[""1990"", ""1990""]",ZA6350,Social Situation and Political Orientations of the Jena  Populace before the Municipal Election in May 1990,,,
66,V2_TOPIC_COUNTRY_TIME_SINGLE_TOPIC,ZA6350,Social Situation and Political Orientations of the Jena  Populace before the Municipal Election in May 1990,Can you find GESIS datasets about Political behaviour and attitudes in German Democratic Republic (1949-1990) during the 1990s?,"[""Political behaviour and attitudes""]","[""German Democratic Republic (1949-1990)""]","[""1990"", ""1990""]",ZA6350,Social Situation and Political Orientations of the Jena  Populace before the Municipal Election in May 1990,,,
67,V2_TOPIC_COUNTRY_TIME_SINGLE_TOPIC,ZA6350,Social Situation and Political Orientations of the Jena  Populace before the Municipal Election in May 1990,"Can you find GESIS datasets about Government, political systems and organisations in German Democratic Republic (1949-1990) during the 1990s?","[""Government, political systems and organisations""]","[""German Democratic Republic (1949-1990)""]","[""1990"", ""1990""]",ZA6350,Social Situation and Political Orientations of the Jena  Populace before the Municipal Election in May 1990,,,
68,V2_TOPIC_COUNTRY_TIME_SINGLE_TOPIC,ZA6350,Social Situation and Political Orientations of the Jena  Populace before the Municipal Election in May 1990,Can you find GESIS datasets about Elections in German Democratic Republic (1949-1990) during the 1990s?,"[""Elections""]","[""German Democratic Republic (1949-1990)""]","[""1990"", ""1990""]",ZA6350,Social Situation and Political Orientations of the Jena  Populace before the Municipal Election in May 1990,,,
69,V2_TOPIC_COUNTRY_TIME_SINGLE_TOPIC,ZA0241,Decatur Study (Personal Influence),"Can you find GESIS datasets about MEDIA, COMMUNICATION AND LANGUAGE in Illinois during the 1940s?","[""MEDIA, COMMUNICATION AND LANGUAGE""]","[""Illinois""]","[""1945"", ""1945""]",ZA0241,Decatur Study (Personal Influence),,,
70,V2_TOPIC_COUNTRY_TIME_SINGLE_TOPIC,ZA0241,Decatur Study (Personal Influence),Can you find GESIS datasets about SOCIAL STRATIFICATION AND GROUPINGS in Illinois during the 1940s?,"[""SOCIAL STRATIFICATION AND GROUPINGS""]","[""Illinois""]","[""1945"", ""1945""]",ZA0241,Decatur Study (Personal Influence),,,
71,V2_TOPIC_COUNTRY_TIME_SINGLE_TOPIC,ZA1635,Cologne Study (Reader Analysis of the Koelner Stadt-Anzeiger),"Can you find GESIS datasets about Leisure, tourism and sport in North Rhine-Westphalia during the 1980s?","[""Leisure, tourism and sport""]","[""North Rhine-Westphalia""]","[""1986"", ""1986""]",ZA1635,Cologne Study (Reader Analysis of the Koelner Stadt-Anzeiger),,,
72,V2_TOPIC_COUNTRY_TIME_SINGLE_TOPIC,ZA1635,Cologne Study (Reader Analysis of the Koelner Stadt-Anzeiger),"Can you find GESIS datasets about Community, urban and rural life in North Rhine-Westphalia during the 1980s?","[""Community, urban and rural life""]","[""North Rhine-Westphalia""]","[""1986"", ""1986""]",ZA1635,Cologne Study (Reader Analysis of the Koelner Stadt-Anzeiger),,,
73,V2_TOPIC_COUNTRY_TIME_SINGLE_TOPIC,ZA1635,Cologne Study (Reader Analysis of the Koelner Stadt-Anzeiger),Can you find GESIS datasets about TRANSPORT AND TRAVEL in North Rhine-Westphalia during the 1980s?,"[""TRANSPORT AND TRAVEL""]","[""North Rhine-Westphalia""]","[""1986"", ""1986""]",ZA1635,Cologne Study (Reader Analysis of the Koelner Stadt-Anzeiger),,,
74,V2_TOPIC_COUNTRY_TIME_SINGLE_TOPIC,ZA1635,Cologne Study (Reader Analysis of the Koelner Stadt-Anzeiger),Can you find GESIS datasets about Consumption and consumer behaviour in North Rhine-Westphalia during the 1980s?,"[""Consumption and consumer behaviour""]","[""North Rhine-Westphalia""]","[""1986"", ""1986""]",ZA1635,Cologne Study (Reader Analysis of the Koelner Stadt-Anzeiger),,,
75,V2_TOPIC_COUNTRY_TIME_SINGLE_TOPIC,ZA8874,Learning Progression Analytics - Analysing and Promoting Learning Progressions to Develop Skills (LPA-AFLEK),Can you find GESIS datasets about Compulsory and pre-school education in Schleswig-Holstein during the 2020s?,"[""Compulsory and pre-school education""]","[""Schleswig-Holstein""]","[""2021"", ""2023""]",ZA8874,Learning Progression Analytics - Analysing and Promoting Learning Progressions to Develop Skills (LPA-AFLEK),,,
76,V2_TOPIC_COUNTRY_TIME_SINGLE_TOPIC,ZA7652,Trend Questions Corona (Week 13/2020),"Can you find GESIS datasets about Specific diseases, disorders and medical conditions in Germany during the 2020s?","[""Specific diseases, disorders and medical conditions""]","[""Germany""]","[""2020"", ""2020""]",ZA7652,Trend Questions Corona (Week 13/2020),,"[""Germany""]",
77,V2_TOPIC_COUNTRY_TIME_SINGLE_TOPIC,ZA7652,Trend Questions Corona (Week 13/2020),"Can you find GESIS datasets about MEDIA, COMMUNICATION AND LANGUAGE in Germany during the 2020s?","[""MEDIA, COMMUNICATION AND LANGUAGE""]","[""Germany""]","[""2020"", ""2020""]",ZA7652,Trend Questions Corona (Week 13/2020),,"[""Germany""]",
78,V2_TOPIC_COUNTRY_TIME_SINGLE_TOPIC,ZA7652,Trend Questions Corona (Week 13/2020),Can you find GESIS datasets about Working conditions in Germany during the 2020s?,"[""Working conditions""]","[""Germany""]","[""2020"", ""2020""]",ZA7652,Trend Questions Corona (Week 13/2020),,"[""Germany""]",
79,V2_TOPIC_COUNTRY_TIME_SINGLE_TOPIC,ZA7652,Trend Questions Corona (Week 13/2020),Can you find GESIS datasets about Health care services and policies in Germany during the 2020s?,"[""Health care services and policies""]","[""Germany""]","[""2020"", ""2020""]",ZA7652,Trend Questions Corona (Week 13/2020),,"[""Germany""]",
80,V2_TOPIC_COUNTRY_TIME_SINGLE_TOPIC,ZA1157,Preparatory Investigation according to the Law to Promote Urban  Development (Municipality Data),"Can you find GESIS datasets about Community, urban and rural life in Germany during the 1960s?","[""Community, urban and rural life""]","[""Germany""]","[""1968"", ""1968""]",ZA1157,Preparatory Investigation according to the Law to Promote Urban  Development (Municipality Data),,"[""Germany""]",
81,V2_TOPIC_COUNTRY_TIME_SINGLE_TOPIC,ZA1157,Preparatory Investigation according to the Law to Promote Urban  Development (Municipality Data),Can you find GESIS datasets about Land use and planning in Germany during the 1960s?,"[""Land use and planning""]","[""Germany""]","[""1968"", ""1968""]",ZA1157,Preparatory Investigation according to the Law to Promote Urban  Development (Municipality Data),,"[""Germany""]",
82,V2_TOPIC_COUNTRY_TIME_SINGLE_TOPIC,ZA7759,"German Internet Panel, Wave 51 (January 2021)",Can you find GESIS datasets about Migration in Germany during the 2020s?,"[""Migration""]","[""Germany""]","[""2021"", ""2021""]",ZA7759,"German Internet Panel, Wave 51 (January 2021)",,"[""Germany""]",
83,V2_TOPIC_COUNTRY_TIME_SINGLE_TOPIC,ZA7759,"German Internet Panel, Wave 51 (January 2021)",Can you find GESIS datasets about Physical fitness and exercise in Germany during the 2020s?,"[""Physical fitness and exercise""]","[""Germany""]","[""2021"", ""2021""]",ZA7759,"German Internet Panel, Wave 51 (January 2021)",,"[""Germany""]",
84,V2_TOPIC_COUNTRY_TIME_SINGLE_TOPIC,ZA7759,"German Internet Panel, Wave 51 (January 2021)","Can you find GESIS datasets about Government, political systems and organisations in Germany during the 2020s?","[""Government, political systems and organisations""]","[""Germany""]","[""2021"", ""2021""]",ZA7759,"German Internet Panel, Wave 51 (January 2021)",,"[""Germany""]",
85,V2_TOPIC_COUNTRY_TIME_SINGLE_TOPIC,ZA7759,"German Internet Panel, Wave 51 (January 2021)",Can you find GESIS datasets about Political behaviour and attitudes in Germany during the 2020s?,"[""Political behaviour and attitudes""]","[""Germany""]","[""2021"", ""2021""]",ZA7759,"German Internet Panel, Wave 51 (January 2021)",,"[""Germany""]",
86,V2_TOPIC_COUNTRY_TIME_SINGLE_TOPIC,ZA7759,"German Internet Panel, Wave 51 (January 2021)",Can you find GESIS datasets about Social welfare policy in Germany during the 2020s?,"[""Social welfare policy""]","[""Germany""]","[""2021"", ""2021""]",ZA7759,"German Internet Panel, Wave 51 (January 2021)",,"[""Germany""]",
87,V2_TOPIC_COUNTRY_TIME_SINGLE_TOPIC,ZA7759,"German Internet Panel, Wave 51 (January 2021)",Can you find GESIS datasets about Specific social services: use and availability in Germany during the 2020s?,"[""Specific social services: use and availability""]","[""Germany""]","[""2021"", ""2021""]",ZA7759,"German Internet Panel, Wave 51 (January 2021)",,"[""Germany""]",
88,V2_TOPIC_COUNTRY_TIME_SINGLE_TOPIC,ZA7759,"German Internet Panel, Wave 51 (January 2021)",Can you find GESIS datasets about Employment in Germany during the 2020s?,"[""Employment""]","[""Germany""]","[""2021"", ""2021""]",ZA7759,"German Internet Panel, Wave 51 (January 2021)",,"[""Germany""]",
89,V2_TOPIC_COUNTRY_TIME_SINGLE_TOPIC,ZA3300,Forsa-Bus 1992,Can you find GESIS datasets about Economic systems and development in Germany during the 1990s?,"[""Economic systems and development""]","[""Germany""]","[""1992"", ""1992""]",ZA3300,Forsa-Bus 1992,,"[""Germany""]",
90,V2_TOPIC_COUNTRY_TIME_SINGLE_TOPIC,ZA8870,Flash Eurobarometer 550 (EU Challenges and Priorities),"Can you find GESIS datasets about International politics and organisations in Belgium, Bulgaria, Czech Republic, Denmark, Germany, Estonia, Ireland, Greece, Spain, France, Italy, Cyprus, Latvia, Lithuania, Luxembourg, Hungary, Malta, Netherlands, Austria, Poland, Portugal, Romania, Slovenia, Slovakia, Finland, Sweden, and Croatia during the 2020s?","[""International politics and organisations""]","[""Belgium"", ""Bulgaria"", ""Czech Republic"", ""Denmark"", ""Germany"", ""Estonia"", ""Ireland"", ""Greece"", ""Spain"", ""France"", ""Italy"", ""Cyprus"", ""Latvia"", ""Lithuania"", ""Luxembourg"", ""Hungary"", ""Malta"", ""Netherlands"", ""Austria"", ""Poland"", ""Portugal"", ""Romania"", ""Slovenia"", ""Slovakia"", ""Finland"", ""Sweden"", ""Croatia""]","[""2024"", ""2024""]",ZA8870,Flash Eurobarometer 550 (EU Challenges and Priorities),,"[""Belgium"", ""Bulgaria"", ""Czech Republic"", ""Denmark"", ""Germany"", ""Estonia"", ""Ireland"", ""Greece"", ""Spain"", ""France"", ""Italy"", ""Cyprus"", ""Latvia"", ""Lithuania"", ""Luxembourg"", ""Hungary"", ""Malta"", ""Netherlands"", ""Austria"", ""Poland"", ""Portugal"", ""Romania"", ""Slovenia"", ""Slovakia"", ""Finland"", ""Sweden"", ""Croatia""]",
91,V2_TOPIC_COUNTRY_TIME_SINGLE_TOPIC,ZA8870,Flash Eurobarometer 550 (EU Challenges and Priorities),"Can you find GESIS datasets about POLITICS in Belgium, Bulgaria, Czech Republic, Denmark, Germany, Estonia, Ireland, Greece, Spain, France, Italy, Cyprus, Latvia, Lithuania, Luxembourg, Hungary, Malta, Netherlands, Austria, Poland, Portugal, Romania, Slovenia, Slovakia, Finland, Sweden, and Croatia during the 2020s?","[""POLITICS""]","[""Belgium"", ""Bulgaria"", ""Czech Republic"", ""Denmark"", ""Germany"", ""Estonia"", ""Ireland"", ""Greece"", ""Spain"", ""France"", ""Italy"", ""Cyprus"", ""Latvia"", ""Lithuania"", ""Luxembourg"", ""Hungary"", ""Malta"", ""Netherlands"", ""Austria"", ""Poland"", ""Portugal"", ""Romania"", ""Slovenia"", ""Slovakia"", ""Finland"", ""Sweden"", ""Croatia""]","[""2024"", ""2024""]",ZA8870,Flash Eurobarometer 550 (EU Challenges and Priorities),,"[""Belgium"", ""Bulgaria"", ""Czech Republic"", ""Denmark"", ""Germany"", ""Estonia"", ""Ireland"", ""Greece"", ""Spain"", ""France"", ""Italy"", ""Cyprus"", ""Latvia"", ""Lithuania"", ""Luxembourg"", ""Hungary"", ""Malta"", ""Netherlands"", ""Austria"", ""Poland"", ""Portugal"", ""Romania"", ""Slovenia"", ""Slovakia"", ""Finland"", ""Sweden"", ""Croatia""]",
92,V2_TOPIC_COUNTRY_TIME_SINGLE_TOPIC,ZA8870,Flash Eurobarometer 550 (EU Challenges and Priorities),"Can you find GESIS datasets about Conflict, security and peace in Belgium, Bulgaria, Czech Republic, Denmark, Germany, Estonia, Ireland, Greece, Spain, France, Italy, Cyprus, Latvia, Lithuania, Luxembourg, Hungary, Malta, Netherlands, Austria, Poland, Portugal, Romania, Slovenia, Slovakia, Finland, Sweden, and Croatia during the 2020s?","[""Conflict, security and peace""]","[""Belgium"", ""Bulgaria"", ""Czech Republic"", ""Denmark"", ""Germany"", ""Estonia"", ""Ireland"", ""Greece"", ""Spain"", ""France"", ""Italy"", ""Cyprus"", ""Latvia"", ""Lithuania"", ""Luxembourg"", ""Hungary"", ""Malta"", ""Netherlands"", ""Austria"", ""Poland"", ""Portugal"", ""Romania"", ""Slovenia"", ""Slovakia"", ""Finland"", ""Sweden"", ""Croatia""]","[""2024"", ""2024""]",ZA8870,Flash Eurobarometer 550 (EU Challenges and Priorities),,"[""Belgium"", ""Bulgaria"", ""Czech Republic"", ""Denmark"", ""Germany"", ""Estonia"", ""Ireland"", ""Greece"", ""Spain"", ""France"", ""Italy"", ""Cyprus"", ""Latvia"", ""Lithuania"", ""Luxembourg"", ""Hungary"", ""Malta"", ""Netherlands"", ""Austria"", ""Poland"", ""Portugal"", ""Romania"", ""Slovenia"", ""Slovakia"", ""Finland"", ""Sweden"", ""Croatia""]",
93,V2_TOPIC_COUNTRY_TIME_SINGLE_TOPIC,ZA8870,Flash Eurobarometer 550 (EU Challenges and Priorities),"Can you find GESIS datasets about Political behaviour and attitudes in Belgium, Bulgaria, Czech Republic, Denmark, Germany, Estonia, Ireland, Greece, Spain, France, Italy, Cyprus, Latvia, Lithuania, Luxembourg, Hungary, Malta, Netherlands, Austria, Poland, Portugal, Romania, Slovenia, Slovakia, Finland, Sweden, and Croatia during the 2020s?","[""Political behaviour and attitudes""]","[""Belgium"", ""Bulgaria"", ""Czech Republic"", ""Denmark"", ""Germany"", ""Estonia"", ""Ireland"", ""Greece"", ""Spain"", ""France"", ""Italy"", ""Cyprus"", ""Latvia"", ""Lithuania"", ""Luxembourg"", ""Hungary"", ""Malta"", ""Netherlands"", ""Austria"", ""Poland"", ""Portugal"", ""Romania"", ""Slovenia"", ""Slovakia"", ""Finland"", ""Sweden"", ""Croatia""]","[""2024"", ""2024""]",ZA8870,Flash Eurobarometer 550 (EU Challenges and Priorities),,"[""Belgium"", ""Bulgaria"", ""Czech Republic"", ""Denmark"", ""Germany"", ""Estonia"", ""Ireland"", ""Greece"", ""Spain"", ""France"", ""Italy"", ""Cyprus"", ""Latvia"", ""Lithuania"", ""Luxembourg"", ""Hungary"", ""Malta"", ""Netherlands"", ""Austria"", ""Poland"", ""Portugal"", ""Romania"", ""Slovenia"", ""Slovakia"", ""Finland"", ""Sweden"", ""Croatia""]",
94,V2_TOPIC_COUNTRY_TIME_SINGLE_TOPIC,ZA8870,Flash Eurobarometer 550 (EU Challenges and Priorities),"Can you find GESIS datasets about Political ideology in Belgium, Bulgaria, Czech Republic, Denmark, Germany, Estonia, Ireland, Greece, Spain, France, Italy, Cyprus, Latvia, Lithuania, Luxembourg, Hungary, Malta, Netherlands, Austria, Poland, Portugal, Romania, Slovenia, Slovakia, Finland, Sweden, and Croatia during the 2020s?","[""Political ideology""]","[""Belgium"", ""Bulgaria"", ""Czech Republic"", ""Denmark"", ""Germany"", ""Estonia"", ""Ireland"", ""Greece"", ""Spain"", ""France"", ""Italy"", ""Cyprus"", ""Latvia"", ""Lithuania"", ""Luxembourg"", ""Hungary"", ""Malta"", ""Netherlands"", ""Austria"", ""Poland"", ""Portugal"", ""Romania"", ""Slovenia"", ""Slovakia"", ""Finland"", ""Sweden"", ""Croatia""]","[""2024"", ""2024""]",ZA8870,Flash Eurobarometer 550 (EU Challenges and Priorities),,"[""Belgium"", ""Bulgaria"", ""Czech Republic"", ""Denmark"", ""Germany"", ""Estonia"", ""Ireland"", ""Greece"", ""Spain"", ""France"", ""Italy"", ""Cyprus"", ""Latvia"", ""Lithuania"", ""Luxembourg"", ""Hungary"", ""Malta"", ""Netherlands"", ""Austria"", ""Poland"", ""Portugal"", ""Romania"", ""Slovenia"", ""Slovakia"", ""Finland"", ""Sweden"", ""Croatia""]",
95,V2_TOPIC_COUNTRY_TIME_SINGLE_TOPIC,ZA2326,Situation Report Medium-Sized Companies 1991/20,Can you find GESIS datasets about Business/industrial management and organisation in Rhineland-Palatinate and North Rhine-Westphalia during the 1990s?,"[""Business/industrial management and organisation""]","[""Rhineland-Palatinate"", ""North Rhine-Westphalia""]","[""1992"", ""1992""]",ZA2326,Situation Report Medium-Sized Companies 1991/20,,,
96,V2_TOPIC_COUNTRY_TIME_SINGLE_TOPIC,ZA4914,Spring Study 1998,Can you find GESIS datasets about Social behaviour and attitudes in Germany during the 1990s?,"[""Social behaviour and attitudes""]","[""Germany""]","[""1998"", ""1998""]",ZA4914,Spring Study 1998,,"[""Germany""]",
97,V2_TOPIC_COUNTRY_TIME_SINGLE_TOPIC,ZA8996,The Berlin Pulse - German Foreign Policy 2024,"Can you find GESIS datasets about Conflict, security and peace in Germany during the 2020s?","[""Conflict, security and peace""]","[""Germany""]","[""2024"", ""2024""]",ZA8996,The Berlin Pulse - German Foreign Policy 2024,,"[""Germany""]",
98,V2_TOPIC_COUNTRY_TIME_SINGLE_TOPIC,ZA8996,The Berlin Pulse - German Foreign Policy 2024,Can you find GESIS datasets about International politics and organisations in Germany during the 2020s?,"[""International politics and organisations""]","[""Germany""]","[""2024"", ""2024""]",ZA8996,The Berlin Pulse - German Foreign Policy 2024,,"[""Germany""]",
99,V2_TOPIC_COUNTRY_TIME_SINGLE_TOPIC,ZA1376,Youth Industrial Health and Safety in Practice in Hesse from the Perspective of Young People,Can you find GESIS datasets about Working conditions in Hesse during the 1980s?,"[""Working conditions""]","[""Hesse""]","[""1983"", ""1984""]",ZA1376,Youth Industrial Health and Safety in Practice in Hesse from the Perspective of Young People,,,
100,V2_TOPIC_COUNTRY_TIME_SINGLE_TOPIC,ZA1376,Youth Industrial Health and Safety in Practice in Hesse from the Perspective of Young People,Can you find GESIS datasets about Vocational education and training in Hesse during the 1980s?,"[""Vocational education and training""]","[""Hesse""]","[""1983"", ""1984""]",ZA1376,Youth Industrial Health and Safety in Practice in Hesse from the Perspective of Young People,,,
101,V2_TOPIC_COUNTRY_TIME_SINGLE_TOPIC,ZA1376,Youth Industrial Health and Safety in Practice in Hesse from the Perspective of Young People,Can you find GESIS datasets about Occupational health in Hesse during the 1980s?,"[""Occupational health""]","[""Hesse""]","[""1983"", ""1984""]",ZA1376,Youth Industrial Health and Safety in Practice in Hesse from the Perspective of Young People,,,
102,V2_TOPIC_COUNTRY_TIME_SINGLE_TOPIC,ZA7746,"German Business Panel, Covid-19 Survey (2020/2021). Data file for on-site use",Can you find GESIS datasets about Economic conditions and indicators in Germany during the 2020s?,"[""Economic conditions and indicators""]","[""Germany""]","[""2020"", ""2021""]",ZA7746,"German Business Panel, Covid-19 Survey (2020/2021). Data file for on-site use",,"[""Germany""]",
103,V2_TOPIC_COUNTRY_TIME_SINGLE_TOPIC,ZA7746,"German Business Panel, Covid-19 Survey (2020/2021). Data file for on-site use","Can you find GESIS datasets about Economic policy, public expenditure and revenue in Germany during the 2020s?","[""Economic policy, public expenditure and revenue""]","[""Germany""]","[""2020"", ""2021""]",ZA7746,"German Business Panel, Covid-19 Survey (2020/2021). Data file for on-site use",,"[""Germany""]",
104,V2_TOPIC_COUNTRY_TIME_SINGLE_TOPIC,ZA7746,"German Business Panel, Covid-19 Survey (2020/2021). Data file for on-site use","Can you find GESIS datasets about TRADE, INDUSTRY AND MARKETS in Germany during the 2020s?","[""TRADE, INDUSTRY AND MARKETS""]","[""Germany""]","[""2020"", ""2021""]",ZA7746,"German Business Panel, Covid-19 Survey (2020/2021). Data file for on-site use",,"[""Germany""]",
105,V2_TOPIC_COUNTRY_TIME_SINGLE_TOPIC,ZA7746,"German Business Panel, Covid-19 Survey (2020/2021). Data file for on-site use",Can you find GESIS datasets about Business/industrial management and organisation in Germany during the 2020s?,"[""Business/industrial management and organisation""]","[""Germany""]","[""2020"", ""2021""]",ZA7746,"German Business Panel, Covid-19 Survey (2020/2021). Data file for on-site use",,"[""Germany""]",
106,V2_TOPIC_COUNTRY_TIME_SINGLE_TOPIC,ZA8614,histat - data compilation online: Wages and Salaries (Indices) in Germany 1913/14 - 2006,Can you find GESIS datasets about HISTORY in Germany during the 1910s and 1920s and 1930s and 1940s and 1950s and 1960s and 1970s and 1980s and 1990s and 2000s?,"[""HISTORY""]","[""Germany""]","[""1913"", ""2006""]",ZA8614,histat - data compilation online: Wages and Salaries (Indices) in Germany 1913/14 - 2006,,"[""Germany""]",
107,V2_TOPIC_COUNTRY_TIME_SINGLE_TOPIC,ZA8614,histat - data compilation online: Wages and Salaries (Indices) in Germany 1913/14 - 2006,"Can you find GESIS datasets about Income, property and investment/saving in Germany during the 1910s and 1920s and 1930s and 1940s and 1950s and 1960s and 1970s and 1980s and 1990s and 2000s?","[""Income, property and investment/saving""]","[""Germany""]","[""1913"", ""2006""]",ZA8614,histat - data compilation online: Wages and Salaries (Indices) in Germany 1913/14 - 2006,,"[""Germany""]",
108,V2_TOPIC_COUNTRY_TIME_SINGLE_TOPIC,ZA4456,Flash Eurobarometer 197 (Satisfaction with EC Representations in 11 Member States),"Can you find GESIS datasets about International politics and organisations in Denmark, Germany, Spain, France, Ireland, Italy, Portugal, United Kingdom, Estonia, Hungary, and Slovenia during the 2000s?","[""International politics and organisations""]","[""Denmark"", ""Germany"", ""Spain"", ""France"", ""Ireland"", ""Italy"", ""Portugal"", ""United Kingdom"", ""Estonia"", ""Hungary"", ""Slovenia""]","[""2006"", ""2006""]",ZA4456,Flash Eurobarometer 197 (Satisfaction with EC Representations in 11 Member States),,"[""Denmark"", ""Germany"", ""Spain"", ""France"", ""Ireland"", ""Italy"", ""Portugal"", ""United Kingdom"", ""Estonia"", ""Hungary"", ""Slovenia""]",
109,V2_TOPIC_COUNTRY_TIME_SINGLE_TOPIC,ZA4456,Flash Eurobarometer 197 (Satisfaction with EC Representations in 11 Member States),"Can you find GESIS datasets about Political behaviour and attitudes in Denmark, Germany, Spain, France, Ireland, Italy, Portugal, United Kingdom, Estonia, Hungary, and Slovenia during the 2000s?","[""Political behaviour and attitudes""]","[""Denmark"", ""Germany"", ""Spain"", ""France"", ""Ireland"", ""Italy"", ""Portugal"", ""United Kingdom"", ""Estonia"", ""Hungary"", ""Slovenia""]","[""2006"", ""2006""]",ZA4456,Flash Eurobarometer 197 (Satisfaction with EC Representations in 11 Member States),,"[""Denmark"", ""Germany"", ""Spain"", ""France"", ""Ireland"", ""Italy"", ""Portugal"", ""United Kingdom"", ""Estonia"", ""Hungary"", ""Slovenia""]",
110,V2_TOPIC_COUNTRY_TIME_SINGLE_TOPIC,ZA5273,German General Social Survey - ALLBUScompact 2018,Can you find GESIS datasets about Economic conditions and indicators in Germany during the 2010s?,"[""Economic conditions and indicators""]","[""Germany""]","[""2018"", ""2018""]",ZA5273,German General Social Survey - ALLBUScompact 2018,,"[""Germany""]",
111,V2_TOPIC_COUNTRY_TIME_SINGLE_TOPIC,ZA5273,German General Social Survey - ALLBUScompact 2018,Can you find GESIS datasets about Information society in Germany during the 2010s?,"[""Information society""]","[""Germany""]","[""2018"", ""2018""]",ZA5273,German General Social Survey - ALLBUScompact 2018,,"[""Germany""]",
112,V2_TOPIC_COUNTRY_TIME_SINGLE_TOPIC,ZA5273,German General Social Survey - ALLBUScompact 2018,"Can you find GESIS datasets about Equality, inequality and social exclusion in Germany during the 2010s?","[""Equality, inequality and social exclusion""]","[""Germany""]","[""2018"", ""2018""]",ZA5273,German General Social Survey - ALLBUScompact 2018,,"[""Germany""]",
113,V2_TOPIC_COUNTRY_TIME_SINGLE_TOPIC,ZA5273,German General Social Survey - ALLBUScompact 2018,Can you find GESIS datasets about Cultural and national identity in Germany during the 2010s?,"[""Cultural and national identity""]","[""Germany""]","[""2018"", ""2018""]",ZA5273,German General Social Survey - ALLBUScompact 2018,,"[""Germany""]",
114,V2_TOPIC_COUNTRY_TIME_SINGLE_TOPIC,ZA5273,German General Social Survey - ALLBUScompact 2018,Can you find GESIS datasets about Religion and values in Germany during the 2010s?,"[""Religion and values""]","[""Germany""]","[""2018"", ""2018""]",ZA5273,German General Social Survey - ALLBUScompact 2018,,"[""Germany""]",
115,V2_TOPIC_COUNTRY_TIME_SINGLE_TOPIC,ZA6342,Foreigners in Eastern Germany 1990,Can you find GESIS datasets about Employment in German Democratic Republic (1949-1990) during the 1990s?,"[""Employment""]","[""German Democratic Republic (1949-1990)""]","[""1990"", ""1990""]",ZA6342,Foreigners in Eastern Germany 1990,,,
116,V2_TOPIC_COUNTRY_TIME_SINGLE_TOPIC,ZA6342,Foreigners in Eastern Germany 1990,Can you find GESIS datasets about Migration in German Democratic Republic (1949-1990) during the 1990s?,"[""Migration""]","[""German Democratic Republic (1949-1990)""]","[""1990"", ""1990""]",ZA6342,Foreigners in Eastern Germany 1990,,,
117,V2_TOPIC_COUNTRY_TIME_SINGLE_TOPIC,ZA6342,Foreigners in Eastern Germany 1990,Can you find GESIS datasets about Cultural activities and participation in German Democratic Republic (1949-1990) during the 1990s?,"[""Cultural activities and participation""]","[""German Democratic Republic (1949-1990)""]","[""1990"", ""1990""]",ZA6342,Foreigners in Eastern Germany 1990,,,
118,V2_TOPIC_COUNTRY_TIME_SINGLE_TOPIC,ZA6342,Foreigners in Eastern Germany 1990,"Can you find GESIS datasets about Equality, inequality and social exclusion in German Democratic Republic (1949-1990) during the 1990s?","[""Equality, inequality and social exclusion""]","[""German Democratic Republic (1949-1990)""]","[""1990"", ""1990""]",ZA6342,Foreigners in Eastern Germany 1990,,,
119,V2_TOPIC_COUNTRY_TIME_SINGLE_TOPIC,ZA6342,Foreigners in Eastern Germany 1990,Can you find GESIS datasets about Economic conditions and indicators in German Democratic Republic (1949-1990) during the 1990s?,"[""Economic conditions and indicators""]","[""German Democratic Republic (1949-1990)""]","[""1990"", ""1990""]",ZA6342,Foreigners in Eastern Germany 1990,,,
120,V2_TOPIC_COUNTRY_TIME_SINGLE_TOPIC,SDN-10.7802-2822,Monitor Digitalisierung 360° - WiSe 2023/24,Can you find GESIS datasets about university in Germany during the 2020s?,"[""university""]","[""Germany""]","[""2023"", ""2024""]",SDN-10.7802-2822,Monitor Digitalisierung 360° - WiSe 2023/24,"[""university"", ""university policy"", ""digitalization"", ""artificial intelligence"", ""university research""]","[""Germany""]","[""2023"", ""2024""]"
121,V2_TOPIC_COUNTRY_TIME_SINGLE_TOPIC,SDN-10.7802-2822,Monitor Digitalisierung 360° - WiSe 2023/24,Can you find GESIS datasets about university policy in Germany during the 2020s?,"[""university policy""]","[""Germany""]","[""2023"", ""2024""]",SDN-10.7802-2822,Monitor Digitalisierung 360° - WiSe 2023/24,"[""university"", ""university policy"", ""digitalization"", ""artificial intelligence"", ""university research""]","[""Germany""]","[""2023"", ""2024""]"
122,V2_TOPIC_COUNTRY_TIME_SINGLE_TOPIC,SDN-10.7802-2822,Monitor Digitalisierung 360° - WiSe 2023/24,Can you find GESIS datasets about digitalization in Germany during the 2020s?,"[""digitalization""]","[""Germany""]","[""2023"", ""2024""]",SDN-10.7802-2780,"Eine Befragung zur Bereitschaft zum Teilen von Gesundheitsdaten in Deutschland – Einflussfaktoren, Präferenzen und Motive","[""data exchange"", ""health"", ""confidence"", ""incentive system"", ""digitalization"", ""anonymity"", ""socioeconomic factors"", ""attitude research""]","[""Germany""]","[""2023"", ""2023""]"
122,V2_TOPIC_COUNTRY_TIME_SINGLE_TOPIC,SDN-10.7802-2822,Monitor Digitalisierung 360° - WiSe 2023/24,Can you find GESIS datasets about digitalization in Germany during the 2020s?,"[""digitalization""]","[""Germany""]","[""2023"", ""2024""]",SDN-10.25652-diw_data_S0030.1,Betriebe und berufliche Arbeitswelten in Deutschland,"[""human resource management"", ""organizational structure"", ""digitalization"", ""employment relationship""]","[""Germany""]","[""2022"", ""2023""]"
122,V2_TOPIC_COUNTRY_TIME_SINGLE_TOPIC,SDN-10.7802-2822,Monitor Digitalisierung 360° - WiSe 2023/24,Can you find GESIS datasets about digitalization in Germany during the 2020s?,"[""digitalization""]","[""Germany""]","[""2023"", ""2024""]",SDN-10.7802-2688,Kompass: Künstliche Intelligenz und Kompetenz 2023,"[""old age"", ""digitalization"", ""digital media"", ""media skills"", ""artificial intelligence"", ""media education""]","[""Germany""]","[""2023"", ""2023""]"
122,V2_TOPIC_COUNTRY_TIME_SINGLE_TOPIC,SDN-10.7802-2822,Monitor Digitalisierung 360° - WiSe 2023/24,Can you find GESIS datasets about digitalization in Germany during the 2020s?,"[""digitalization""]","[""Germany""]","[""2023"", ""2024""]",SDN-10.7802-2822,Monitor Digitalisierung 360° - WiSe 2023/24,"[""university"", ""university policy"", ""digitalization"", ""artificial intelligence"", ""university research""]","[""Germany""]","[""2023"", ""2024""]"
123,V2_TOPIC_COUNTRY_TIME_SINGLE_TOPIC,SDN-10.7802-2822,Monitor Digitalisierung 360° - WiSe 2023/24,Can you find GESIS datasets about artificial intelligence in Germany during the 2020s?,"[""artificial intelligence""]","[""Germany""]","[""2023"", ""2024""]",SDN-10.7802-2688,Kompass: Künstliche Intelligenz und Kompetenz 2023,"[""old age"", ""digitalization"", ""digital media"", ""media skills"", ""artificial intelligence"", ""media education""]","[""Germany""]","[""2023"", ""2023""]"
123,V2_TOPIC_COUNTRY_TIME_SINGLE_TOPIC,SDN-10.7802-2822,Monitor Digitalisierung 360° - WiSe 2023/24,Can you find GESIS datasets about artificial intelligence in Germany during the 2020s?,"[""artificial intelligence""]","[""Germany""]","[""2023"", ""2024""]",SDN-10.7802-2822,Monitor Digitalisierung 360° - WiSe 2023/24,"[""university"", ""university policy"", ""digitalization"", ""artificial intelligence"", ""university research""]","[""Germany""]","[""2023"", ""2024""]"
123,V2_TOPIC_COUNTRY_TIME_SINGLE_TOPIC,SDN-10.7802-2822,Monitor Digitalisierung 360° - WiSe 2023/24,Can you find GESIS datasets about artificial intelligence in Germany during the 2020s?,"[""artificial intelligence""]","[""Germany""]","[""2023"", ""2024""]",SDN-10.7802-2915,Digitale Ungleichheiten in Deutschland,"[""digital divide"", ""artificial intelligence"", ""social media"", ""political attitude"", ""radicalism""]","[""Germany""]","[""2024"", ""2024""]"
124,V2_TOPIC_COUNTRY_TIME_SINGLE_TOPIC,SDN-10.7802-2822,Monitor Digitalisierung 360° - WiSe 2023/24,Can you find GESIS datasets about university research in Germany during the 2020s?,"[""university research""]","[""Germany""]","[""2023"", ""2024""]",SDN-10.7802-2914,"Qualitativ-quantifizierende Programmanalyse zur Promotion ""Ethisch reflektiertes Handeln in den Technikwissenschaften""","[""ethics"", ""university research"", ""program of study""]","[""Germany""]","[""2021"", ""2023""]"
124,V2_TOPIC_COUNTRY_TIME_SINGLE_TOPIC,SDN-10.7802-2822,Monitor Digitalisierung 360° - WiSe 2023/24,Can you find GESIS datasets about university research in Germany during the 2020s?,"[""university research""]","[""Germany""]","[""2023"", ""2024""]",SDN-10.7802-2822,Monitor Digitalisierung 360° - WiSe 2023/24,"[""university"", ""university policy"", ""digitalization"", ""artificial intelligence"", ""university research""]","[""Germany""]","[""2023"", ""2024""]"
125,V2_TOPIC_COUNTRY_TIME_SINGLE_TOPIC,ZA0265,"Reader Analysis of the Mannesmann Company Magazine, UNSER WERKTAG",Can you find GESIS datasets about Business/industrial management and organisation in Germany during the 1960s?,"[""Business/industrial management and organisation""]","[""Germany""]","[""1967"", ""1967""]",ZA0265,"Reader Analysis of the Mannesmann Company Magazine, UNSER WERKTAG",,"[""Germany""]",
126,V2_TOPIC_COUNTRY_TIME_SINGLE_TOPIC,ZA0265,"Reader Analysis of the Mannesmann Company Magazine, UNSER WERKTAG",Can you find GESIS datasets about Media in Germany during the 1960s?,"[""Media""]","[""Germany""]","[""1967"", ""1967""]",ZA0265,"Reader Analysis of the Mannesmann Company Magazine, UNSER WERKTAG",,"[""Germany""]",
127,V2_TOPIC_COUNTRY_TIME_SINGLE_TOPIC,ZA2546,Election Study 1994: Politbarometer West 1994 (Trend Investigations),"Can you find GESIS datasets about Social behaviour and attitudes in Berlin, Baden-Württemberg, Bavaria, Bremen, Hesse, Hamburg, Lower Saxony, North Rhine-Westphalia, Rhineland-Palatinate, Saarland, and Schleswig-Holstein during the 1990s?","[""Social behaviour and attitudes""]","[""Berlin"", ""Baden-Württemberg"", ""Bavaria"", ""Bremen"", ""Hesse"", ""Hamburg"", ""Lower Saxony"", ""North Rhine-Westphalia"", ""Rhineland-Palatinate"", ""Saarland"", ""Schleswig-Holstein""]","[""1994"", ""1994""]",ZA2546,Election Study 1994: Politbarometer West 1994 (Trend Investigations),,,
128,V2_TOPIC_COUNTRY_TIME_SINGLE_TOPIC,ZA2546,Election Study 1994: Politbarometer West 1994 (Trend Investigations),"Can you find GESIS datasets about Crime and law enforcement in Berlin, Baden-Württemberg, Bavaria, Bremen, Hesse, Hamburg, Lower Saxony, North Rhine-Westphalia, Rhineland-Palatinate, Saarland, and Schleswig-Holstein during the 1990s?","[""Crime and law enforcement""]","[""Berlin"", ""Baden-Württemberg"", ""Bavaria"", ""Bremen"", ""Hesse"", ""Hamburg"", ""Lower Saxony"", ""North Rhine-Westphalia"", ""Rhineland-Palatinate"", ""Saarland"", ""Schleswig-Holstein""]","[""1994"", ""1994""]",ZA2546,Election Study 1994: Politbarometer West 1994 (Trend Investigations),,,
129,V2_TOPIC_COUNTRY_TIME_SINGLE_TOPIC,ZA2546,Election Study 1994: Politbarometer West 1994 (Trend Investigations),"Can you find GESIS datasets about International politics and organisations in Berlin, Baden-Württemberg, Bavaria, Bremen, Hesse, Hamburg, Lower Saxony, North Rhine-Westphalia, Rhineland-Palatinate, Saarland, and Schleswig-Holstein during the 1990s?","[""International politics and organisations""]","[""Berlin"", ""Baden-Württemberg"", ""Bavaria"", ""Bremen"", ""Hesse"", ""Hamburg"", ""Lower Saxony"", ""North Rhine-Westphalia"", ""Rhineland-Palatinate"", ""Saarland"", ""Schleswig-Holstein""]","[""1994"", ""1994""]",ZA2546,Election Study 1994: Politbarometer West 1994 (Trend Investigations),,,
130,V2_TOPIC_COUNTRY_TIME_SINGLE_TOPIC,ZA2546,Election Study 1994: Politbarometer West 1994 (Trend Investigations),"Can you find GESIS datasets about Conflict, security and peace in Berlin, Baden-Württemberg, Bavaria, Bremen, Hesse, Hamburg, Lower Saxony, North Rhine-Westphalia, Rhineland-Palatinate, Saarland, and Schleswig-Holstein during the 1990s?","[""Conflict, security and peace""]","[""Berlin"", ""Baden-Württemberg"", ""Bavaria"", ""Bremen"", ""Hesse"", ""Hamburg"", ""Lower Saxony"", ""North Rhine-Westphalia"", ""Rhineland-Palatinate"", ""Saarland"", ""Schleswig-Holstein""]","[""1994"", ""1994""]",ZA2546,Election Study 1994: Politbarometer West 1994 (Trend Investigations),,,
131,V2_TOPIC_COUNTRY_TIME_SINGLE_TOPIC,ZA2546,Election Study 1994: Politbarometer West 1994 (Trend Investigations),"Can you find GESIS datasets about Political behaviour and attitudes in Berlin, Baden-Württemberg, Bavaria, Bremen, Hesse, Hamburg, Lower Saxony, North Rhine-Westphalia, Rhineland-Palatinate, Saarland, and Schleswig-Holstein during the 1990s?","[""Political behaviour and attitudes""]","[""Berlin"", ""Baden-Württemberg"", ""Bavaria"", ""Bremen"", ""Hesse"", ""Hamburg"", ""Lower Saxony"", ""North Rhine-Westphalia"", ""Rhineland-Palatinate"", ""Saarland"", ""Schleswig-Holstein""]","[""1994"", ""1994""]",ZA2546,Election Study 1994: Politbarometer West 1994 (Trend Investigations),,,
132,V2_TOPIC_COUNTRY_TIME_SINGLE_TOPIC,ZA2546,Election Study 1994: Politbarometer West 1994 (Trend Investigations),"Can you find GESIS datasets about Government, political systems and organisations in Berlin, Baden-Württemberg, Bavaria, Bremen, Hesse, Hamburg, Lower Saxony, North Rhine-Westphalia, Rhineland-Palatinate, Saarland, and Schleswig-Holstein during the 1990s?","[""Government, political systems and organisations""]","[""Berlin"", ""Baden-Württemberg"", ""Bavaria"", ""Bremen"", ""Hesse"", ""Hamburg"", ""Lower Saxony"", ""North Rhine-Westphalia"", ""Rhineland-Palatinate"", ""Saarland"", ""Schleswig-Holstein""]","[""1994"", ""1994""]",ZA2546,Election Study 1994: Politbarometer West 1994 (Trend Investigations),,,
133,V2_TOPIC_COUNTRY_TIME_SINGLE_TOPIC,ZA2546,Election Study 1994: Politbarometer West 1994 (Trend Investigations),"Can you find GESIS datasets about Elections in Berlin, Baden-Württemberg, Bavaria, Bremen, Hesse, Hamburg, Lower Saxony, North Rhine-Westphalia, Rhineland-Palatinate, Saarland, and Schleswig-Holstein during the 1990s?","[""Elections""]","[""Berlin"", ""Baden-Württemberg"", ""Bavaria"", ""Bremen"", ""Hesse"", ""Hamburg"", ""Lower Saxony"", ""North Rhine-Westphalia"", ""Rhineland-Palatinate"", ""Saarland"", ""Schleswig-Holstein""]","[""1994"", ""1994""]",ZA2546,Election Study 1994: Politbarometer West 1994 (Trend Investigations),,,
134,V2_TOPIC_COUNTRY_TIME_SINGLE_TOPIC,ZA2546,Election Study 1994: Politbarometer West 1994 (Trend Investigations),"Can you find GESIS datasets about Economic conditions and indicators in Berlin, Baden-Württemberg, Bavaria, Bremen, Hesse, Hamburg, Lower Saxony, North Rhine-Westphalia, Rhineland-Palatinate, Saarland, and Schleswig-Holstein during the 1990s?","[""Economic conditions and indicators""]","[""Berlin"", ""Baden-Württemberg"", ""Bavaria"", ""Bremen"", ""Hesse"", ""Hamburg"", ""Lower Saxony"", ""North Rhine-Westphalia"", ""Rhineland-Palatinate"", ""Saarland"", ""Schleswig-Holstein""]","[""1994"", ""1994""]",ZA2546,Election Study 1994: Politbarometer West 1994 (Trend Investigations),,,
135,V2_TOPIC_COUNTRY_TIME_SINGLE_TOPIC,ZA2546,Election Study 1994: Politbarometer West 1994 (Trend Investigations),"Can you find GESIS datasets about Economic policy, public expenditure and revenue in Berlin, Baden-Württemberg, Bavaria, Bremen, Hesse, Hamburg, Lower Saxony, North Rhine-Westphalia, Rhineland-Palatinate, Saarland, and Schleswig-Holstein during the 1990s?","[""Economic policy, public expenditure and revenue""]","[""Berlin"", ""Baden-Württemberg"", ""Bavaria"", ""Bremen"", ""Hesse"", ""Hamburg"", ""Lower Saxony"", ""North Rhine-Westphalia"", ""Rhineland-Palatinate"", ""Saarland"", ""Schleswig-Holstein""]","[""1994"", ""1994""]",ZA2546,Election Study 1994: Politbarometer West 1994 (Trend Investigations),,,
136,V2_TOPIC_COUNTRY_TIME_SINGLE_TOPIC,ZA2546,Election Study 1994: Politbarometer West 1994 (Trend Investigations),"Can you find GESIS datasets about Economic systems and development in Berlin, Baden-Württemberg, Bavaria, Bremen, Hesse, Hamburg, Lower Saxony, North Rhine-Westphalia, Rhineland-Palatinate, Saarland, and Schleswig-Holstein during the 1990s?","[""Economic systems and development""]","[""Berlin"", ""Baden-Württemberg"", ""Bavaria"", ""Bremen"", ""Hesse"", ""Hamburg"", ""Lower Saxony"", ""North Rhine-Westphalia"", ""Rhineland-Palatinate"", ""Saarland"", ""Schleswig-Holstein""]","[""1994"", ""1994""]",ZA2546,Election Study 1994: Politbarometer West 1994 (Trend Investigations),,,
137,V2_TOPIC_COUNTRY_TIME_SINGLE_TOPIC,ZA8202,Universities in the Federal Republic of Germany 1949-2001,Can you find GESIS datasets about HISTORY in Germany during the 1940s and 1950s and 1960s and 1970s and 1980s and 1990s and 2000s?,"[""HISTORY""]","[""Germany""]","[""1949"", ""2001""]",ZA8202,Universities in the Federal Republic of Germany 1949-2001,,"[""Germany""]",
138,V2_TOPIC_COUNTRY_TIME_SINGLE_TOPIC,ZA8256,The Growth of the German Economy since the Middle of the 19th Century. Chapter: Population and Employment,"Can you find GESIS datasets about HISTORY in Historical German lands (-1871), German Reich (1871-1945), and Germany during the 1850s and 1860s and 1870s and 1880s and 1890s and 1900s and 1910s and 1920s and 1930s and 1940s and 1950s?","[""HISTORY""]","[""Historical German lands (-1871)"", ""German Reich (1871-1945)"", ""Germany""]","[""1850"", ""1959""]",ZA8256,The Growth of the German Economy since the Middle of the 19th Century. Chapter: Population and Employment,,"[""Germany""]",
139,V2_TOPIC_COUNTRY_TIME_SINGLE_TOPIC,ZA0167,Social Structure in the Lignite Area West of the Rhine (Relocated Villages),"Can you find GESIS datasets about Community, urban and rural life in North Rhine-Westphalia during the 1960s?","[""Community, urban and rural life""]","[""North Rhine-Westphalia""]","[""1963"", ""1963""]",ZA0167,Social Structure in the Lignite Area West of the Rhine (Relocated Villages),,,
140,V2_TOPIC_COUNTRY_TIME_SINGLE_TOPIC,ZA1441,Education and Life,Can you find GESIS datasets about Employment in North Rhine-Westphalia during the 1980s?,"[""Employment""]","[""North Rhine-Westphalia""]","[""1984"", ""1985""]",ZA1441,Education and Life,,,
141,V2_TOPIC_COUNTRY_TIME_SINGLE_TOPIC,ZA1441,Education and Life,Can you find GESIS datasets about Vocational education and training in North Rhine-Westphalia during the 1980s?,"[""Vocational education and training""]","[""North Rhine-Westphalia""]","[""1984"", ""1985""]",ZA1441,Education and Life,,,
142,V2_TOPIC_COUNTRY_TIME_SINGLE_TOPIC,ZA1441,Education and Life,Can you find GESIS datasets about Higher and further education in North Rhine-Westphalia during the 1980s?,"[""Higher and further education""]","[""North Rhine-Westphalia""]","[""1984"", ""1985""]",ZA1441,Education and Life,,,
143,V2_TOPIC_COUNTRY_TIME_SINGLE_TOPIC,ZA1441,Education and Life,Can you find GESIS datasets about Social conditions and indicators in North Rhine-Westphalia during the 1980s?,"[""Social conditions and indicators""]","[""North Rhine-Westphalia""]","[""1984"", ""1985""]",ZA1441,Education and Life,,,
144,V2_TOPIC_COUNTRY_TIME_SINGLE_TOPIC,ZA1441,Education and Life,Can you find GESIS datasets about Family life and marriage in North Rhine-Westphalia during the 1980s?,"[""Family life and marriage""]","[""North Rhine-Westphalia""]","[""1984"", ""1985""]",ZA1441,Education and Life,,,
145,V2_TOPIC_COUNTRY_TIME_SINGLE_TOPIC,SDN-10.7802-2388,CROCorp: Corpus of Parliamentary Debates in Croatia,Can you find GESIS datasets about parliamentary debate in Croatia during the 2000s and 2010s and 2020s?,"[""parliamentary debate""]","[""Croatia""]","[""2003"", ""2020""]",SDN-10.7802-2388,CROCorp: Corpus of Parliamentary Debates in Croatia,"[""parliamentary debate"", ""Croatia""]","[""Croatia""]","[""2003"", ""2020""]"
146,V2_TOPIC_COUNTRY_TIME_SINGLE_TOPIC,SDN-10.7802-2388,CROCorp: Corpus of Parliamentary Debates in Croatia,Can you find GESIS datasets about Croatia in Croatia during the 2000s and 2010s and 2020s?,"[""Croatia""]","[""Croatia""]","[""2003"", ""2020""]",SDN-10.7802-2388,CROCorp: Corpus of Parliamentary Debates in Croatia,"[""parliamentary debate"", ""Croatia""]","[""Croatia""]","[""2003"", ""2020""]"
147,V2_TOPIC_COUNTRY_TIME_SINGLE_TOPIC,ZA8738,Crisis Monitor (Week 8/2024),Can you find GESIS datasets about Political ideology in Germany during the 2020s?,"[""Political ideology""]","[""Germany""]","[""2024"", ""2024""]",ZA8738,Crisis Monitor (Week 8/2024),,"[""Germany""]",
148,V2_TOPIC_COUNTRY_TIME_SINGLE_TOPIC,ZA0322,Attitude to Demonstrations and to the SDS,Can you find GESIS datasets about Higher and further education in Germany during the 1960s?,"[""Higher and further education""]","[""Germany""]","[""1968"", ""1968""]",ZA0322,Attitude to Demonstrations and to the SDS,,"[""Germany""]",
149,V2_TOPIC_COUNTRY_TIME_SINGLE_TOPIC,ZA0322,Attitude to Demonstrations and to the SDS,Can you find GESIS datasets about Political behaviour and attitudes in Germany during the 1960s?,"[""Political behaviour and attitudes""]","[""Germany""]","[""1968"", ""1968""]",ZA0322,Attitude to Demonstrations and to the SDS,,"[""Germany""]",
150,V2_TOPIC_COUNTRY_TIME_SINGLE_TOPIC,ZA0322,Attitude to Demonstrations and to the SDS,"Can you find GESIS datasets about Government, political systems and organisations in Germany during the 1960s?","[""Government, political systems and organisations""]","[""Germany""]","[""1968"", ""1968""]",ZA0322,Attitude to Demonstrations and to the SDS,,"[""Germany""]",
151,V2_TOPIC_COUNTRY_TIME_SINGLE_TOPIC,ZA6146,Partners III - Apprentices 1990,Can you find GESIS datasets about Reproductive health in German Democratic Republic (1949-1990) during the 1990s?,"[""Reproductive health""]","[""German Democratic Republic (1949-1990)""]","[""1990"", ""1990""]",ZA6146,Partners III - Apprentices 1990,,,
152,V2_TOPIC_COUNTRY_TIME_SINGLE_TOPIC,ZA6146,Partners III - Apprentices 1990,"Can you find GESIS datasets about Specific diseases, disorders and medical conditions in German Democratic Republic (1949-1990) during the 1990s?","[""Specific diseases, disorders and medical conditions""]","[""German Democratic Republic (1949-1990)""]","[""1990"", ""1990""]",ZA6146,Partners III - Apprentices 1990,,,
153,V2_TOPIC_COUNTRY_TIME_SINGLE_TOPIC,ZA6146,Partners III - Apprentices 1990,Can you find GESIS datasets about Family life and marriage in German Democratic Republic (1949-1990) during the 1990s?,"[""Family life and marriage""]","[""German Democratic Republic (1949-1990)""]","[""1990"", ""1990""]",ZA6146,Partners III - Apprentices 1990,,,
154,V2_TOPIC_COUNTRY_TIME_SINGLE_TOPIC,ZA5575,Group-oriented animosity against people (GMF-Survey 2010),Can you find GESIS datasets about SOCIAL STRATIFICATION AND GROUPINGS in Germany during the 2010s?,"[""SOCIAL STRATIFICATION AND GROUPINGS""]","[""Germany""]","[""2010"", ""2010""]",ZA5575,Group-oriented animosity against people (GMF-Survey 2010),,"[""Germany""]",
155,V2_TOPIC_COUNTRY_TIME_SINGLE_TOPIC,ZA5575,Group-oriented animosity against people (GMF-Survey 2010),Can you find GESIS datasets about Minorities in Germany during the 2010s?,"[""Minorities""]","[""Germany""]","[""2010"", ""2010""]",ZA5575,Group-oriented animosity against people (GMF-Survey 2010),,"[""Germany""]",
156,V2_TOPIC_COUNTRY_TIME_SINGLE_TOPIC,ZA6563,Schoolchildren Interval Study Health Education and Maintaining  Health 1987 to 1991 (Waves 1 to 3),Can you find GESIS datasets about Diet and nutrition in German Democratic Republic (1949-1990) during the 1980s and 1990s?,"[""Diet and nutrition""]","[""German Democratic Republic (1949-1990)""]","[""1987"", ""1991""]",ZA6563,Schoolchildren Interval Study Health Education and Maintaining  Health 1987 to 1991 (Waves 1 to 3),,,
157,V2_TOPIC_COUNTRY_TIME_SINGLE_TOPIC,ZA6563,Schoolchildren Interval Study Health Education and Maintaining  Health 1987 to 1991 (Waves 1 to 3),Can you find GESIS datasets about General health and well-being in German Democratic Republic (1949-1990) during the 1980s and 1990s?,"[""General health and well-being""]","[""German Democratic Republic (1949-1990)""]","[""1987"", ""1991""]",ZA6563,Schoolchildren Interval Study Health Education and Maintaining  Health 1987 to 1991 (Waves 1 to 3),,,
158,V2_TOPIC_COUNTRY_TIME_SINGLE_TOPIC,ZA6563,Schoolchildren Interval Study Health Education and Maintaining  Health 1987 to 1991 (Waves 1 to 3),Can you find GESIS datasets about Medication and treatment in German Democratic Republic (1949-1990) during the 1980s and 1990s?,"[""Medication and treatment""]","[""German Democratic Republic (1949-1990)""]","[""1987"", ""1991""]",ZA6563,Schoolchildren Interval Study Health Education and Maintaining  Health 1987 to 1991 (Waves 1 to 3),,,
159,V2_TOPIC_COUNTRY_TIME_SINGLE_TOPIC,ZA6563,Schoolchildren Interval Study Health Education and Maintaining  Health 1987 to 1991 (Waves 1 to 3),"Can you find GESIS datasets about Specific diseases, disorders and medical conditions in German Democratic Republic (1949-1990) during the 1980s and 1990s?","[""Specific diseases, disorders and medical conditions""]","[""German Democratic Republic (1949-1990)""]","[""1987"", ""1991""]",ZA6563,Schoolchildren Interval Study Health Education and Maintaining  Health 1987 to 1991 (Waves 1 to 3),,,
160,V2_TOPIC_COUNTRY_TIME_SINGLE_TOPIC,ZA4659,"Personality, Motives, and Human Capital as Explanations for Business Success",Can you find GESIS datasets about Employment in Germany during the 2000s?,"[""Employment""]","[""Germany""]","[""2002"", ""2003""]",ZA4659,"Personality, Motives, and Human Capital as Explanations for Business Success",,"[""Germany""]",
161,V2_TOPIC_COUNTRY_TIME_SINGLE_TOPIC,ZA4659,"Personality, Motives, and Human Capital as Explanations for Business Success",Can you find GESIS datasets about Business/industrial management and organisation in Germany during the 2000s?,"[""Business/industrial management and organisation""]","[""Germany""]","[""2002"", ""2003""]",ZA4659,"Personality, Motives, and Human Capital as Explanations for Business Success",,"[""Germany""]",
162,V2_TOPIC_COUNTRY_TIME_SINGLE_TOPIC,ZA4659,"Personality, Motives, and Human Capital as Explanations for Business Success",Can you find GESIS datasets about PSYCHOLOGY in Germany during the 2000s?,"[""PSYCHOLOGY""]","[""Germany""]","[""2002"", ""2003""]",ZA4659,"Personality, Motives, and Human Capital as Explanations for Business Success",,"[""Germany""]",
163,V2_TOPIC_COUNTRY_TIME_SINGLE_TOPIC,SDN-10.7802-2567,Code/Syntax: Homeoffice und suchthaftes Arbeiten in Deutschland,Can you find GESIS datasets about digitalization in Germany during the 2010s?,"[""digitalization""]","[""Germany""]","[""2017"", ""2018""]",SDN-10.7802-2752,TechnikRadar 2024,"[""genetic engineering"", ""residential behavior"", ""sociology of technology"", ""digitalization"", ""renewable energy"", ""automation"", ""health care delivery system""]","[""Germany""]","[""2017"", ""2022""]"
163,V2_TOPIC_COUNTRY_TIME_SINGLE_TOPIC,SDN-10.7802-2567,Code/Syntax: Homeoffice und suchthaftes Arbeiten in Deutschland,Can you find GESIS datasets about digitalization in Germany during the 2010s?,"[""digitalization""]","[""Germany""]","[""2017"", ""2018""]",SDN-10.7802-2312,"Syntax/Logfile zur Untersuchung: ""Verstärkt algorithmische Arbeitssteuerung Ungleichheiten in Arbeitsautonomie? Eine empirische Untersuchung von Beschäftigten in großen deutschen Arbeitsorganisationen""","[""social inequality"", ""digitalization"", ""autonomy"", ""status allocation""]","[""Germany""]","[""2018"", ""2019""]"
163,V2_TOPIC_COUNTRY_TIME_SINGLE_TOPIC,SDN-10.7802-2567,Code/Syntax: Homeoffice und suchthaftes Arbeiten in Deutschland,Can you find GESIS datasets about digitalization in Germany during the 2010s?,"[""digitalization""]","[""Germany""]","[""2017"", ""2018""]",SDN-10.7802-2567,Code/Syntax: Homeoffice und suchthaftes Arbeiten in Deutschland,"[""digitalization"", ""telecommuting"", ""workaholism"", ""job performance""]","[""Germany""]","[""2017"", ""2018""]"
163,V2_TOPIC_COUNTRY_TIME_SINGLE_TOPIC,SDN-10.7802-2567,Code/Syntax: Homeoffice und suchthaftes Arbeiten in Deutschland,Can you find GESIS datasets about digitalization in Germany during the 2010s?,"[""digitalization""]","[""Germany""]","[""2017"", ""2018""]",SDN-10.7802-2359,Code/Syntax: Vertrauen in digitale Technik. Der Einfluss mobiler Apps auf die Bereitschaft zur Verhaltensänderung,"[""confidence"", ""online survey"", ""digital media"", ""digitalization"", ""behavior modification"", ""acceptance research""]","[""Germany""]","[""2018"", ""2018""]"
164,V2_TOPIC_COUNTRY_TIME_SINGLE_TOPIC,SDN-10.7802-2567,Code/Syntax: Homeoffice und suchthaftes Arbeiten in Deutschland,Can you find GESIS datasets about telecommuting in Germany during the 2010s?,"[""telecommuting""]","[""Germany""]","[""2017"", ""2018""]",SDN-10.7802-2567,Code/Syntax: Homeoffice und suchthaftes Arbeiten in Deutschland,"[""digitalization"", ""telecommuting"", ""workaholism"", ""job performance""]","[""Germany""]","[""2017"", ""2018""]"
165,V2_TOPIC_COUNTRY_TIME_SINGLE_TOPIC,SDN-10.7802-2567,Code/Syntax: Homeoffice und suchthaftes Arbeiten in Deutschland,Can you find GESIS datasets about workaholism in Germany during the 2010s?,"[""workaholism""]","[""Germany""]","[""2017"", ""2018""]",SDN-10.7802-2567,Code/Syntax: Homeoffice und suchthaftes Arbeiten in Deutschland,"[""digitalization"", ""telecommuting"", ""workaholism"", ""job performance""]","[""Germany""]","[""2017"", ""2018""]"
166,V2_TOPIC_COUNTRY_TIME_SINGLE_TOPIC,SDN-10.7802-2567,Code/Syntax: Homeoffice und suchthaftes Arbeiten in Deutschland,Can you find GESIS datasets about job performance in Germany during the 2010s?,"[""job performance""]","[""Germany""]","[""2017"", ""2018""]",SDN-10.7802-2567,Code/Syntax: Homeoffice und suchthaftes Arbeiten in Deutschland,"[""digitalization"", ""telecommuting"", ""workaholism"", ""job performance""]","[""Germany""]","[""2017"", ""2018""]"
167,V2_TOPIC_COUNTRY_TIME_SINGLE_TOPIC,ZA0527,Young People in Organized Leisure Time,"Can you find GESIS datasets about Leisure, tourism and sport in Germany during the 1960s?","[""Leisure, tourism and sport""]","[""Germany""]","[""1966"", ""1966""]",ZA0527,Young People in Organized Leisure Time,,"[""Germany""]",
168,V2_TOPIC_COUNTRY_TIME_SINGLE_TOPIC,ZA0527,Young People in Organized Leisure Time,Can you find GESIS datasets about Youth in Germany during the 1960s?,"[""Youth""]","[""Germany""]","[""1966"", ""1966""]",ZA0527,Young People in Organized Leisure Time,,"[""Germany""]",
169,V2_TOPIC_COUNTRY_TIME_SINGLE_TOPIC,ZA5642,State Election in Saarland 2012,Can you find GESIS datasets about Political behaviour and attitudes in Saarland during the 2010s?,"[""Political behaviour and attitudes""]","[""Saarland""]","[""2012"", ""2012""]",ZA5642,State Election in Saarland 2012,,,
170,V2_TOPIC_COUNTRY_TIME_SINGLE_TOPIC,ZA5642,State Election in Saarland 2012,Can you find GESIS datasets about Elections in Saarland during the 2010s?,"[""Elections""]","[""Saarland""]","[""2012"", ""2012""]",ZA5642,State Election in Saarland 2012,,,
171,V2_TOPIC_COUNTRY_TIME_SINGLE_TOPIC,ZA3331,Opinions and Values of Egyptian Students in West Germany,Can you find GESIS datasets about International politics and organisations in Germany during the 1960s?,"[""International politics and organisations""]","[""Germany""]","[""1964"", ""1965""]",ZA3331,Opinions and Values of Egyptian Students in West Germany,,"[""Germany""]",
172,V2_TOPIC_COUNTRY_TIME_SINGLE_TOPIC,ZA3331,Opinions and Values of Egyptian Students in West Germany,Can you find GESIS datasets about SOCIAL STRATIFICATION AND GROUPINGS in Germany during the 1960s?,"[""SOCIAL STRATIFICATION AND GROUPINGS""]","[""Germany""]","[""1964"", ""1965""]",ZA3331,Opinions and Values of Egyptian Students in West Germany,,"[""Germany""]",
173,V2_TOPIC_COUNTRY_TIME_SINGLE_TOPIC,SDN-10.7802-2783,"Food for Justice: Power, Politics, and Food Inequalities in a Bioeconomy (Berlin, 2024)",Can you find GESIS datasets about protest movement in Germany and Berlin during the 2020s?,"[""protest movement""]","[""Germany"", ""Berlin""]","[""2024"", ""2024""]",SDN-10.7802-2783,"Food for Justice: Power, Politics, and Food Inequalities in a Bioeconomy (Berlin, 2024)","[""protest movement"", ""agricultural policy"", ""nutrition policy""]","[""Germany"", ""Berlin""]","[""2024"", ""2024""]"
174,V2_TOPIC_COUNTRY_TIME_SINGLE_TOPIC,SDN-10.7802-2783,"Food for Justice: Power, Politics, and Food Inequalities in a Bioeconomy (Berlin, 2024)",Can you find GESIS datasets about agricultural policy in Germany and Berlin during the 2020s?,"[""agricultural policy""]","[""Germany"", ""Berlin""]","[""2024"", ""2024""]",SDN-10.7802-2783,"Food for Justice: Power, Politics, and Food Inequalities in a Bioeconomy (Berlin, 2024)","[""protest movement"", ""agricultural policy"", ""nutrition policy""]","[""Germany"", ""Berlin""]","[""2024"", ""2024""]"
175,V2_TOPIC_COUNTRY_TIME_SINGLE_TOPIC,SDN-10.7802-2783,"Food for Justice: Power, Politics, and Food Inequalities in a Bioeconomy (Berlin, 2024)",Can you find GESIS datasets about nutrition policy in Germany and Berlin during the 2020s?,"[""nutrition policy""]","[""Germany"", ""Berlin""]","[""2024"", ""2024""]",SDN-10.7802-2783,"Food for Justice: Power, Politics, and Food Inequalities in a Bioeconomy (Berlin, 2024)","[""protest movement"", ""agricultural policy"", ""nutrition policy""]","[""Germany"", ""Berlin""]","[""2024"", ""2024""]"
176,V2_TOPIC_COUNTRY_TIME_SINGLE_TOPIC,ZA1639,Consumer Analysis 87,Can you find GESIS datasets about Consumption and consumer behaviour in Germany during the 1980s?,"[""Consumption and consumer behaviour""]","[""Germany""]","[""1984"", ""1987""]",ZA1639,Consumer Analysis 87,,"[""Germany""]",
177,V2_TOPIC_COUNTRY_TIME_SINGLE_TOPIC,ZA6363,Sociological Investigation - Jena 1988,"Can you find GESIS datasets about Community, urban and rural life in German Democratic Republic (1949-1990) during the 1980s?","[""Community, urban and rural life""]","[""German Democratic Republic (1949-1990)""]","[""1988"", ""1988""]",ZA6363,Sociological Investigation - Jena 1988,,,
178,V2_TOPIC_COUNTRY_TIME_SINGLE_TOPIC,ZA6363,Sociological Investigation - Jena 1988,Can you find GESIS datasets about Housing in German Democratic Republic (1949-1990) during the 1980s?,"[""Housing""]","[""German Democratic Republic (1949-1990)""]","[""1988"", ""1988""]",ZA6363,Sociological Investigation - Jena 1988,,,
179,V2_TOPIC_COUNTRY_TIME_SINGLE_TOPIC,ZA3680,International Social Survey Programme: Social Relations and Support Systems - ISSP 2001,"Can you find GESIS datasets about Social behaviour and attitudes in Australia, Austria, Brazil, Canada, Chile, Cyprus, Czech Republic, Denmark, Finland, France, Germany, Great Britain, Hungary, Israel, Italy, Japan, Latvia, New Zealand, Northern Ireland, Norway, Philippines, Poland, Russian Federation, Slovenia, Spain, South Africa, Switzerland, and United States of America during the 2000s?","[""Social behaviour and attitudes""]","[""Australia"", ""Austria"", ""Brazil"", ""Canada"", ""Chile"", ""Cyprus"", ""Czech Republic"", ""Denmark"", ""Finland"", ""France"", ""Germany"", ""Great Britain"", ""Hungary"", ""Israel"", ""Italy"", ""Japan"", ""Latvia"", ""New Zealand"", ""Northern Ireland"", ""Norway"", ""Philippines"", ""Poland"", ""Russian Federation"", ""Slovenia"", ""Spain"", ""South Africa"", ""Switzerland"", ""United States of America""]","[""2000"", ""2002""]",ZA3680,International Social Survey Programme: Social Relations and Support Systems - ISSP 2001,,"[""Australia"", ""Austria"", ""Brazil"", ""Canada"", ""Chile"", ""Cyprus"", ""Czech Republic"", ""Denmark"", ""Finland"", ""France"", ""Germany"", ""Hungary"", ""Israel"", ""Italy"", ""Japan"", ""Latvia"", ""New Zealand"", ""Norway"", ""Philippines"", ""Poland"", ""Russian Federation"", ""Slovenia"", ""Spain"", ""South Africa"", ""Switzerland"", ""United States of America""]",
180,V2_TOPIC_COUNTRY_TIME_SINGLE_TOPIC,ZA3680,International Social Survey Programme: Social Relations and Support Systems - ISSP 2001,"Can you find GESIS datasets about SOCIAL STRATIFICATION AND GROUPINGS in Australia, Austria, Brazil, Canada, Chile, Cyprus, Czech Republic, Denmark, Finland, France, Germany, Great Britain, Hungary, Israel, Italy, Japan, Latvia, New Zealand, Northern Ireland, Norway, Philippines, Poland, Russian Federation, Slovenia, Spain, South Africa, Switzerland, and United States of America during the 2000s?","[""SOCIAL STRATIFICATION AND GROUPINGS""]","[""Australia"", ""Austria"", ""Brazil"", ""Canada"", ""Chile"", ""Cyprus"", ""Czech Republic"", ""Denmark"", ""Finland"", ""France"", ""Germany"", ""Great Britain"", ""Hungary"", ""Israel"", ""Italy"", ""Japan"", ""Latvia"", ""New Zealand"", ""Northern Ireland"", ""Norway"", ""Philippines"", ""Poland"", ""Russian Federation"", ""Slovenia"", ""Spain"", ""South Africa"", ""Switzerland"", ""United States of America""]","[""2000"", ""2002""]",ZA3680,International Social Survey Programme: Social Relations and Support Systems - ISSP 2001,,"[""Australia"", ""Austria"", ""Brazil"", ""Canada"", ""Chile"", ""Cyprus"", ""Czech Republic"", ""Denmark"", ""Finland"", ""France"", ""Germany"", ""Hungary"", ""Israel"", ""Italy"", ""Japan"", ""Latvia"", ""New Zealand"", ""Norway"", ""Philippines"", ""Poland"", ""Russian Federation"", ""Slovenia"", ""Spain"", ""South Africa"", ""Switzerland"", ""United States of America""]",
181,V2_TOPIC_COUNTRY_TIME_SINGLE_TOPIC,ZA3680,International Social Survey Programme: Social Relations and Support Systems - ISSP 2001,"Can you find GESIS datasets about Family life and marriage in Australia, Austria, Brazil, Canada, Chile, Cyprus, Czech Republic, Denmark, Finland, France, Germany, Great Britain, Hungary, Israel, Italy, Japan, Latvia, New Zealand, Northern Ireland, Norway, Philippines, Poland, Russian Federation, Slovenia, Spain, South Africa, Switzerland, and United States of America during the 2000s?","[""Family life and marriage""]","[""Australia"", ""Austria"", ""Brazil"", ""Canada"", ""Chile"", ""Cyprus"", ""Czech Republic"", ""Denmark"", ""Finland"", ""France"", ""Germany"", ""Great Britain"", ""Hungary"", ""Israel"", ""Italy"", ""Japan"", ""Latvia"", ""New Zealand"", ""Northern Ireland"", ""Norway"", ""Philippines"", ""Poland"", ""Russian Federation"", ""Slovenia"", ""Spain"", ""South Africa"", ""Switzerland"", ""United States of America""]","[""2000"", ""2002""]",ZA3680,International Social Survey Programme: Social Relations and Support Systems - ISSP 2001,,"[""Australia"", ""Austria"", ""Brazil"", ""Canada"", ""Chile"", ""Cyprus"", ""Czech Republic"", ""Denmark"", ""Finland"", ""France"", ""Germany"", ""Hungary"", ""Israel"", ""Italy"", ""Japan"", ""Latvia"", ""New Zealand"", ""Norway"", ""Philippines"", ""Poland"", ""Russian Federation"", ""Slovenia"", ""Spain"", ""South Africa"", ""Switzerland"", ""United States of America""]",
182,V2_TOPIC_COUNTRY_TIME_SINGLE_TOPIC,ZA5473,Flash Eurobarometer 313 (User Language Preferences Online),"Can you find GESIS datasets about Media in Belgium, Germany, Spain, Greece, France, Ireland, Italy, Luxembourg, Netherlands, Austria, Portugal, Finland, Slovenia, Cyprus, Malta, Slovakia, Bulgaria, Czech Republic, Denmark, Estonia, Latvia, Hungary, Poland, Romania, Sweden, United Kingdom, and Lithuania during the 2010s?","[""Media""]","[""Belgium"", ""Germany"", ""Spain"", ""Greece"", ""France"", ""Ireland"", ""Italy"", ""Luxembourg"", ""Netherlands"", ""Austria"", ""Portugal"", ""Finland"", ""Slovenia"", ""Cyprus"", ""Malta"", ""Slovakia"", ""Bulgaria"", ""Czech Republic"", ""Denmark"", ""Estonia"", ""Latvia"", ""Hungary"", ""Poland"", ""Romania"", ""Sweden"", ""United Kingdom"", ""Lithuania""]","[""2011"", ""2011""]",ZA5473,Flash Eurobarometer 313 (User Language Preferences Online),,"[""Belgium"", ""Germany"", ""Spain"", ""Greece"", ""France"", ""Ireland"", ""Italy"", ""Luxembourg"", ""Netherlands"", ""Austria"", ""Portugal"", ""Finland"", ""Slovenia"", ""Cyprus"", ""Malta"", ""Slovakia"", ""Bulgaria"", ""Czech Republic"", ""Denmark"", ""Estonia"", ""Latvia"", ""Hungary"", ""Poland"", ""Romania"", ""Sweden"", ""United Kingdom"", ""Lithuania""]",
183,V2_TOPIC_COUNTRY_TIME_SINGLE_TOPIC,ZA5473,Flash Eurobarometer 313 (User Language Preferences Online),"Can you find GESIS datasets about Language and linguistics in Belgium, Germany, Spain, Greece, France, Ireland, Italy, Luxembourg, Netherlands, Austria, Portugal, Finland, Slovenia, Cyprus, Malta, Slovakia, Bulgaria, Czech Republic, Denmark, Estonia, Latvia, Hungary, Poland, Romania, Sweden, United Kingdom, and Lithuania during the 2010s?","[""Language and linguistics""]","[""Belgium"", ""Germany"", ""Spain"", ""Greece"", ""France"", ""Ireland"", ""Italy"", ""Luxembourg"", ""Netherlands"", ""Austria"", ""Portugal"", ""Finland"", ""Slovenia"", ""Cyprus"", ""Malta"", ""Slovakia"", ""Bulgaria"", ""Czech Republic"", ""Denmark"", ""Estonia"", ""Latvia"", ""Hungary"", ""Poland"", ""Romania"", ""Sweden"", ""United Kingdom"", ""Lithuania""]","[""2011"", ""2011""]",ZA5473,Flash Eurobarometer 313 (User Language Preferences Online),,"[""Belgium"", ""Germany"", ""Spain"", ""Greece"", ""France"", ""Ireland"", ""Italy"", ""Luxembourg"", ""Netherlands"", ""Austria"", ""Portugal"", ""Finland"", ""Slovenia"", ""Cyprus"", ""Malta"", ""Slovakia"", ""Bulgaria"", ""Czech Republic"", ""Denmark"", ""Estonia"", ""Latvia"", ""Hungary"", ""Poland"", ""Romania"", ""Sweden"", ""United Kingdom"", ""Lithuania""]",
184,V2_TOPIC_COUNTRY_TIME_SINGLE_TOPIC,ZA2820,Political Resonance 1995,"Can you find GESIS datasets about Equality, inequality and social exclusion in Germany during the 1990s?","[""Equality, inequality and social exclusion""]","[""Germany""]","[""1995"", ""1995""]",ZA2820,Political Resonance 1995,,"[""Germany""]",
185,V2_TOPIC_COUNTRY_TIME_SINGLE_TOPIC,ZA7630,Based on ISSP 2018: A Cross-national and Comparative Study of Religion of Additional 14 Countries,"Can you find GESIS datasets about Religion and values in Algeria, Ghana, Indonesia, Jordan, Kenya, Cambodia, Sri Lanka, Mongolia, Malawi, Malaysia, Nigeria, Nepal, Singapore, and Viet Nam during the 2010s?","[""Religion and values""]","[""Algeria"", ""Ghana"", ""Indonesia"", ""Jordan"", ""Kenya"", ""Cambodia"", ""Sri Lanka"", ""Mongolia"", ""Malawi"", ""Malaysia"", ""Nigeria"", ""Nepal"", ""Singapore"", ""Viet Nam""]","[""2018"", ""2019""]",ZA7630,Based on ISSP 2018: A Cross-national and Comparative Study of Religion of Additional 14 Countries,,"[""Algeria"", ""Ghana"", ""Indonesia"", ""Jordan"", ""Kenya"", ""Cambodia"", ""Sri Lanka"", ""Mongolia"", ""Malawi"", ""Malaysia"", ""Nigeria"", ""Nepal"", ""Singapore"", ""Viet Nam""]",
186,V2_TOPIC_COUNTRY_TIME_SINGLE_TOPIC,ZA1976,International Relations (February 1963),"Can you find GESIS datasets about International politics and organisations in France, Great Britain, Germany, and Italy during the 1960s?","[""International politics and organisations""]","[""France"", ""Great Britain"", ""Germany"", ""Italy""]","[""1963"", ""1963""]",ZA1976,International Relations (February 1963),,"[""France"", ""Germany"", ""Italy""]",
187,V2_TOPIC_COUNTRY_TIME_SINGLE_TOPIC,ZA1976,International Relations (February 1963),"Can you find GESIS datasets about Conflict, security and peace in France, Great Britain, Germany, and Italy during the 1960s?","[""Conflict, security and peace""]","[""France"", ""Great Britain"", ""Germany"", ""Italy""]","[""1963"", ""1963""]",ZA1976,International Relations (February 1963),,"[""France"", ""Germany"", ""Italy""]",
188,V2_TOPIC_COUNTRY_TIME_SINGLE_TOPIC,ZA5897,Flash Eurobarometer 383 (Firearms in the European Union),"Can you find GESIS datasets about LAW, CRIME AND LEGAL SYSTEMS in Belgium, Denmark, Germany, Greece, Spain, Finland, France, Ireland, Italy, Luxembourg, Netherlands, Austria, Portugal, Sweden, United Kingdom, Bulgaria, Cyprus, Czech Republic, Estonia, Hungary, Latvia, Lithuania, Malta, Poland, Romania, Slovakia, Slovenia, and Croatia during the 2010s?","[""LAW, CRIME AND LEGAL SYSTEMS""]","[""Belgium"", ""Denmark"", ""Germany"", ""Greece"", ""Spain"", ""Finland"", ""France"", ""Ireland"", ""Italy"", ""Luxembourg"", ""Netherlands"", ""Austria"", ""Portugal"", ""Sweden"", ""United Kingdom"", ""Bulgaria"", ""Cyprus"", ""Czech Republic"", ""Estonia"", ""Hungary"", ""Latvia"", ""Lithuania"", ""Malta"", ""Poland"", ""Romania"", ""Slovakia"", ""Slovenia"", ""Croatia""]","[""2013"", ""2013""]",ZA5897,Flash Eurobarometer 383 (Firearms in the European Union),,"[""Belgium"", ""Denmark"", ""Germany"", ""Greece"", ""Spain"", ""Finland"", ""France"", ""Ireland"", ""Italy"", ""Luxembourg"", ""Netherlands"", ""Austria"", ""Portugal"", ""Sweden"", ""United Kingdom"", ""Bulgaria"", ""Cyprus"", ""Czech Republic"", ""Estonia"", ""Hungary"", ""Latvia"", ""Lithuania"", ""Malta"", ""Poland"", ""Romania"", ""Slovakia"", ""Slovenia"", ""Croatia""]",
189,V2_TOPIC_COUNTRY_TIME_SINGLE_TOPIC,ZA5897,Flash Eurobarometer 383 (Firearms in the European Union),"Can you find GESIS datasets about Crime and law enforcement in Belgium, Denmark, Germany, Greece, Spain, Finland, France, Ireland, Italy, Luxembourg, Netherlands, Austria, Portugal, Sweden, United Kingdom, Bulgaria, Cyprus, Czech Republic, Estonia, Hungary, Latvia, Lithuania, Malta, Poland, Romania, Slovakia, Slovenia, and Croatia during the 2010s?","[""Crime and law enforcement""]","[""Belgium"", ""Denmark"", ""Germany"", ""Greece"", ""Spain"", ""Finland"", ""France"", ""Ireland"", ""Italy"", ""Luxembourg"", ""Netherlands"", ""Austria"", ""Portugal"", ""Sweden"", ""United Kingdom"", ""Bulgaria"", ""Cyprus"", ""Czech Republic"", ""Estonia"", ""Hungary"", ""Latvia"", ""Lithuania"", ""Malta"", ""Poland"", ""Romania"", ""Slovakia"", ""Slovenia"", ""Croatia""]","[""2013"", ""2013""]",ZA5897,Flash Eurobarometer 383 (Firearms in the European Union),,"[""Belgium"", ""Denmark"", ""Germany"", ""Greece"", ""Spain"", ""Finland"", ""France"", ""Ireland"", ""Italy"", ""Luxembourg"", ""Netherlands"", ""Austria"", ""Portugal"", ""Sweden"", ""United Kingdom"", ""Bulgaria"", ""Cyprus"", ""Czech Republic"", ""Estonia"", ""Hungary"", ""Latvia"", ""Lithuania"", ""Malta"", ""Poland"", ""Romania"", ""Slovakia"", ""Slovenia"", ""Croatia""]",
190,V2_TOPIC_COUNTRY_TIME_SINGLE_TOPIC,ZA5897,Flash Eurobarometer 383 (Firearms in the European Union),"Can you find GESIS datasets about International politics and organisations in Belgium, Denmark, Germany, Greece, Spain, Finland, France, Ireland, Italy, Luxembourg, Netherlands, Austria, Portugal, Sweden, United Kingdom, Bulgaria, Cyprus, Czech Republic, Estonia, Hungary, Latvia, Lithuania, Malta, Poland, Romania, Slovakia, Slovenia, and Croatia during the 2010s?","[""International politics and organisations""]","[""Belgium"", ""Denmark"", ""Germany"", ""Greece"", ""Spain"", ""Finland"", ""France"", ""Ireland"", ""Italy"", ""Luxembourg"", ""Netherlands"", ""Austria"", ""Portugal"", ""Sweden"", ""United Kingdom"", ""Bulgaria"", ""Cyprus"", ""Czech Republic"", ""Estonia"", ""Hungary"", ""Latvia"", ""Lithuania"", ""Malta"", ""Poland"", ""Romania"", ""Slovakia"", ""Slovenia"", ""Croatia""]","[""2013"", ""2013""]",ZA5897,Flash Eurobarometer 383 (Firearms in the European Union),,"[""Belgium"", ""Denmark"", ""Germany"", ""Greece"", ""Spain"", ""Finland"", ""France"", ""Ireland"", ""Italy"", ""Luxembourg"", ""Netherlands"", ""Austria"", ""Portugal"", ""Sweden"", ""United Kingdom"", ""Bulgaria"", ""Cyprus"", ""Czech Republic"", ""Estonia"", ""Hungary"", ""Latvia"", ""Lithuania"", ""Malta"", ""Poland"", ""Romania"", ""Slovakia"", ""Slovenia"", ""Croatia""]",
191,V2_TOPIC_COUNTRY_TIME_SINGLE_TOPIC,ZA3891,Party Preferences Czech Republic 2000 (Trend),Can you find GESIS datasets about Political behaviour and attitudes in Czech Republic during the 2000s?,"[""Political behaviour and attitudes""]","[""Czech Republic""]","[""2000"", ""2000""]",ZA3891,Party Preferences Czech Republic 2000 (Trend),,"[""Czech Republic""]",
192,V2_TOPIC_COUNTRY_TIME_SINGLE_TOPIC,ZA3891,Party Preferences Czech Republic 2000 (Trend),"Can you find GESIS datasets about Government, political systems and organisations in Czech Republic during the 2000s?","[""Government, political systems and organisations""]","[""Czech Republic""]","[""2000"", ""2000""]",ZA3891,Party Preferences Czech Republic 2000 (Trend),,"[""Czech Republic""]",
193,V2_TOPIC_COUNTRY_TIME_SINGLE_TOPIC,ZA3891,Party Preferences Czech Republic 2000 (Trend),Can you find GESIS datasets about Elections in Czech Republic during the 2000s?,"[""Elections""]","[""Czech Republic""]","[""2000"", ""2000""]",ZA3891,Party Preferences Czech Republic 2000 (Trend),,"[""Czech Republic""]",
194,V2_TOPIC_COUNTRY_TIME_SINGLE_TOPIC,ZA5517,International Social Survey Programme: National Identity III - ISSP 2013 (Netherlands),Can you find GESIS datasets about Cultural and national identity in Netherlands during the 2010s?,"[""Cultural and national identity""]","[""Netherlands""]","[""2014"", ""2014""]",ZA5517,International Social Survey Programme: National Identity III - ISSP 2013 (Netherlands),,"[""Netherlands""]",
195,V2_TOPIC_COUNTRY_TIME_SINGLE_TOPIC,ZA5517,International Social Survey Programme: National Identity III - ISSP 2013 (Netherlands),Can you find GESIS datasets about Minorities in Netherlands during the 2010s?,"[""Minorities""]","[""Netherlands""]","[""2014"", ""2014""]",ZA5517,International Social Survey Programme: National Identity III - ISSP 2013 (Netherlands),,"[""Netherlands""]",
196,V2_TOPIC_COUNTRY_TIME_SINGLE_TOPIC,ZA5517,International Social Survey Programme: National Identity III - ISSP 2013 (Netherlands),Can you find GESIS datasets about International politics and organisations in Netherlands during the 2010s?,"[""International politics and organisations""]","[""Netherlands""]","[""2014"", ""2014""]",ZA5517,International Social Survey Programme: National Identity III - ISSP 2013 (Netherlands),,"[""Netherlands""]",
197,V2_TOPIC_COUNTRY_TIME_SINGLE_TOPIC,ZA5517,International Social Survey Programme: National Identity III - ISSP 2013 (Netherlands),Can you find GESIS datasets about Migration in Netherlands during the 2010s?,"[""Migration""]","[""Netherlands""]","[""2014"", ""2014""]",ZA5517,International Social Survey Programme: National Identity III - ISSP 2013 (Netherlands),,"[""Netherlands""]",
198,V2_TOPIC_COUNTRY_TIME_SINGLE_TOPIC,ZA8080,The Reichstag Elections and Reich Presidential Elections in Kiel 1925-1932,Can you find GESIS datasets about HISTORY in German Reich (1871-1945) during the 1920s and 1930s?,"[""HISTORY""]","[""German Reich (1871-1945)""]","[""1925"", ""1932""]",ZA8080,The Reichstag Elections and Reich Presidential Elections in Kiel 1925-1932,,,
199,V2_TOPIC_COUNTRY_TIME_SINGLE_TOPIC,ZA1853,Attitudes to Security Policy in the Federal Republic (November - December 1982),Can you find GESIS datasets about International politics and organisations in Germany during the 1980s?,"[""International politics and organisations""]","[""Germany""]","[""1982"", ""1982""]",ZA1853,Attitudes to Security Policy in the Federal Republic (November - December 1982),,"[""Germany""]",
200,V2_TOPIC_COUNTRY_TIME_SINGLE_TOPIC,ZA1853,Attitudes to Security Policy in the Federal Republic (November - December 1982),"Can you find GESIS datasets about Conflict, security and peace in Germany during the 1980s?","[""Conflict, security and peace""]","[""Germany""]","[""1982"", ""1982""]",ZA1853,Attitudes to Security Policy in the Federal Republic (November - December 1982),,"[""Germany""]",
201,V2_TOPIC_COUNTRY_TIME_SINGLE_TOPIC,ZA1853,Attitudes to Security Policy in the Federal Republic (November - December 1982),"Can you find GESIS datasets about Government, political systems and organisations in Germany during the 1980s?","[""Government, political systems and organisations""]","[""Germany""]","[""1982"", ""1982""]",ZA1853,Attitudes to Security Policy in the Federal Republic (November - December 1982),,"[""Germany""]",
202,V2_TOPIC_COUNTRY_TIME_SINGLE_TOPIC,ZA1853,Attitudes to Security Policy in the Federal Republic (November - December 1982),Can you find GESIS datasets about Economic systems and development in Germany during the 1980s?,"[""Economic systems and development""]","[""Germany""]","[""1982"", ""1982""]",ZA1853,Attitudes to Security Policy in the Federal Republic (November - December 1982),,"[""Germany""]",
203,V2_TOPIC_COUNTRY_TIME_SINGLE_TOPIC,ZA8859,Crime in the Modern City 2007,Can you find GESIS datasets about Crime and law enforcement in Duisburg during the 2000s?,"[""Crime and law enforcement""]","[""Duisburg""]","[""2007"", ""2007""]",ZA8859,Crime in the Modern City 2007,,,
204,V2_TOPIC_COUNTRY_TIME_SINGLE_TOPIC,ZA8859,Crime in the Modern City 2007,Can you find GESIS datasets about Legislation and legal systems in Duisburg during the 2000s?,"[""Legislation and legal systems""]","[""Duisburg""]","[""2007"", ""2007""]",ZA8859,Crime in the Modern City 2007,,,
205,V2_TOPIC_COUNTRY_TIME_SINGLE_TOPIC,ZA8859,Crime in the Modern City 2007,Can you find GESIS datasets about PSYCHOLOGY in Duisburg during the 2000s?,"[""PSYCHOLOGY""]","[""Duisburg""]","[""2007"", ""2007""]",ZA8859,Crime in the Modern City 2007,,,
206,V2_TOPIC_COUNTRY_TIME_SINGLE_TOPIC,ZA8859,Crime in the Modern City 2007,Can you find GESIS datasets about Family life and marriage in Duisburg during the 2000s?,"[""Family life and marriage""]","[""Duisburg""]","[""2007"", ""2007""]",ZA8859,Crime in the Modern City 2007,,,
207,V2_TOPIC_COUNTRY_TIME_SINGLE_TOPIC,ZA8859,Crime in the Modern City 2007,"Can you find GESIS datasets about Community, urban and rural life in Duisburg during the 2000s?","[""Community, urban and rural life""]","[""Duisburg""]","[""2007"", ""2007""]",ZA8859,Crime in the Modern City 2007,,,
208,V2_TOPIC_COUNTRY_TIME_SINGLE_TOPIC,ZA8859,Crime in the Modern City 2007,"Can you find GESIS datasets about Leisure, tourism and sport in Duisburg during the 2000s?","[""Leisure, tourism and sport""]","[""Duisburg""]","[""2007"", ""2007""]",ZA8859,Crime in the Modern City 2007,,,
209,V2_TOPIC_COUNTRY_TIME_SINGLE_TOPIC,ZA8859,Crime in the Modern City 2007,Can you find GESIS datasets about Social behaviour and attitudes in Duisburg during the 2000s?,"[""Social behaviour and attitudes""]","[""Duisburg""]","[""2007"", ""2007""]",ZA8859,Crime in the Modern City 2007,,,
210,V2_TOPIC_COUNTRY_TIME_SINGLE_TOPIC,ZA8859,Crime in the Modern City 2007,Can you find GESIS datasets about Time use in Duisburg during the 2000s?,"[""Time use""]","[""Duisburg""]","[""2007"", ""2007""]",ZA8859,Crime in the Modern City 2007,,,
211,V2_TOPIC_COUNTRY_TIME_SINGLE_TOPIC,ZA8859,Crime in the Modern City 2007,Can you find GESIS datasets about Vocational education and training in Duisburg during the 2000s?,"[""Vocational education and training""]","[""Duisburg""]","[""2007"", ""2007""]",ZA8859,Crime in the Modern City 2007,,,
212,V2_TOPIC_COUNTRY_TIME_SINGLE_TOPIC,ZA8859,Crime in the Modern City 2007,Can you find GESIS datasets about Employment in Duisburg during the 2000s?,"[""Employment""]","[""Duisburg""]","[""2007"", ""2007""]",ZA8859,Crime in the Modern City 2007,,,
213,V2_TOPIC_COUNTRY_TIME_SINGLE_TOPIC,ZA5727,"Long-term Online Tracking, T27 (GLES)",Can you find GESIS datasets about Elections in Germany during the 2010s?,"[""Elections""]","[""Germany""]","[""2015"", ""2015""]",ZA5727,"Long-term Online Tracking, T27 (GLES)",,"[""Germany""]",
214,V2_TOPIC_COUNTRY_TIME_SINGLE_TOPIC,ZA5727,"Long-term Online Tracking, T27 (GLES)","Can you find GESIS datasets about Economic policy, public expenditure and revenue in Germany during the 2010s?","[""Economic policy, public expenditure and revenue""]","[""Germany""]","[""2015"", ""2015""]",ZA5727,"Long-term Online Tracking, T27 (GLES)",,"[""Germany""]",
215,V2_TOPIC_COUNTRY_TIME_SINGLE_TOPIC,ZA5727,"Long-term Online Tracking, T27 (GLES)",Can you find GESIS datasets about Economic systems and development in Germany during the 2010s?,"[""Economic systems and development""]","[""Germany""]","[""2015"", ""2015""]",ZA5727,"Long-term Online Tracking, T27 (GLES)",,"[""Germany""]",
216,V2_TOPIC_COUNTRY_TIME_SINGLE_TOPIC,ZA0401,Comparative National Development Project (Uruguay),Can you find GESIS datasets about Higher and further education in Uruguay during the 1960s?,"[""Higher and further education""]","[""Uruguay""]","[""1966"", ""1966""]",ZA0401,Comparative National Development Project (Uruguay),,"[""Uruguay""]",
217,V2_TOPIC_COUNTRY_TIME_SINGLE_TOPIC,ZA0401,Comparative National Development Project (Uruguay),Can you find GESIS datasets about Social behaviour and attitudes in Uruguay during the 1960s?,"[""Social behaviour and attitudes""]","[""Uruguay""]","[""1966"", ""1966""]",ZA0401,Comparative National Development Project (Uruguay),,"[""Uruguay""]",
218,V2_TOPIC_COUNTRY_TIME_SINGLE_TOPIC,ZA0401,Comparative National Development Project (Uruguay),Can you find GESIS datasets about Political behaviour and attitudes in Uruguay during the 1960s?,"[""Political behaviour and attitudes""]","[""Uruguay""]","[""1966"", ""1966""]",ZA0401,Comparative National Development Project (Uruguay),,"[""Uruguay""]",
219,V2_TOPIC_COUNTRY_TIME_SINGLE_TOPIC,ZA5520,International Social Survey Programme: Work Orientations IV - ISSP 2015 (Turkey),Can you find GESIS datasets about Political behaviour and attitudes in Turkey during the 2010s?,"[""Political behaviour and attitudes""]","[""Turkey""]","[""2017"", ""2017""]",ZA5520,International Social Survey Programme: Work Orientations IV - ISSP 2015 (Turkey),,"[""Turkey""]",
220,V2_TOPIC_COUNTRY_TIME_SINGLE_TOPIC,ZA5520,International Social Survey Programme: Work Orientations IV - ISSP 2015 (Turkey),"Can you find GESIS datasets about Government, political systems and organisations in Turkey during the 2010s?","[""Government, political systems and organisations""]","[""Turkey""]","[""2017"", ""2017""]",ZA5520,International Social Survey Programme: Work Orientations IV - ISSP 2015 (Turkey),,"[""Turkey""]",
221,V2_TOPIC_COUNTRY_TIME_SINGLE_TOPIC,ZA3777,EVS - European Values Study 1999 - Great Britain,Can you find GESIS datasets about Religion and values in United Kingdom during the 1990s?,"[""Religion and values""]","[""United Kingdom""]","[""1999"", ""1999""]",ZA3777,EVS - European Values Study 1999 - Great Britain,,"[""United Kingdom""]",
222,V2_TOPIC_COUNTRY_TIME_SINGLE_TOPIC,ZA3777,EVS - European Values Study 1999 - Great Britain,Can you find GESIS datasets about Social behaviour and attitudes in United Kingdom during the 1990s?,"[""Social behaviour and attitudes""]","[""United Kingdom""]","[""1999"", ""1999""]",ZA3777,EVS - European Values Study 1999 - Great Britain,,"[""United Kingdom""]",
223,V2_TOPIC_COUNTRY_TIME_SINGLE_TOPIC,ZA3777,EVS - European Values Study 1999 - Great Britain,Can you find GESIS datasets about Political behaviour and attitudes in United Kingdom during the 1990s?,"[""Political behaviour and attitudes""]","[""United Kingdom""]","[""1999"", ""1999""]",ZA3777,EVS - European Values Study 1999 - Great Britain,,"[""United Kingdom""]",
224,V2_TOPIC_COUNTRY_TIME_SINGLE_TOPIC,ZA3777,EVS - European Values Study 1999 - Great Britain,"Can you find GESIS datasets about Government, political systems and organisations in United Kingdom during the 1990s?","[""Government, political systems and organisations""]","[""United Kingdom""]","[""1999"", ""1999""]",ZA3777,EVS - European Values Study 1999 - Great Britain,,"[""United Kingdom""]",
225,V2_TOPIC_COUNTRY_TIME_SINGLE_TOPIC,ZA3777,EVS - European Values Study 1999 - Great Britain,Can you find GESIS datasets about SOCIAL STRATIFICATION AND GROUPINGS in United Kingdom during the 1990s?,"[""SOCIAL STRATIFICATION AND GROUPINGS""]","[""United Kingdom""]","[""1999"", ""1999""]",ZA3777,EVS - European Values Study 1999 - Great Britain,,"[""United Kingdom""]",
226,V2_TOPIC_COUNTRY_TIME_SINGLE_TOPIC,ZA3777,EVS - European Values Study 1999 - Great Britain,Can you find GESIS datasets about Family life and marriage in United Kingdom during the 1990s?,"[""Family life and marriage""]","[""United Kingdom""]","[""1999"", ""1999""]",ZA3777,EVS - European Values Study 1999 - Great Britain,,"[""United Kingdom""]",
227,V2_TOPIC_COUNTRY_TIME_SINGLE_TOPIC,ZA3777,EVS - European Values Study 1999 - Great Britain,Can you find GESIS datasets about Economic systems and development in United Kingdom during the 1990s?,"[""Economic systems and development""]","[""United Kingdom""]","[""1999"", ""1999""]",ZA3777,EVS - European Values Study 1999 - Great Britain,,"[""United Kingdom""]",
228,V2_TOPIC_COUNTRY_TIME_SINGLE_TOPIC,ZA1439,Young People and Adults '85 (Adult),Can you find GESIS datasets about Social conditions and indicators in Germany during the 1980s?,"[""Social conditions and indicators""]","[""Germany""]","[""1984"", ""1984""]",ZA1439,Young People and Adults '85 (Adult),,"[""Germany""]",
229,V2_TOPIC_COUNTRY_TIME_SINGLE_TOPIC,ZA1439,Young People and Adults '85 (Adult),Can you find GESIS datasets about Youth in Germany during the 1980s?,"[""Youth""]","[""Germany""]","[""1984"", ""1984""]",ZA1439,Young People and Adults '85 (Adult),,"[""Germany""]",
230,V2_TOPIC_COUNTRY_TIME_SINGLE_TOPIC,ZA4809,Flash Eurobarometer 223 (Euro Introduction in Malta),Can you find GESIS datasets about Economic systems and development in Malta during the 2000s?,"[""Economic systems and development""]","[""Malta""]","[""2008"", ""2008""]",ZA4809,Flash Eurobarometer 223 (Euro Introduction in Malta),,"[""Malta""]",
231,V2_TOPIC_COUNTRY_TIME_SINGLE_TOPIC,ZA8007,Representatives in the Reichstag in the Weimar Republic 1919-1933,Can you find GESIS datasets about HISTORY in German Reich (1871-1945) during the 1910s and 1920s and 1930s?,"[""HISTORY""]","[""German Reich (1871-1945)""]","[""1919"", ""1933""]",ZA8007,Representatives in the Reichstag in the Weimar Republic 1919-1933,,,
232,V2_TOPIC_COUNTRY_TIME_SINGLE_TOPIC,ZA2937,Eurobarometer 47.2 (Apr-Jun 1997),"Can you find GESIS datasets about Social behaviour and attitudes in Belgium, Denmark, Germany, Greece, Spain, France, Ireland, Italy, Luxembourg, Netherlands, Portugal, Great Britain, Northern Ireland, Austria, Sweden, and Finland during the 1990s?","[""Social behaviour and attitudes""]","[""Belgium"", ""Denmark"", ""Germany"", ""Greece"", ""Spain"", ""France"", ""Ireland"", ""Italy"", ""Luxembourg"", ""Netherlands"", ""Portugal"", ""Great Britain"", ""Northern Ireland"", ""Austria"", ""Sweden"", ""Finland""]","[""1997"", ""1997""]",ZA2937,Eurobarometer 47.2 (Apr-Jun 1997),,"[""Belgium"", ""Denmark"", ""Germany"", ""Greece"", ""Spain"", ""France"", ""Ireland"", ""Italy"", ""Luxembourg"", ""Netherlands"", ""Portugal"", ""Austria"", ""Sweden"", ""Finland""]",
233,V2_TOPIC_COUNTRY_TIME_SINGLE_TOPIC,ZA2937,Eurobarometer 47.2 (Apr-Jun 1997),"Can you find GESIS datasets about Medication and treatment in Belgium, Denmark, Germany, Greece, Spain, France, Ireland, Italy, Luxembourg, Netherlands, Portugal, Great Britain, Northern Ireland, Austria, Sweden, and Finland during the 1990s?","[""Medication and treatment""]","[""Belgium"", ""Denmark"", ""Germany"", ""Greece"", ""Spain"", ""France"", ""Ireland"", ""Italy"", ""Luxembourg"", ""Netherlands"", ""Portugal"", ""Great Britain"", ""Northern Ireland"", ""Austria"", ""Sweden"", ""Finland""]","[""1997"", ""1997""]",ZA2937,Eurobarometer 47.2 (Apr-Jun 1997),,"[""Belgium"", ""Denmark"", ""Germany"", ""Greece"", ""Spain"", ""France"", ""Ireland"", ""Italy"", ""Luxembourg"", ""Netherlands"", ""Portugal"", ""Austria"", ""Sweden"", ""Finland""]",
234,V2_TOPIC_COUNTRY_TIME_SINGLE_TOPIC,ZA2937,Eurobarometer 47.2 (Apr-Jun 1997),"Can you find GESIS datasets about Specific diseases, disorders and medical conditions in Belgium, Denmark, Germany, Greece, Spain, France, Ireland, Italy, Luxembourg, Netherlands, Portugal, Great Britain, Northern Ireland, Austria, Sweden, and Finland during the 1990s?","[""Specific diseases, disorders and medical conditions""]","[""Belgium"", ""Denmark"", ""Germany"", ""Greece"", ""Spain"", ""France"", ""Ireland"", ""Italy"", ""Luxembourg"", ""Netherlands"", ""Portugal"", ""Great Britain"", ""Northern Ireland"", ""Austria"", ""Sweden"", ""Finland""]","[""1997"", ""1997""]",ZA2937,Eurobarometer 47.2 (Apr-Jun 1997),,"[""Belgium"", ""Denmark"", ""Germany"", ""Greece"", ""Spain"", ""France"", ""Ireland"", ""Italy"", ""Luxembourg"", ""Netherlands"", ""Portugal"", ""Austria"", ""Sweden"", ""Finland""]",
235,V2_TOPIC_COUNTRY_TIME_SINGLE_TOPIC,ZA2937,Eurobarometer 47.2 (Apr-Jun 1997),"Can you find GESIS datasets about Language and linguistics in Belgium, Denmark, Germany, Greece, Spain, France, Ireland, Italy, Luxembourg, Netherlands, Portugal, Great Britain, Northern Ireland, Austria, Sweden, and Finland during the 1990s?","[""Language and linguistics""]","[""Belgium"", ""Denmark"", ""Germany"", ""Greece"", ""Spain"", ""France"", ""Ireland"", ""Italy"", ""Luxembourg"", ""Netherlands"", ""Portugal"", ""Great Britain"", ""Northern Ireland"", ""Austria"", ""Sweden"", ""Finland""]","[""1997"", ""1997""]",ZA2937,Eurobarometer 47.2 (Apr-Jun 1997),,"[""Belgium"", ""Denmark"", ""Germany"", ""Greece"", ""Spain"", ""France"", ""Ireland"", ""Italy"", ""Luxembourg"", ""Netherlands"", ""Portugal"", ""Austria"", ""Sweden"", ""Finland""]",
236,V2_TOPIC_COUNTRY_TIME_SINGLE_TOPIC,ZA2937,Eurobarometer 47.2 (Apr-Jun 1997),"Can you find GESIS datasets about International politics and organisations in Belgium, Denmark, Germany, Greece, Spain, France, Ireland, Italy, Luxembourg, Netherlands, Portugal, Great Britain, Northern Ireland, Austria, Sweden, and Finland during the 1990s?","[""International politics and organisations""]","[""Belgium"", ""Denmark"", ""Germany"", ""Greece"", ""Spain"", ""France"", ""Ireland"", ""Italy"", ""Luxembourg"", ""Netherlands"", ""Portugal"", ""Great Britain"", ""Northern Ireland"", ""Austria"", ""Sweden"", ""Finland""]","[""1997"", ""1997""]",ZA2937,Eurobarometer 47.2 (Apr-Jun 1997),,"[""Belgium"", ""Denmark"", ""Germany"", ""Greece"", ""Spain"", ""France"", ""Ireland"", ""Italy"", ""Luxembourg"", ""Netherlands"", ""Portugal"", ""Austria"", ""Sweden"", ""Finland""]",
237,V2_TOPIC_COUNTRY_TIME_SINGLE_TOPIC,ZA2937,Eurobarometer 47.2 (Apr-Jun 1997),"Can you find GESIS datasets about Political behaviour and attitudes in Belgium, Denmark, Germany, Greece, Spain, France, Ireland, Italy, Luxembourg, Netherlands, Portugal, Great Britain, Northern Ireland, Austria, Sweden, and Finland during the 1990s?","[""Political behaviour and attitudes""]","[""Belgium"", ""Denmark"", ""Germany"", ""Greece"", ""Spain"", ""France"", ""Ireland"", ""Italy"", ""Luxembourg"", ""Netherlands"", ""Portugal"", ""Great Britain"", ""Northern Ireland"", ""Austria"", ""Sweden"", ""Finland""]","[""1997"", ""1997""]",ZA2937,Eurobarometer 47.2 (Apr-Jun 1997),,"[""Belgium"", ""Denmark"", ""Germany"", ""Greece"", ""Spain"", ""France"", ""Ireland"", ""Italy"", ""Luxembourg"", ""Netherlands"", ""Portugal"", ""Austria"", ""Sweden"", ""Finland""]",
238,V2_TOPIC_COUNTRY_TIME_SINGLE_TOPIC,ZA0418,Shoemakers,Can you find GESIS datasets about Employment in North Rhine-Westphalia during the 1960s?,"[""Employment""]","[""North Rhine-Westphalia""]","[""1962"", ""1962""]",ZA0418,Shoemakers,,,
239,V2_TOPIC_COUNTRY_TIME_SINGLE_TOPIC,ZA0418,Shoemakers,"Can you find GESIS datasets about TRADE, INDUSTRY AND MARKETS in North Rhine-Westphalia during the 1960s?","[""TRADE, INDUSTRY AND MARKETS""]","[""North Rhine-Westphalia""]","[""1962"", ""1962""]",ZA0418,Shoemakers,,,
240,V2_TOPIC_COUNTRY_TIME_SINGLE_TOPIC,ZA7711,"GLES Tracking October 2022, T53",Can you find GESIS datasets about Elections in Germany during the 2020s?,"[""Elections""]","[""Germany""]","[""2022"", ""2022""]",ZA7711,"GLES Tracking October 2022, T53",,"[""Germany""]",
241,V2_TOPIC_COUNTRY_TIME_SINGLE_TOPIC,ZA5533,Prevention Survey Rhineland-Palatinate (2006 and 2010),Can you find GESIS datasets about Medication and treatment in Rhineland-Palatinate during the 2000s and 2010s?,"[""Medication and treatment""]","[""Rhineland-Palatinate""]","[""2006"", ""2010""]",ZA5533,Prevention Survey Rhineland-Palatinate (2006 and 2010),,,
242,V2_TOPIC_COUNTRY_TIME_SINGLE_TOPIC,ZA5533,Prevention Survey Rhineland-Palatinate (2006 and 2010),"Can you find GESIS datasets about Specific diseases, disorders and medical conditions in Rhineland-Palatinate during the 2000s and 2010s?","[""Specific diseases, disorders and medical conditions""]","[""Rhineland-Palatinate""]","[""2006"", ""2010""]",ZA5533,Prevention Survey Rhineland-Palatinate (2006 and 2010),,,
243,V2_TOPIC_COUNTRY_TIME_SINGLE_TOPIC,ZA6151,Interval Study: Development Factors and Development Forms of  Young People in the GDR (1968-1980) IS I - 1970 (3rd Wave),Can you find GESIS datasets about Employment in German Democratic Republic (1949-1990) during the 1970s?,"[""Employment""]","[""German Democratic Republic (1949-1990)""]","[""1970"", ""1970""]",ZA6151,Interval Study: Development Factors and Development Forms of  Young People in the GDR (1968-1980) IS I - 1970 (3rd Wave),,,
244,V2_TOPIC_COUNTRY_TIME_SINGLE_TOPIC,ZA6151,Interval Study: Development Factors and Development Forms of  Young People in the GDR (1968-1980) IS I - 1970 (3rd Wave),Can you find GESIS datasets about Cultural activities and participation in German Democratic Republic (1949-1990) during the 1970s?,"[""Cultural activities and participation""]","[""German Democratic Republic (1949-1990)""]","[""1970"", ""1970""]",ZA6151,Interval Study: Development Factors and Development Forms of  Young People in the GDR (1968-1980) IS I - 1970 (3rd Wave),,,
245,V2_TOPIC_COUNTRY_TIME_SINGLE_TOPIC,ZA6151,Interval Study: Development Factors and Development Forms of  Young People in the GDR (1968-1980) IS I - 1970 (3rd Wave),"Can you find GESIS datasets about Specific diseases, disorders and medical conditions in German Democratic Republic (1949-1990) during the 1970s?","[""Specific diseases, disorders and medical conditions""]","[""German Democratic Republic (1949-1990)""]","[""1970"", ""1970""]",ZA6151,Interval Study: Development Factors and Development Forms of  Young People in the GDR (1968-1980) IS I - 1970 (3rd Wave),,,
246,V2_TOPIC_COUNTRY_TIME_SINGLE_TOPIC,ZA6151,Interval Study: Development Factors and Development Forms of  Young People in the GDR (1968-1980) IS I - 1970 (3rd Wave),Can you find GESIS datasets about Media in German Democratic Republic (1949-1990) during the 1970s?,"[""Media""]","[""German Democratic Republic (1949-1990)""]","[""1970"", ""1970""]",ZA6151,Interval Study: Development Factors and Development Forms of  Young People in the GDR (1968-1980) IS I - 1970 (3rd Wave),,,
247,V2_TOPIC_COUNTRY_TIME_SINGLE_TOPIC,ZA6151,Interval Study: Development Factors and Development Forms of  Young People in the GDR (1968-1980) IS I - 1970 (3rd Wave),Can you find GESIS datasets about Political behaviour and attitudes in German Democratic Republic (1949-1990) during the 1970s?,"[""Political behaviour and attitudes""]","[""German Democratic Republic (1949-1990)""]","[""1970"", ""1970""]",ZA6151,Interval Study: Development Factors and Development Forms of  Young People in the GDR (1968-1980) IS I - 1970 (3rd Wave),,,
248,V2_TOPIC_COUNTRY_TIME_SINGLE_TOPIC,ZA6151,Interval Study: Development Factors and Development Forms of  Young People in the GDR (1968-1980) IS I - 1970 (3rd Wave),"Can you find GESIS datasets about Government, political systems and organisations in German Democratic Republic (1949-1990) during the 1970s?","[""Government, political systems and organisations""]","[""German Democratic Republic (1949-1990)""]","[""1970"", ""1970""]",ZA6151,Interval Study: Development Factors and Development Forms of  Young People in the GDR (1968-1980) IS I - 1970 (3rd Wave),,,
249,V2_TOPIC_COUNTRY_TIME_SINGLE_TOPIC,ZA6151,Interval Study: Development Factors and Development Forms of  Young People in the GDR (1968-1980) IS I - 1970 (3rd Wave),Can you find GESIS datasets about Family life and marriage in German Democratic Republic (1949-1990) during the 1970s?,"[""Family life and marriage""]","[""German Democratic Republic (1949-1990)""]","[""1970"", ""1970""]",ZA6151,Interval Study: Development Factors and Development Forms of  Young People in the GDR (1968-1980) IS I - 1970 (3rd Wave),,,
250,V2_TOPIC_COUNTRY_TIME_SINGLE_TOPIC,ZA6151,Interval Study: Development Factors and Development Forms of  Young People in the GDR (1968-1980) IS I - 1970 (3rd Wave),Can you find GESIS datasets about Youth in German Democratic Republic (1949-1990) during the 1970s?,"[""Youth""]","[""German Democratic Republic (1949-1990)""]","[""1970"", ""1970""]",ZA6151,Interval Study: Development Factors and Development Forms of  Young People in the GDR (1968-1980) IS I - 1970 (3rd Wave),,,
